-- mysqldump-php https://github.com/ifsnop/mysqldump-php
--
-- Host: 45.84.204.1	Database: u346577485_skypark
-- ------------------------------------------------------
-- Server version 	5.5.5-10.5.12-MariaDB-cll-lve
-- Date: Mon, 20 Jun 2022 17:43:29 +0200

/*!40101 SET @OLD_CHARACTER_SET_CLIENT=@@CHARACTER_SET_CLIENT */;
/*!40101 SET @OLD_CHARACTER_SET_RESULTS=@@CHARACTER_SET_RESULTS */;
/*!40101 SET @OLD_COLLATION_CONNECTION=@@COLLATION_CONNECTION */;
/*!40101 SET NAMES utf8 */;
/*!40103 SET @OLD_TIME_ZONE=@@TIME_ZONE */;
/*!40103 SET TIME_ZONE='+00:00' */;
/*!40014 SET @OLD_UNIQUE_CHECKS=@@UNIQUE_CHECKS, UNIQUE_CHECKS=0 */;
/*!40014 SET @OLD_FOREIGN_KEY_CHECKS=@@FOREIGN_KEY_CHECKS, FOREIGN_KEY_CHECKS=0 */;
/*!40101 SET @OLD_SQL_MODE=@@SQL_MODE, SQL_MODE='NO_AUTO_VALUE_ON_ZERO' */;
/*!40111 SET @OLD_SQL_NOTES=@@SQL_NOTES, SQL_NOTES=0 */;

--
-- Table structure for table `products`
--

/*!40101 SET @saved_cs_client     = @@character_set_client */;
/*!40101 SET character_set_client = utf8 */;
CREATE TABLE `products` (
  `id` bigint(20) unsigned NOT NULL AUTO_INCREMENT,
  `title` varchar(500) COLLATE utf8mb4_unicode_ci DEFAULT NULL,
  `category_id` bigint(20) unsigned DEFAULT NULL,
  `status` enum('0','1') COLLATE utf8mb4_unicode_ci DEFAULT '1',
  `vat` int(3) NOT NULL DEFAULT 0,
  `price_before_vat` double DEFAULT NULL,
  `price` double DEFAULT 0,
  `created_at` timestamp NULL DEFAULT NULL,
  `updated_at` timestamp NULL DEFAULT NULL,
  PRIMARY KEY (`id`),
  KEY `products_category_id_foreign` (`category_id`),
  CONSTRAINT `products_category_id_foreign` FOREIGN KEY (`category_id`) REFERENCES `categories` (`id`) ON DELETE CASCADE
) ENGINE=InnoDB AUTO_INCREMENT=20 DEFAULT CHARSET=utf8mb4 COLLATE=utf8mb4_unicode_ci;
/*!40101 SET character_set_client = @saved_cs_client */;

--
-- Dumping data for table `products`
--

LOCK TABLES `products` WRITE;
/*!40000 ALTER TABLE `products` DISABLE KEYS */;
SET autocommit=0;
INSERT INTO `products` VALUES (14,'ice cream ch',3,'1',5,23.81,25,'2022-04-27 07:43:38','2022-04-27 07:47:51'),(15,'Ice Cream Va',3,'1',10,27.27,30,'2022-04-27 07:44:06','2022-04-27 07:47:35'),(16,'Rice meal',1,'1',10,31.82,35,'2022-04-28 04:49:25','2022-04-28 04:49:25'),(17,'instructor',7,'1',0,15,15,'2022-04-28 04:50:22','2022-04-28 04:50:22'),(18,'gloves',2,'1',0,20,20,'2022-05-01 06:29:42','2022-05-01 06:30:42'),(19,'test pro',3,'1',14,43.86,50,'2022-05-16 15:42:58','2022-05-16 15:42:58');
/*!40000 ALTER TABLE `products` ENABLE KEYS */;
UNLOCK TABLES;
COMMIT;

-- Dumped table `products` with 6 row(s)
--

--
-- Table structure for table `ticket_rev_products`
--

/*!40101 SET @saved_cs_client     = @@character_set_client */;
/*!40101 SET character_set_client = utf8 */;
CREATE TABLE `ticket_rev_products` (
  `id` bigint(20) unsigned NOT NULL AUTO_INCREMENT,
  `rev_id` bigint(20) unsigned DEFAULT NULL,
  `ticket_id` bigint(20) unsigned DEFAULT NULL,
  `category_id` bigint(20) unsigned DEFAULT NULL,
  `product_id` bigint(20) unsigned DEFAULT NULL,
  `qty` double DEFAULT 0,
  `price` double DEFAULT 0,
  `total_price` double DEFAULT 0,
  `created_at` timestamp NULL DEFAULT NULL,
  `updated_at` timestamp NULL DEFAULT NULL,
  PRIMARY KEY (`id`),
  KEY `ticket_rev_products_rev_id_foreign` (`rev_id`),
  KEY `ticket_rev_products_ticket_id_foreign` (`ticket_id`),
  KEY `ticket_rev_products_category_id_foreign` (`category_id`),
  KEY `ticket_rev_products_product_id_foreign` (`product_id`),
  CONSTRAINT `ticket_rev_products_category_id_foreign` FOREIGN KEY (`category_id`) REFERENCES `categories` (`id`) ON DELETE CASCADE,
  CONSTRAINT `ticket_rev_products_product_id_foreign` FOREIGN KEY (`product_id`) REFERENCES `products` (`id`) ON DELETE CASCADE,
  CONSTRAINT `ticket_rev_products_rev_id_foreign` FOREIGN KEY (`rev_id`) REFERENCES `reservations` (`id`) ON DELETE CASCADE,
  CONSTRAINT `ticket_rev_products_ticket_id_foreign` FOREIGN KEY (`ticket_id`) REFERENCES `tickets` (`id`) ON DELETE CASCADE
) ENGINE=InnoDB AUTO_INCREMENT=252 DEFAULT CHARSET=utf8mb4 COLLATE=utf8mb4_unicode_ci;
/*!40101 SET character_set_client = @saved_cs_client */;

--
-- Dumping data for table `ticket_rev_products`
--

LOCK TABLES `ticket_rev_products` WRITE;
/*!40000 ALTER TABLE `ticket_rev_products` DISABLE KEYS */;
SET autocommit=0;
INSERT INTO `ticket_rev_products` VALUES (177,NULL,100,7,17,3,15,45,'2022-04-28 07:41:48','2022-04-28 07:41:48'),(178,NULL,103,1,16,2,35,70,'2022-04-28 07:48:07','2022-04-28 07:48:07'),(179,NULL,103,7,17,1,15,15,'2022-04-28 07:48:07','2022-04-28 07:48:07'),(180,NULL,104,7,17,1,15,15,'2022-04-28 07:57:31','2022-04-28 07:57:31'),(181,NULL,105,7,17,1,15,15,'2022-04-28 08:08:50','2022-04-28 08:08:50'),(182,NULL,106,1,16,2,35,70,'2022-04-28 08:15:10','2022-04-28 08:15:10'),(183,NULL,106,3,14,2,25,50,'2022-04-28 08:15:11','2022-04-28 08:15:11'),(184,144,NULL,7,17,1,15,15,'2022-04-28 08:29:39','2022-04-28 08:29:39'),(187,NULL,99,1,16,1,35,35,'2022-04-28 10:18:57','2022-04-28 10:18:57'),(188,NULL,99,7,17,1,15,15,'2022-04-28 10:18:57','2022-04-28 10:18:57'),(189,NULL,107,1,16,1,35,35,'2022-04-28 10:51:25','2022-04-28 10:51:25'),(190,NULL,108,1,16,1,35,35,'2022-04-28 11:27:45','2022-04-28 11:27:45'),(195,145,NULL,1,16,1,35,35,'2022-04-29 14:29:06','2022-04-29 14:29:06'),(196,145,NULL,3,15,1,30,30,'2022-04-29 14:29:07','2022-04-29 14:29:07'),(197,145,NULL,3,14,1,25,25,'2022-04-29 14:29:07','2022-04-29 14:29:07'),(198,NULL,110,2,18,2,20,40,'2022-05-01 06:34:40','2022-05-01 06:34:40'),(199,146,NULL,1,16,1,35,35,'2022-05-01 06:39:16','2022-05-01 06:39:16'),(200,NULL,112,1,16,1,35,35,'2022-05-01 07:06:54','2022-05-01 07:06:54'),(201,147,NULL,1,16,5,35,175,'2022-05-01 07:10:15','2022-05-01 07:10:15'),(202,147,NULL,7,17,3,15,45,'2022-05-01 07:10:15','2022-05-01 07:10:15'),(203,147,NULL,3,14,2,25,50,'2022-05-01 07:10:15','2022-05-01 07:10:15'),(204,149,NULL,1,16,1,35,35,'2022-05-05 08:51:44','2022-05-05 08:51:44'),(205,149,NULL,3,14,1,25,25,'2022-05-05 08:51:44','2022-05-05 08:51:44'),(206,NULL,114,2,18,1,20,20,'2022-05-05 09:12:59','2022-05-05 09:12:59'),(207,NULL,116,7,17,1,15,15,'2022-05-05 09:34:24','2022-05-05 09:34:24'),(208,151,NULL,3,14,1,25,25,'2022-05-05 11:48:14','2022-05-05 11:48:14'),(209,152,NULL,1,16,1,35,35,'2022-05-05 14:07:48','2022-05-05 14:07:48'),(210,153,NULL,7,17,1,15,15,'2022-05-05 14:50:56','2022-05-05 14:50:56'),(211,NULL,117,7,17,1,15,15,'2022-05-08 08:57:30','2022-05-08 08:57:30'),(212,NULL,118,3,14,1,25,25,'2022-05-08 09:28:12','2022-05-08 09:28:12'),(213,NULL,119,1,16,1,35,35,'2022-05-08 09:32:52','2022-05-08 09:32:52'),(214,160,NULL,3,14,1,25,25,'2022-05-08 10:00:10','2022-05-08 10:00:10'),(215,161,NULL,7,17,1,15,15,'2022-05-08 10:24:06','2022-05-08 10:24:06'),(216,NULL,120,3,14,1,25,25,'2022-05-12 13:30:43','2022-05-12 13:30:43'),(217,NULL,121,7,17,1,15,15,'2022-05-16 15:35:45','2022-05-16 15:35:45'),(218,NULL,122,3,19,1,50,50,'2022-05-16 15:47:03','2022-05-16 15:47:03'),(219,NULL,122,7,17,1,15,15,'2022-05-16 15:47:03','2022-05-16 15:47:03'),(220,NULL,123,1,16,1,35,35,'2022-05-16 16:10:59','2022-05-16 16:10:59'),(221,NULL,125,3,14,2,25,50,'2022-05-17 13:02:46','2022-05-17 13:02:46'),(222,NULL,126,1,16,2,35,70,'2022-05-18 16:51:19','2022-05-18 16:51:19'),(223,NULL,126,3,15,3,30,90,'2022-05-18 16:51:19','2022-05-18 16:51:19'),(224,NULL,126,2,18,1,20,20,'2022-05-18 16:51:19','2022-05-18 16:51:19'),(225,NULL,127,1,16,1,35,35,'2022-05-19 09:38:58','2022-05-19 09:38:58'),(226,NULL,128,1,16,2,35,70,'2022-05-21 13:44:28','2022-05-21 13:44:28'),(228,167,NULL,1,16,10,35,350,'2022-05-21 14:16:33','2022-05-21 14:16:33'),(230,168,NULL,7,17,1,15,15,'2022-05-25 10:11:27','2022-05-25 10:11:27'),(231,171,NULL,1,16,1,35,35,'2022-05-29 11:59:42','2022-05-29 11:59:42'),(232,NULL,131,1,16,1,35,35,'2022-05-29 12:00:35','2022-05-29 12:00:35'),(233,NULL,133,3,15,1,30,30,'2022-06-06 15:47:51','2022-06-06 15:47:51'),(234,NULL,141,2,18,1,20,20,'2022-06-08 19:58:10','2022-06-08 19:58:10'),(236,NULL,142,7,17,1,15,15,'2022-06-08 20:06:56','2022-06-08 20:06:56'),(237,NULL,143,2,18,1,20,20,'2022-06-12 16:58:01','2022-06-12 16:58:01'),(238,NULL,144,7,17,1,15,15,'2022-06-12 17:00:24','2022-06-12 17:00:24'),(239,NULL,145,2,18,1,20,20,'2022-06-12 17:03:37','2022-06-12 17:03:37'),(240,NULL,147,2,18,1,20,20,'2022-06-13 10:53:53','2022-06-13 10:53:53'),(241,NULL,148,3,14,1,25,25,'2022-06-13 11:01:58','2022-06-13 11:01:58'),(242,NULL,149,1,16,1,35,35,'2022-06-13 16:25:21','2022-06-13 16:25:21'),(243,178,NULL,1,16,1,35,35,'2022-06-14 11:31:55','2022-06-14 11:31:55'),(244,NULL,151,1,16,1,35,35,'2022-06-14 11:40:42','2022-06-14 11:40:42'),(245,NULL,152,7,17,1,15,15,'2022-06-15 17:23:29','2022-06-15 17:23:29'),(246,NULL,153,1,16,1,35,35,'2022-06-16 10:40:17','2022-06-16 10:40:17'),(247,NULL,155,1,16,1,35,35,'2022-06-20 16:07:00','2022-06-20 16:07:00'),(248,NULL,162,1,16,1,35,NULL,'2022-06-20 17:19:49','2022-06-20 17:19:49'),(249,NULL,163,1,16,1,35,35,'2022-06-20 17:23:41','2022-06-20 17:23:41'),(250,179,NULL,2,18,1,20,20,'2022-06-20 17:31:00','2022-06-20 17:31:00'),(251,180,NULL,7,17,1,15,15,'2022-06-20 17:43:29','2022-06-20 17:43:29');
/*!40000 ALTER TABLE `ticket_rev_products` ENABLE KEYS */;
UNLOCK TABLES;
COMMIT;

-- Dumped table `ticket_rev_products` with 66 row(s)
--

--
-- Table structure for table `bracelets`
--

/*!40101 SET @saved_cs_client     = @@character_set_client */;
/*!40101 SET character_set_client = utf8 */;
CREATE TABLE `bracelets` (
  `id` bigint(20) unsigned NOT NULL AUTO_INCREMENT,
  `title` varchar(255) COLLATE utf8mb4_unicode_ci NOT NULL,
  `status` enum('0','1') COLLATE utf8mb4_unicode_ci NOT NULL DEFAULT '1',
  `created_at` timestamp NULL DEFAULT NULL,
  `updated_at` timestamp NULL DEFAULT NULL,
  PRIMARY KEY (`id`)
) ENGINE=InnoDB AUTO_INCREMENT=12 DEFAULT CHARSET=utf8mb4 COLLATE=utf8mb4_unicode_ci;
/*!40101 SET character_set_client = @saved_cs_client */;

--
-- Dumping data for table `bracelets`
--

LOCK TABLES `bracelets` WRITE;
/*!40000 ALTER TABLE `bracelets` DISABLE KEYS */;
SET autocommit=0;
INSERT INTO `bracelets` VALUES (1,'A01','',NULL,'2022-06-14 12:14:55'),(2,'B02','',NULL,'2022-06-13 16:34:13'),(3,'B03','0',NULL,'2022-03-20 06:33:08'),(4,'R01','',NULL,'2022-05-01 06:59:11'),(5,'R02','0',NULL,'2022-03-21 08:51:27'),(6,'R03','0',NULL,'2022-03-21 08:51:22'),(7,'A09','1','2022-02-23 09:19:09','2022-03-06 10:41:49'),(11,'R04','1',NULL,'2022-03-19 10:47:33');
/*!40000 ALTER TABLE `bracelets` ENABLE KEYS */;
UNLOCK TABLES;
COMMIT;

-- Dumped table `bracelets` with 8 row(s)
--

--
-- Table structure for table `password_resets`
--

/*!40101 SET @saved_cs_client     = @@character_set_client */;
/*!40101 SET character_set_client = utf8 */;
CREATE TABLE `password_resets` (
  `email` varchar(255) COLLATE utf8mb4_unicode_ci NOT NULL,
  `token` varchar(255) COLLATE utf8mb4_unicode_ci NOT NULL,
  `created_at` timestamp NULL DEFAULT NULL,
  KEY `password_resets_email_index` (`email`)
) ENGINE=InnoDB DEFAULT CHARSET=utf8mb4 COLLATE=utf8mb4_unicode_ci;
/*!40101 SET character_set_client = @saved_cs_client */;

--
-- Dumping data for table `password_resets`
--

LOCK TABLES `password_resets` WRITE;
/*!40000 ALTER TABLE `password_resets` DISABLE KEYS */;
SET autocommit=0;
/*!40000 ALTER TABLE `password_resets` ENABLE KEYS */;
UNLOCK TABLES;
COMMIT;

-- Dumped table `password_resets` with 0 row(s)
--

--
-- Table structure for table `migrations`
--

/*!40101 SET @saved_cs_client     = @@character_set_client */;
/*!40101 SET character_set_client = utf8 */;
CREATE TABLE `migrations` (
  `id` int(10) unsigned NOT NULL AUTO_INCREMENT,
  `migration` varchar(255) COLLATE utf8mb4_unicode_ci NOT NULL,
  `batch` int(11) NOT NULL,
  PRIMARY KEY (`id`)
) ENGINE=InnoDB AUTO_INCREMENT=36 DEFAULT CHARSET=utf8mb4 COLLATE=utf8mb4_unicode_ci;
/*!40101 SET character_set_client = @saved_cs_client */;

--
-- Dumping data for table `migrations`
--

LOCK TABLES `migrations` WRITE;
/*!40000 ALTER TABLE `migrations` DISABLE KEYS */;
SET autocommit=0;
INSERT INTO `migrations` VALUES (1,'2014_10_12_000000_create_users_table',1),(2,'2014_10_12_100000_create_password_resets_table',1),(3,'2019_08_19_000000_create_failed_jobs_table',1),(4,'2022_02_08_002355_create_events_table',1),(5,'2022_02_08_002355_create_governorates_table',1),(6,'2022_02_08_002438_create_cities_table',1),(7,'2022_02_08_003500_create_references_table',1),(8,'2022_02_08_092008_create_clients_table',1),(9,'2022_02_08_092027_create_shifts_table',1),(10,'2022_02_08_092047_create_visitor_types_table',1),(11,'2022_02_08_092048_create_shift_details_table',1),(13,'2022_02_08_092146_create_capacity_days_table',1),(14,'2022_02_08_092501_create_categories_table',1),(15,'2022_02_08_092518_create_products_table',1),(16,'2022_02_08_092549_create_reservations_table',1),(17,'2022_02_08_092549_create_tickets_table',1),(18,'2022_02_08_092627_create_ticket_rev_models_table',1),(19,'2022_02_08_092703_create_ticket_rev_products_table',1),(20,'2022_02_08_092807_create_payments_table',1),(21,'2022_02_12_144804_create_reservations_birth_day_infos_table',2),(22,'2022_02_19_105744_create_bracelets_table',3),(23,'2022_02_21_124447_create_admins_table',4),(24,'2022_02_26_081727_create_sliders_table',5),(26,'2022_02_26_100016_create_about_us_table',6),(28,'2022_02_08_092110_create_general_settings_table',8),(29,'2022_02_28_110557_create_activities_table',9),(30,'2022_02_28_115540_create_offers_table',10),(31,'2022_02_28_115630_create_offer_items_table',11),(32,'2022_02_26_123254_create_contact_us_table',12),(33,'2022_04_02_125137_create_permission_tables',13),(34,'2022_04_24_101946_create_discount_reasons_table',14),(35,'2022_04_24_103645_create_discount_reasons_table',15);
/*!40000 ALTER TABLE `migrations` ENABLE KEYS */;
UNLOCK TABLES;
COMMIT;

-- Dumped table `migrations` with 32 row(s)
--

--
-- Table structure for table `activities`
--

/*!40101 SET @saved_cs_client     = @@character_set_client */;
/*!40101 SET character_set_client = utf8 */;
CREATE TABLE `activities` (
  `id` bigint(20) unsigned NOT NULL AUTO_INCREMENT,
  `title` varchar(255) COLLATE utf8mb4_unicode_ci DEFAULT NULL,
  `sub_title` varchar(255) COLLATE utf8mb4_unicode_ci DEFAULT NULL,
  `photo` varchar(255) COLLATE utf8mb4_unicode_ci DEFAULT NULL,
  `desc` text COLLATE utf8mb4_unicode_ci DEFAULT NULL,
  `created_at` timestamp NULL DEFAULT NULL,
  `updated_at` timestamp NULL DEFAULT NULL,
  PRIMARY KEY (`id`)
) ENGINE=InnoDB AUTO_INCREMENT=6 DEFAULT CHARSET=utf8mb4 COLLATE=utf8mb4_unicode_ci;
/*!40101 SET character_set_client = @saved_cs_client */;

--
-- Dumping data for table `activities`
--

LOCK TABLES `activities` WRITE;
/*!40000 ALTER TABLE `activities` DISABLE KEYS */;
SET autocommit=0;
INSERT INTO `activities` VALUES (2,NULL,'EXPERT ?','assets/uploads/activities/46181646040595.jpg','Are you brave enough to walk on some wooden logs supported with nothing but a pair of ropes, or hang on a climbing wall at a height of around 30 meters? One thing is certain to be said, this course is not for the faint-hearted, but once you get it over with, nothing more can stand in your way.','2022-03-28 09:23:18','2022-02-28 09:29:55'),(3,'OR JUST','SKILLED ?','assets/uploads/activities/29401646040675.jpg','This course is designed to put your physical and mental skills up to the test. A challenge that would make your mind erupt with joy and your heart with pleasure. Your knees might be shaking but a smile is certain to stay put on your face.','2022-03-27 09:23:18','2022-02-28 09:31:15'),(4,'MAYBE YOU\'RE A','NOVICE ?','assets/uploads/activities/36491646040722.jpg','If you are still a newbie when it comes to climbing and hanging on ropes, or if you just need a warmup prior to going rough. the orange course is your best choice. Here, you can test your skills before going wild on a tougher and higher level.','2022-03-26 09:23:18','2022-02-28 09:32:02'),(5,'I AM JUST A','JUNIOR  !','assets/uploads/activities/71351646040771.jpg','Who said adventure is only for adults?! Sky Park has a special course designed with our little, beloved ones in mind, offering them the same challenging experience but with a touch of simplicity.','2022-03-25 09:23:18','2022-02-28 09:32:51');
/*!40000 ALTER TABLE `activities` ENABLE KEYS */;
UNLOCK TABLES;
COMMIT;

-- Dumped table `activities` with 4 row(s)
--

--
-- Table structure for table `discount_reasons`
--

/*!40101 SET @saved_cs_client     = @@character_set_client */;
/*!40101 SET character_set_client = utf8 */;
CREATE TABLE `discount_reasons` (
  `id` bigint(20) unsigned NOT NULL AUTO_INCREMENT,
  `desc` text COLLATE utf8mb4_unicode_ci NOT NULL,
  `created_at` timestamp NULL DEFAULT NULL,
  `updated_at` timestamp NULL DEFAULT NULL,
  PRIMARY KEY (`id`)
) ENGINE=InnoDB AUTO_INCREMENT=5 DEFAULT CHARSET=utf8mb4 COLLATE=utf8mb4_unicode_ci;
/*!40101 SET character_set_client = @saved_cs_client */;

--
-- Dumping data for table `discount_reasons`
--

LOCK TABLES `discount_reasons` WRITE;
/*!40000 ALTER TABLE `discount_reasons` DISABLE KEYS */;
SET autocommit=0;
INSERT INTO `discount_reasons` VALUES (1,'Staff Member','2022-04-24 08:57:16','2022-04-24 08:57:16'),(2,'Discount Day','2022-04-24 08:58:27','2022-04-24 08:58:27'),(3,'Others','2022-04-24 08:58:38','2022-04-24 09:00:39');
/*!40000 ALTER TABLE `discount_reasons` ENABLE KEYS */;
UNLOCK TABLES;
COMMIT;

-- Dumped table `discount_reasons` with 3 row(s)
--

--
-- Table structure for table `shift_details`
--

/*!40101 SET @saved_cs_client     = @@character_set_client */;
/*!40101 SET character_set_client = utf8 */;
CREATE TABLE `shift_details` (
  `id` bigint(20) unsigned NOT NULL AUTO_INCREMENT,
  `shift_id` bigint(20) unsigned DEFAULT NULL,
  `visitor_type_id` bigint(20) unsigned DEFAULT NULL,
  `price` double DEFAULT 0,
  `created_at` timestamp NULL DEFAULT NULL,
  `updated_at` timestamp NULL DEFAULT NULL,
  PRIMARY KEY (`id`),
  KEY `shift_details_shift_id_foreign` (`shift_id`),
  KEY `shift_details_visitor_type_id_foreign` (`visitor_type_id`),
  CONSTRAINT `shift_details_shift_id_foreign` FOREIGN KEY (`shift_id`) REFERENCES `shifts` (`id`) ON DELETE CASCADE,
  CONSTRAINT `shift_details_visitor_type_id_foreign` FOREIGN KEY (`visitor_type_id`) REFERENCES `visitor_types` (`id`) ON DELETE CASCADE
) ENGINE=InnoDB AUTO_INCREMENT=47 DEFAULT CHARSET=utf8mb4 COLLATE=utf8mb4_unicode_ci;
/*!40101 SET character_set_client = @saved_cs_client */;

--
-- Dumping data for table `shift_details`
--

LOCK TABLES `shift_details` WRITE;
/*!40000 ALTER TABLE `shift_details` DISABLE KEYS */;
SET autocommit=0;
INSERT INTO `shift_details` VALUES (2,1,3,50,NULL,'2022-03-12 12:30:20'),(4,1,2,40,NULL,'2022-03-12 12:30:03'),(6,1,1,30,NULL,'2022-03-12 12:30:20'),(7,2,1,40,NULL,NULL),(8,2,2,50,NULL,NULL),(9,2,3,60,NULL,NULL),(43,1,4,35,'2022-03-12 13:22:11','2022-03-13 06:29:02'),(44,2,4,70,'2022-03-12 13:22:11','2022-03-13 06:29:02');
/*!40000 ALTER TABLE `shift_details` ENABLE KEYS */;
UNLOCK TABLES;
COMMIT;

-- Dumped table `shift_details` with 8 row(s)
--

--
-- Table structure for table `reservations`
--

/*!40101 SET @saved_cs_client     = @@character_set_client */;
/*!40101 SET character_set_client = utf8 */;
CREATE TABLE `reservations` (
  `id` bigint(20) unsigned NOT NULL AUTO_INCREMENT,
  `add_by` int(11) DEFAULT NULL,
  `ticket_num` varchar(255) COLLATE utf8mb4_unicode_ci DEFAULT NULL,
  `custom_id` varchar(30) COLLATE utf8mb4_unicode_ci DEFAULT NULL,
  `day` date DEFAULT NULL,
  `client_name` varchar(500) COLLATE utf8mb4_unicode_ci DEFAULT NULL,
  `phone` varchar(500) COLLATE utf8mb4_unicode_ci DEFAULT NULL,
  `email` varchar(500) COLLATE utf8mb4_unicode_ci DEFAULT NULL,
  `gender` enum('male','female') COLLATE utf8mb4_unicode_ci DEFAULT NULL,
  `gov_id` bigint(20) unsigned DEFAULT NULL,
  `city_id` bigint(20) unsigned DEFAULT NULL,
  `event_id` bigint(20) unsigned DEFAULT NULL,
  `shift_id` bigint(20) unsigned DEFAULT NULL,
  `hours_count` double DEFAULT 0,
  `total_price` double DEFAULT 0,
  `total_top_up_hours` double DEFAULT 0,
  `total_top_up_price` double DEFAULT 0,
  `total_top_down_price` double NOT NULL DEFAULT 0,
  `payment_method` enum('cash','visa','mastercard','Meeza') COLLATE utf8mb4_unicode_ci NOT NULL DEFAULT 'cash',
  `payment_status` enum('0','1') COLLATE utf8mb4_unicode_ci DEFAULT '0',
  `note` text COLLATE utf8mb4_unicode_ci DEFAULT NULL,
  `discount_type` enum('per','val') COLLATE utf8mb4_unicode_ci DEFAULT 'val',
  `discount_value` double DEFAULT 0,
  `discount_id` bigint(20) DEFAULT NULL,
  `ticket_price` double NOT NULL DEFAULT 0,
  `ent_tax` double DEFAULT 0,
  `vat` double NOT NULL DEFAULT 0,
  `grand_total` double DEFAULT 0,
  `paid_amount` double NOT NULL DEFAULT 0 COMMENT 'المدفوع',
  `rem_amount` double DEFAULT 0 COMMENT 'المتبقى',
  `status` enum('append','in','out') COLLATE utf8mb4_unicode_ci DEFAULT 'append',
  `is_coupon` enum('0','1') COLLATE utf8mb4_unicode_ci NOT NULL DEFAULT '0' COMMENT '1 means it is coupon',
  `coupon_start` date DEFAULT NULL,
  `coupon_end` date DEFAULT NULL,
  `uploaded` varchar(5) COLLATE utf8mb4_unicode_ci NOT NULL DEFAULT '0',
  `created_at` timestamp NULL DEFAULT NULL,
  `updated_at` timestamp NULL DEFAULT NULL,
  PRIMARY KEY (`id`),
  KEY `reservations_giv_id_foreign` (`gov_id`),
  KEY `reservations_city_id_foreign` (`city_id`),
  KEY `reservations_event_id_foreign` (`event_id`),
  KEY `reservations_shift_id_foreign` (`shift_id`),
  CONSTRAINT `reservations_city_id_foreign` FOREIGN KEY (`city_id`) REFERENCES `cities` (`id`) ON DELETE CASCADE,
  CONSTRAINT `reservations_event_id_foreign` FOREIGN KEY (`event_id`) REFERENCES `events` (`id`) ON DELETE CASCADE,
  CONSTRAINT `reservations_giv_id_foreign` FOREIGN KEY (`gov_id`) REFERENCES `governorates` (`id`) ON DELETE CASCADE,
  CONSTRAINT `reservations_shift_id_foreign` FOREIGN KEY (`shift_id`) REFERENCES `shifts` (`id`) ON DELETE CASCADE
) ENGINE=InnoDB AUTO_INCREMENT=181 DEFAULT CHARSET=utf8mb4 COLLATE=utf8mb4_unicode_ci;
/*!40101 SET character_set_client = @saved_cs_client */;

--
-- Dumping data for table `reservations`
--

LOCK TABLES `reservations` WRITE;
/*!40000 ALTER TABLE `reservations` DISABLE KEYS */;
SET autocommit=0;
INSERT INTO `reservations` VALUES (120,8,'SUN120RE22','SUN120RE22','2022-04-07','Nozha School','01098745142','nozha@gmail.com','male',1,14,4,1,4,1086.75,0,0,0,'cash','0',NULL,'per',7,NULL,0,0,0,1010.68,1010.68,0,'out','0',NULL,NULL,'1','2022-04-03 06:42:00','2022-05-30 09:14:40'),(122,0,'SUN7972CO49','SUN7972CO49',NULL,'Company TP','01098784512','comT@gmail.com',NULL,NULL,NULL,2,NULL,5,0,0,0,0,'cash','0',NULL,'val',0,NULL,0,0,0,0,6000,0,'append','1','2022-04-03','2022-04-20','1','2022-04-03 07:14:09','2022-04-03 07:14:09'),(123,4,'WED123RE79','WED123RE79','2022-04-08','Leigh Gardner','01085478475','husalox@mailinator.com','female',15,257,2,1,3,728.46,0,0,0,'cash','0',NULL,'per',6,NULL,0,0,0,684.75,650,34.75,'out','0',NULL,NULL,'1','2022-04-06 09:09:37','2022-05-30 09:14:40'),(124,4,'WED124RE80','WED124RE80','2022-04-06','Hollee Valentine','01014140104','gyxahirolu@mailinator.com','male',1,5,3,1,3,552.9,0,0,0,'cash','0',NULL,'per',6,NULL,0,0,0,519.73,500,19.73,'out','0',NULL,NULL,'1','2022-04-06 09:31:18','2022-05-30 09:14:40'),(125,4,'WED125RE28','WED125RE28','2022-04-06','sec school','01098745612','sec@yahoo.com','male',1,10,4,1,2,193.8,0,0,0,'cash','0',NULL,'per',5,NULL,0,0,0,184.11,150,34.11,'out','0',NULL,NULL,'1','2022-04-06 09:33:46','2022-05-30 09:14:40'),(126,NULL,NULL,NULL,'2022-04-07','Bo Neal','15654521084','nygosyre@mailinator.com','female',1,14,3,NULL,0,0,0,0,0,'cash','0',NULL,'val',0,NULL,0,0,0,0,0,0,'out','0',NULL,NULL,'1','2022-04-06 22:33:07','2022-05-30 09:14:40'),(127,8,'THU127RE72','THU127RE72','2022-04-07','Levi Beard','101055489456','tocagaryg@mailinator.com','female',1,17,2,1,2,7568.46,0,0,0,'cash','0',NULL,'per',20,NULL,0,0,0,6054.77,6054.77,0,'out','0',NULL,NULL,'1','2022-04-07 07:47:50','2022-05-30 09:14:40'),(128,4,'THU128RE98','THU128RE98','2022-04-10','Bethany Joyce','15893416633','nucuhi@mailinator.com','male',16,269,3,1,2,397.86,0,0,0,'cash','0',NULL,'per',5,NULL,0,0,0,377.97,377.97,0,'out','0',NULL,NULL,'1','2022-04-07 09:54:56','2022-05-30 09:14:40'),(129,4,'WED129RE77','WED129RE77','2022-04-13','Dean Travis','0109854124485','sybyrony@mailinator.com','male',3,102,3,1,5,621.3,0,0,0,'cash','0',NULL,'per',0,NULL,0,0,0,621.3,0,621.3,'out','0',NULL,NULL,'1','2022-04-13 04:31:15','2022-05-30 09:14:40'),(130,4,'THU130RE72','THU130RE72','2022-04-21','Tanisha Hewitt','01118549848','sixudyh@mailinator.com','female',4,148,2,1,2,397.86,0,0,0,'cash','0',NULL,'per',0,NULL,0,0,0,397.86,0,397.86,'out','0',NULL,NULL,'1','2022-04-21 10:09:30','2022-05-30 09:14:40'),(131,NULL,NULL,NULL,'2022-04-21','Aline Graham','0100664499','vivufi@mailinator.com','male',1,10,2,NULL,0,0,0,0,0,'cash','0',NULL,'val',0,NULL,0,0,0,0,0,0,'out','0',NULL,NULL,'1','2022-04-21 10:15:31','2022-05-30 09:14:40'),(132,4,'SUN132RE77','SUN132RE77','2022-04-24','Blaze Schultz','01088488748','zyteze@mailinator.com','female',1,12,3,1,2,351.12,0,0,0,'cash','0',NULL,'per',0,NULL,0,0,0,351.12,351.12,0,'out','0',NULL,NULL,'1','2022-04-24 04:36:15','2022-05-30 09:14:40'),(133,4,'SUN133RE02','SUN133RE02','2022-04-24','Quynn Herrera','010564549','tizofy@mailinator.com','male',17,280,3,1,2,397.86,0,0,0,'cash','0',NULL,'per',2,NULL,0,0,0,389.9,389.9,0,'out','0',NULL,NULL,'1','2022-04-24 05:18:20','2022-05-30 09:14:40'),(134,NULL,NULL,NULL,'2022-04-24','Galvin Mathis','01010101858','pikaceqe@mailinator.com','female',1,14,2,NULL,0,0,0,0,0,'cash','0',NULL,'val',0,NULL,0,0,0,0,0,0,'out','0',NULL,NULL,'1','2022-04-24 05:33:14','2022-05-30 09:14:40'),(135,4,'SUN135RE55','SUN135RE55','2022-04-24','Sierra Potts','0101854788','wyvevynyse@mailinator.com','male',1,48,2,1,3,1422.72,0,0,0,'cash','0',NULL,'per',2,NULL,0,0,0,1394.27,1394.27,0,'out','0',NULL,NULL,'1','2022-04-24 06:20:54','2022-05-30 09:14:40'),(136,4,'SUN136RE61','SUN136RE61','2022-04-24','Astra Gill','0101855488','fuxygodol@mailinator.com','female',19,298,2,1,3,1405.62,0,0,0,'cash','0',NULL,'per',5,NULL,0,0,0,1335.34,1335.3400000000001,0,'out','0',NULL,NULL,'1','2022-04-24 07:17:40','2022-05-30 09:14:40'),(137,4,'SUN137RE91','SUN137RE91','2022-04-24','Adrian Lane','0101844887','wexijim@mailinator.com','female',7,184,4,1,2,1070.46,0,0,0,'cash','0',NULL,'per',0,NULL,0,0,0,1070.46,1070.46,0,'out','0',NULL,NULL,'1','2022-04-24 07:19:49','2022-05-30 09:14:40'),(138,4,'SUN138RE35','SUN138RE35','2022-04-24','Vanna Carson','01088487878','puce@mailinator.com','female',1,32,2,1,2,794.58,0,0,0,'cash','0',NULL,'per',0,NULL,0,0,0,794.58,794.58,0,'out','0',NULL,NULL,'1','2022-04-24 07:23:53','2022-05-30 09:14:40'),(139,4,'TUE139RE72','TUE139RE72','2022-04-26','Ivor Mcgee','01055898447','dycikeze@mailinator.com','female',17,279,2,1,3,1090.98,0,0,0,'cash','0',NULL,'per',2,2,0,0,0,1069.16,0,1069.16,'out','0',NULL,NULL,'1','2022-04-26 06:09:03','2022-05-30 09:14:40'),(140,4,'TUE140RE91','TUE140RE91','2022-04-26','Honorato Hardy','01100558899','gicobu@mailinator.com','female',1,13,2,1,2,706.8,0,0,0,'cash','0',NULL,'per',5,NULL,0,0,0,671.46,671.46,0,'out','0',NULL,NULL,'1','2022-04-26 08:24:02','2022-05-30 09:14:40'),(141,4,'TUE9523CO66',NULL,NULL,'RY 100','010595905595','zyxedi@mailinator.com',NULL,NULL,NULL,2,NULL,3,0,0,0,0,'cash','0','Saepe qui debitis do','val',0,NULL,0,0,0,0,35,0,'in','1','2022-04-26','2022-04-30','1','2022-04-26 08:54:26','2022-04-27 05:36:20'),(142,4,'WED142RE33','WED142RE33','2022-04-27','India Watson','0101121547','sypatomi@mailinator.com','male',1,9,3,1,2,1307.58,0,0,0,'cash','0',NULL,'per',5,NULL,0,0,0,1242.2,5,1237.2,'out','0',NULL,NULL,'1','2022-04-27 05:27:19','2022-05-30 09:14:40'),(143,NULL,NULL,NULL,'2022-04-28','Angela Villarreal','010155858498','limo@mailinator.com','male',1,3,2,NULL,0,0,0,0,0,'cash','0',NULL,'val',0,NULL,0,0,0,0,0,0,'out','0',NULL,NULL,'1','2022-04-28 05:16:40','2022-05-30 09:14:40'),(144,4,'THU144RE54','THU144RE54','2022-04-28','Kane Parker','0101548599','qivag@mailinator.com','female',1,11,3,1,2,115,0,0,0,'cash','0',NULL,'per',0,NULL,91.71,9.17,14.12,115,0,115,'out','0',NULL,NULL,'1','2022-04-28 08:29:12','2022-05-30 09:14:40'),(145,4,'FRI145RE55','FRI145RE55','2022-04-29','Mollie Farley','01054897925','lyxamohed@mailinator.com','female',1,6,4,2,2,530,0,0,0,'cash','1',NULL,'per',9,NULL,350.88,35.09,54.04,482.3,400,82.3,'out','0',NULL,NULL,'1','2022-04-29 14:27:33','2022-05-30 09:14:40'),(146,4,'SUN146RE55','SUN146RE55','2022-05-01','Noah Burks','010515454647','maxasubu@mailinator.com','male',4,148,3,1,2,105,0,0,0,'cash','0',NULL,'per',5,NULL,55.82,5.58,8.6,99.75,99.75,0,'out','0',NULL,NULL,'1','2022-05-01 06:37:33','2022-05-30 09:14:40'),(147,4,'SUN147RE94','SUN147RE94','2022-05-01','Karyn Rodriguez','0106565969','pybev@mailinator.com','female',4,147,3,2,2,1230,0,0,0,'cash','0',NULL,'per',12,NULL,765.55,76.56,117.89,1082.4,1082.4,0,'out','0',NULL,NULL,'1','2022-05-01 07:08:12','2022-05-30 09:14:40'),(148,NULL,NULL,NULL,'2022-05-01','Katell Hampton','010155889','logudykeja@mailinator.com','female',1,51,4,NULL,0,0,0,0,0,'cash','0',NULL,'val',0,NULL,0,0,0,0,0,0,'out','0',NULL,NULL,'1','2022-05-01 08:16:32','2022-05-30 09:14:40'),(149,4,'THU149RE17','THU149RE17','2022-05-05','Geoffrey Bender','01099347981','qekoqu@mailinator.com','male',6,176,3,1,2,330,2,100,0,'cash','0',NULL,'per',0,NULL,215.31,21.53,33.16,330,330,0,'out','0',NULL,NULL,'1','2022-05-05 08:50:16','2022-05-30 09:14:40'),(150,4,'THU150RE24','THU150RE24','2022-05-05','Amir Swanson','01099347981','kohoc@mailinator.com','female',6,174,2,1,2,200,0,0,0,'cash','0',NULL,'per',0,NULL,159.49,15.95,24.56,200,200,0,'out','0',NULL,NULL,'1','2022-05-05 11:08:43','2022-05-30 09:14:40'),(151,4,'THU151RE55','THU151RE55','2022-05-05','Lucian Spence','010157899489','quca@mailinator.com','female',6,174,2,1,3,400,1,50,0,'cash','0',NULL,'per',5,NULL,299.04,29.9,46.05,380,380,0,'out','0',NULL,NULL,'1','2022-05-05 11:47:34','2022-05-30 09:14:40'),(152,4,'THU152RE40','THU152RE40','2022-05-05','Kerry Macdonald','0104448899','zonefiru@mailinator.com','female',17,277,3,1,2,425,0,0,0,'cash','0',NULL,'per',5,NULL,311,31.1,47.89,403.75,403.75,0,'out','0',NULL,NULL,'1','2022-05-05 14:06:55','2022-05-30 09:14:40'),(153,4,'THU153RE76','THU153RE76','2022-05-05','Lareina Delaney','0101454899','bygiqa@mailinator.com','male',1,13,3,1,2,335,2,50,0,'cash','0',NULL,'per',5,NULL,255.18,25.52,39.3,268.25,318.25,0,'out','0',NULL,NULL,'1','2022-05-05 14:47:55','2022-05-30 09:14:40'),(154,4,'THU154RE80','THU154RE80','2022-05-05','Constance Case','01099347982','test@test.com','male',4,151,2,1,3,450,3,180,0,'cash','0',NULL,'per',0,NULL,358.85,35.89,55.26,180,450,0,'out','0',NULL,NULL,'1','2022-05-05 14:57:59','2022-05-05 16:16:06'),(155,4,'THU155RE47','THU155RE47','2022-05-05','Amity Gilbert','011044899777','mynaja@mailinator.com','female',6,169,3,2,3,1620,1,0,0,'cash','0',NULL,'per',0,NULL,1291.87,129.19,198.95,1215,1620,0,'out','0',NULL,NULL,'1','2022-05-05 16:42:26','2022-05-30 09:14:40'),(156,4,'THU156RE56','THU156RE56','2022-05-05','Constance Case','01099347981','test@test.com','male',17,282,2,2,2,120,0,0,0,'cash','0',NULL,'per',0,NULL,95.69,9.57,14.74,120,120,0,'out','0',NULL,NULL,'1','2022-05-05 17:29:15','2022-05-30 09:14:40'),(157,4,'THU157RE68','THU157RE68','2022-05-05','Constance Case','01099347982','test@test.com','male',19,297,3,2,2,220,3,150,0,'cash','0',NULL,'per',0,NULL,175.44,17.54,27.02,130,220,0,'out','0',NULL,NULL,'1','2022-05-05 17:31:07','2022-05-30 09:14:40'),(158,4,'SUN158RE32','SUN158RE32','2022-05-08','Velma Fulton','01098380650','lonewogoki@mailinator.com','male',17,280,3,1,1,90,1,40,0,'cash','0',NULL,'per',0,NULL,71.77,7.18,11.05,80,90,0,'out','0',NULL,NULL,'1','2022-05-08 09:12:10','2022-05-08 09:16:10'),(159,4,'SUN159RE51','SUN159RE51','2022-05-08','Oleg Buckner','010254899','tonudax@mailinator.com','female',4,146,2,1,2,270,2,70,0,'cash','0',NULL,'per',10,NULL,215.31,21.53,33.16,113,243,0,'out','0',NULL,NULL,'1','2022-05-08 09:17:30','2022-05-08 09:22:10'),(160,4,'SUN160RE48','SUN160RE48','2022-05-08','Fredericka Knox','0101454889','mamybuk@mailinator.com','male',1,10,3,1,2,195,6,20,100,'cash','0',NULL,'per',5,NULL,135.57,13.56,20.88,-114.75,185.25,0,'out','0',NULL,NULL,'1','2022-05-08 09:59:07','2022-05-30 09:14:40'),(161,4,'SUN161RE82','SUN161RE82','2022-05-08','Brian Mcdowell','010154899478','toji@mailinator.com','male',1,48,3,1,2,185,7,100,390,'cash','0',NULL,'per',10,NULL,135.57,13.56,20.88,-53.5,166.5,0,'out','0',NULL,NULL,'1','2022-05-08 10:23:01','2022-05-30 09:14:40'),(162,4,'MON804CO52',NULL,NULL,'Elmo Mcknight','24','jysyhohuf@mailinator.com',NULL,NULL,NULL,2,NULL,11,0,0,0,0,'cash','0','Repudiandae officiis','val',0,NULL,0,0,0,0,98,0,'append','1','2022-05-17','2022-11-24','1','2022-05-16 16:00:52','2022-05-16 16:00:52'),(163,4,'MON2633CO10',NULL,NULL,'Dieter Solomon','35','codyjil@mailinator.com',NULL,NULL,NULL,2,NULL,19,0,0,0,0,'cash','0','Dolores reiciendis s','val',0,NULL,0,0,0,0,41,0,'append','1','2022-05-16','2023-02-05','1','2022-05-16 16:01:50','2022-05-16 16:01:50'),(164,4,'MON164RE62','MON164RE62','2022-05-16','ahmed','020020233390','ahmed@hotmal.com','male',1,13,2,2,2,360,3,190,0,'cash','0',NULL,'per',8,NULL,287.08,28.71,44.21,521.2,331.2,0,'out','0',NULL,NULL,'1','2022-05-16 16:22:41','2022-05-30 09:14:40'),(165,4,'TUE165RE49','TUE165RE49','2022-05-17','Abdullah','01156668599','admin@admin.com','male',1,13,1,2,4,3480,0,0,0,'cash','0',NULL,'per',0,NULL,2775.12,277.51,427.37,3480,3480,0,'out','0',NULL,NULL,'1','2022-05-17 13:19:08','2022-05-17 13:23:42'),(166,4,'TUE3513CO29',NULL,NULL,'Abdullah','01156668599','admin@admin.com',NULL,NULL,NULL,2,NULL,1,0,0,0,0,'cash','0',NULL,'val',0,NULL,0,0,0,0,20000,0,'append','1','2022-05-17','2022-06-20','1','2022-05-17 13:25:29','2022-05-17 13:29:18'),(167,4,'SAT167RE27','SAT167RE27','2022-05-31','Abdullah','01156668599','abdullah.shaban@kidzania.com.eg','male',17,286,1,1,4,1950,0,0,0,'cash','0','صيقصث','per',0,NULL,0,NULL,0,1950,1950,0,'out','0',NULL,NULL,'1','2022-05-21 14:13:46','2022-05-31 15:15:24'),(168,4,'WED168RE07','WED168RE07','2022-05-25','Colleen Graves','01095081882','dyjigufi@mailinator.com','female',6,178,2,1,2,655,0,0,0,'cash','0','Ad reprehenderit eni','per',0,NULL,510.37,51.04,78.6,655,655,0,'out','0',NULL,NULL,'1','2022-05-25 10:10:06','2022-05-25 10:32:30'),(169,4,'WED169RE30','WED169RE30','2022-05-25','Ramona Owen','01011827324','heshamtatawy@gmail.com','male',4,148,2,1,2,400,0,0,0,'cash','0',NULL,'per',0,NULL,318.98,31.9,49.12,400,400,0,'out','0',NULL,NULL,'1','2022-05-25 10:45:29','2022-05-30 09:14:40'),(170,4,'WED170RE06','WED170RE06','2022-05-25','Remedios Robbins','01095081882','pydilemofe@mailinator.com','male',1,13,4,1,2,35060,0,0,0,'cash','0',NULL,'per',22,NULL,27958.53,2795.85,4305.61,27346.8,0,27346.8,'out','0',NULL,NULL,'1','2022-05-25 10:51:45','2022-05-30 09:14:40'),(171,4,'SUN171RE51','SUN171RE51','2022-05-29','Angelica Sweeney','010141548498','basezozyv@mailinator.com','female',19,299,2,1,2,285,0,0,0,'cash','0',NULL,'per',20,NULL,199.36,19.94,30.7,228,228,0,'out','0',NULL,NULL,'1','2022-05-29 11:59:09','2022-05-30 09:14:40'),(172,12,'MON172RE62','MON172RE62','2022-06-06','nagham','012336589987',NULL,'male',2,59,1,2,3,6120,0,0,0,'cash','1',NULL,'per',0,NULL,4880.38,488.04,751.58,6120,6120,0,'out','0',NULL,NULL,'1','2022-06-06 18:26:01','2022-06-06 18:32:24'),(173,12,'TUE173RE50','TUE173RE50','2022-06-09','zain',NULL,NULL,'male',3,104,1,2,3,NULL,0,0,0,'cash','1','cup cake\ncelebration','per',0,NULL,0,NULL,0,0,0,0,'out','0',NULL,NULL,'1','2022-06-07 11:16:59','2022-06-12 13:52:48'),(174,12,'TUE174RE57','TUE174RE57','2022-06-09','zain',NULL,NULL,'male',15,257,1,2,3,NULL,0,0,0,'cash','1','cup cake\ncelebration','per',0,NULL,0,NULL,0,0,0,0,'out','0',NULL,NULL,'1','2022-06-07 11:20:56','2022-06-12 13:52:48'),(175,12,'TUE175RE37','TUE175RE37','2022-06-07','hussien','01111111111','georgeayad1000@gmail.com','male',1,8,1,2,3,1110,0,0,0,'cash','1','note\nnote II','per',0,NULL,0,NULL,0,1110,1110,0,'out','0',NULL,NULL,'1','2022-06-07 11:25:36','2022-06-07 11:34:05'),(176,11,'WED176RE94','WED176RE94','2022-06-08','bank ahly','01121411942','M@gmail.com','male',2,59,4,2,1,NULL,0,0,0,'cash','1',NULL,'per',0,NULL,0,NULL,0,0,0,0,'out','0',NULL,NULL,'1','2022-06-08 20:09:53','2022-06-12 13:52:49'),(177,11,'WED9825CO04',NULL,NULL,'bank ahly','01121411940','M@gmail.com',NULL,NULL,NULL,2,NULL,3,0,0,0,0,'cash','1',NULL,'val',0,NULL,0,0,0,0,2000,0,'append','1','2022-06-08','2023-06-08','1','2022-06-08 20:15:04','2022-06-08 20:15:04'),(178,4,'TUE178RE71','TUE178RE71','2022-06-14','Ramona Owen','01011827324','mohamedgamal@mohamed.com','male',15,257,3,1,1,35,0,0,0,'cash','0',NULL,'per',0,NULL,0,NULL,0,35,35,0,'out','0',NULL,NULL,'1','2022-06-14 11:31:10','2022-06-14 16:36:37'),(179,4,'MON179RE40','MON179RE40','2022-06-20','Harding Reed','01011827324','mohamedgamal@mohamed.com','male',4,140,2,2,1,3020,0,0,0,'cash','0',NULL,'per',5,NULL,2631.58,NULL,368.42,2869,300,2569,'append','0',NULL,NULL,'1','2022-06-20 17:30:49','2022-06-20 17:33:38'),(180,4,'MON180RE35','MON180RE35','2022-06-20','Whitney Faulkner','1357344392','feneleko@mailinator.com','male',19,305,4,2,1,315,0,0,0,'cash','0',NULL,'per',3,NULL,263.16,NULL,36.84,305.55,2,303.55,'append','0',NULL,NULL,'1','2022-06-20 17:43:27','2022-06-20 17:43:27');
/*!40000 ALTER TABLE `reservations` ENABLE KEYS */;
UNLOCK TABLES;
COMMIT;

-- Dumped table `reservations` with 60 row(s)
--

--
-- Table structure for table `users`
--

/*!40101 SET @saved_cs_client     = @@character_set_client */;
/*!40101 SET character_set_client = utf8 */;
CREATE TABLE `users` (
  `id` bigint(20) unsigned NOT NULL AUTO_INCREMENT,
  `name` varchar(255) COLLATE utf8mb4_unicode_ci DEFAULT NULL,
  `user_name` varchar(255) COLLATE utf8mb4_unicode_ci DEFAULT NULL,
  `password` varchar(255) COLLATE utf8mb4_unicode_ci DEFAULT NULL,
  `photo` varchar(255) COLLATE utf8mb4_unicode_ci DEFAULT NULL,
  `remember_token` varchar(100) COLLATE utf8mb4_unicode_ci DEFAULT NULL,
  `created_at` timestamp NULL DEFAULT NULL,
  `updated_at` timestamp NULL DEFAULT NULL,
  PRIMARY KEY (`id`),
  UNIQUE KEY `users_user_name_unique` (`user_name`)
) ENGINE=InnoDB AUTO_INCREMENT=14 DEFAULT CHARSET=utf8mb4 COLLATE=utf8mb4_unicode_ci;
/*!40101 SET character_set_client = @saved_cs_client */;

--
-- Dumping data for table `users`
--

LOCK TABLES `users` WRITE;
/*!40000 ALTER TABLE `users` DISABLE KEYS */;
SET autocommit=0;
INSERT INTO `users` VALUES (4,'admin','admin','$2y$10$m9kgVvt1naigDuk4TnUeUO46cW1nlMaXJnDMjTpCL5cGtz16tXbx6',NULL,NULL,'2022-02-23 11:19:50','2022-02-23 11:19:50'),(10,'hamdy','hamdy','$2y$10$Zo/Jv1Zswr1su8Ar2qqJd.c3GLBJnMKUc4w2ZWO5wvO4ehVXcJfxi',NULL,NULL,'2022-05-17 13:56:02','2022-05-17 13:56:02'),(11,'SkyPark','SkyPark','$2y$10$EKxoOi6nsL1MdrVhyqo0BeoSNuHBmtBTFuaVc/Uoe5JywXRUEXXJG',NULL,NULL,'2022-06-06 15:32:58','2022-06-06 15:32:58'),(12,'KidsStation Sodic','Sodic','$2y$10$SyJ0.D9iGelsSphdkTKEJuAa7ilqzj.7PL5FsYD/FvBpLpt/bqS6C',NULL,NULL,'2022-06-06 15:33:51','2022-06-06 15:33:51'),(13,'a','a','$2y$10$vLL/pRfrN31xrMeE2Xu/wORLbMFq71jTwkl4U9rIMrq7n2hCywj9u',NULL,NULL,'2022-06-07 11:33:43','2022-06-07 11:33:43');
/*!40000 ALTER TABLE `users` ENABLE KEYS */;
UNLOCK TABLES;
COMMIT;

-- Dumped table `users` with 5 row(s)
--

--
-- Table structure for table `events`
--

/*!40101 SET @saved_cs_client     = @@character_set_client */;
/*!40101 SET character_set_client = utf8 */;
CREATE TABLE `events` (
  `id` bigint(20) unsigned NOT NULL AUTO_INCREMENT,
  `title` varchar(500) COLLATE utf8mb4_unicode_ci DEFAULT NULL,
  `icon` varchar(500) COLLATE utf8mb4_unicode_ci DEFAULT NULL,
  `created_at` timestamp NULL DEFAULT NULL,
  `updated_at` timestamp NULL DEFAULT NULL,
  PRIMARY KEY (`id`)
) ENGINE=InnoDB AUTO_INCREMENT=5 DEFAULT CHARSET=utf8mb4 COLLATE=utf8mb4_unicode_ci;
/*!40101 SET character_set_client = @saved_cs_client */;

--
-- Dumping data for table `events`
--

LOCK TABLES `events` WRITE;
/*!40000 ALTER TABLE `events` DISABLE KEYS */;
SET autocommit=0;
INSERT INTO `events` VALUES (1,'Birthday','fas fa-birthday-cake',NULL,NULL),(2,'Corporate','fas fa-city',NULL,NULL),(3,'Event','fas fa-fire-alt',NULL,NULL),(4,'School','fad fa-bus-school',NULL,NULL);
/*!40000 ALTER TABLE `events` ENABLE KEYS */;
UNLOCK TABLES;
COMMIT;

-- Dumped table `events` with 4 row(s)
--

--
-- Table structure for table `payments`
--

/*!40101 SET @saved_cs_client     = @@character_set_client */;
/*!40101 SET character_set_client = utf8 */;
CREATE TABLE `payments` (
  `id` bigint(20) unsigned NOT NULL AUTO_INCREMENT,
  `rev_id` bigint(20) unsigned DEFAULT NULL,
  `ticket_id` bigint(20) unsigned DEFAULT NULL,
  `payment_status` varchar(50) COLLATE utf8mb4_unicode_ci DEFAULT NULL,
  `amount` double DEFAULT NULL,
  `created_at` timestamp NULL DEFAULT NULL,
  `updated_at` timestamp NULL DEFAULT NULL,
  PRIMARY KEY (`id`),
  KEY `payments_rev_id_foreign` (`rev_id`),
  KEY `payments_ticket_id_foreign` (`ticket_id`),
  CONSTRAINT `payments_rev_id_foreign` FOREIGN KEY (`rev_id`) REFERENCES `reservations` (`id`) ON DELETE CASCADE,
  CONSTRAINT `payments_ticket_id_foreign` FOREIGN KEY (`ticket_id`) REFERENCES `tickets` (`id`) ON DELETE CASCADE
) ENGINE=InnoDB DEFAULT CHARSET=utf8mb4 COLLATE=utf8mb4_unicode_ci;
/*!40101 SET character_set_client = @saved_cs_client */;

--
-- Dumping data for table `payments`
--

LOCK TABLES `payments` WRITE;
/*!40000 ALTER TABLE `payments` DISABLE KEYS */;
SET autocommit=0;
/*!40000 ALTER TABLE `payments` ENABLE KEYS */;
UNLOCK TABLES;
COMMIT;

-- Dumped table `payments` with 0 row(s)
--

--
-- Table structure for table `offer_items`
--

/*!40101 SET @saved_cs_client     = @@character_set_client */;
/*!40101 SET character_set_client = utf8 */;
CREATE TABLE `offer_items` (
  `id` bigint(20) unsigned NOT NULL AUTO_INCREMENT,
  `title` varchar(255) COLLATE utf8mb4_unicode_ci NOT NULL,
  `photo` varchar(255) COLLATE utf8mb4_unicode_ci NOT NULL,
  `desc` text COLLATE utf8mb4_unicode_ci NOT NULL,
  `offer_id` bigint(20) unsigned DEFAULT NULL,
  `created_at` timestamp NULL DEFAULT NULL,
  `updated_at` timestamp NULL DEFAULT NULL,
  PRIMARY KEY (`id`),
  KEY `offer_items_offer_id_foreign` (`offer_id`),
  CONSTRAINT `offer_items_offer_id_foreign` FOREIGN KEY (`offer_id`) REFERENCES `offers` (`id`) ON DELETE CASCADE
) ENGINE=InnoDB AUTO_INCREMENT=11 DEFAULT CHARSET=utf8mb4 COLLATE=utf8mb4_unicode_ci;
/*!40101 SET character_set_client = @saved_cs_client */;

--
-- Dumping data for table `offer_items`
--

LOCK TABLES `offer_items` WRITE;
/*!40000 ALTER TABLE `offer_items` DISABLE KEYS */;
SET autocommit=0;
INSERT INTO `offer_items` VALUES (1,'JUNIOR','assets/uploads/offers_items/95801646047407.jpeg','Who said adventure is only for adults?! Adventure is more important for juniors now more than ever, and that is all to help them disconnect from the world of technology and reunite with their playful exploratory nature. Obstacle courses specifically have their way of teaching them how to look for quick solutions to overcome each obstacle and enhance their feeling of self-confidence. Finally, a simple clap from the proud crowd will enrich their self-esteem and sense of accomplishment. Sky Park has a special course designed with our little, beloved ones in mind, offering them the same challenging experience but with a touch of simplicity.',1,'2022-02-28 11:23:27','2022-02-28 11:23:27'),(2,'NOVICE','assets/uploads/offers_items/18191646047544.jpg','If you are still a newbie when it comes to climbing and hanging on ropes, or if you just need a warmup prior to going rough. the orange course is your best choice, as it has a set of 10 beginner-level obstacles placed at only a height of 2 meters away from the ground level. Here, you can test your skills before going wild on a tougher and higher level. The orange course is ideal for children and older people who might have some fear of heights.',1,'2022-02-28 11:25:44','2022-02-28 11:25:44'),(3,'SKILLED','assets/uploads/offers_items/6671646047600.jpg','This course is designed to put your physical and mental skills up to the test. Once you climb up, there’s only one way down and that’s right at the end of your path. A challenge that would make your mind erupt with joy and your heart with pleasure. Your knees might be shaking but a smile is certain to stay put on your face. And when you reach the end of it, the feeling of accomplishment will be the only thing to last. The green course is our recommendation for intermediate-level adventurers, who seek a nice adrenaline boost to snack on.',1,'2022-02-28 11:26:40','2022-02-28 11:26:40'),(4,'EXPERT','assets/uploads/offers_items/68641646047669.jpg','For the tough ones who don’t settle for the least, this would be your true Everest to climb. The Red course has claimed its color from the extent of its ultimatum. Are you brave enough to walk on some wooden logs supported with nothing but a pair of ropes, or hang on a climbing wall at a height of around 30 meters? One thing is certain to be said, this course is not for the faint-hearted, but once you get it over with, nothing more can stand in your way.',1,'2022-02-28 11:27:49','2022-02-28 11:27:49'),(5,'FOOD-CARTS','assets/uploads/offers_items/6201646047743.jpg','Buckle up and prepare for the perfect Birthday celebration that you or your beloved kids will definitely cherish. Get in touch and let our specialized team assist you in organizing a memorable day that will leave nothing unaccounted for. Starting from the cake, decorations, activations, music, and the thrill adventures of Sky Park, of course.',2,'2022-02-28 11:29:03','2022-02-28 11:29:03'),(6,'WEST-TOWN-HUB','assets/uploads/offers_items/63391646047788.jpg','Devour a box of Fried chicken or a juicy burger. Sky Park is located right next to West Town Hub at SODIC, 6th of October city. The Hub is SODIC’s dining area which boasts a set of the best-rated restaurants and coffee shops. You can grab a quick bite prior to going on your fun adventure or loading up afterward. Nothing makes an outing complete as a tasty meal among some nice company, combine that with the adrenaline-boosting experience of Sky Park and your day will just shine.',2,'2022-02-28 11:29:48','2022-02-28 11:29:48'),(7,'BIRTHDAYS','assets/uploads/offers_items/89121646048060.jpg','As Sky Park will push your energy savings to their minimum, you will definitely need to grab a bite in order to recharge. That’s why a snack cart is available to help you pack up those missing calories and get ready for another round on the high ropes. Don’t let the sound of your empty growling stomach last and grab yourself a pack of popcorn or a packet of freshly prepared chips seasoned to tingle your taste buds with the most cheerful flavors',4,'2022-02-28 11:34:20','2022-02-28 11:34:20'),(8,'CORPORATE-EVENTS','assets/uploads/offers_items/45791646048112.jpg','Do you think your team is exhausted from work and needs some refreshment to get back on the productivity track? Nothing achieves that better than going on a group adventure. Sky Park has it all planned for you with a space to customize your own package based on the number of your employees.',4,'2022-02-28 11:35:12','2022-02-28 11:35:12'),(9,'GROUPS','assets/uploads/offers_items/25281646048150.jpg','Get your friends and their families on board and set your sails towards Sky Park and don’t worry about your budget, we’ll take care of this for you',4,'2022-02-28 11:35:50','2022-02-28 11:35:50');
/*!40000 ALTER TABLE `offer_items` ENABLE KEYS */;
UNLOCK TABLES;
COMMIT;

-- Dumped table `offer_items` with 9 row(s)
--

--
-- Table structure for table `role_has_permissions`
--

/*!40101 SET @saved_cs_client     = @@character_set_client */;
/*!40101 SET character_set_client = utf8 */;
CREATE TABLE `role_has_permissions` (
  `permission_id` bigint(20) unsigned NOT NULL,
  `role_id` bigint(20) unsigned NOT NULL,
  PRIMARY KEY (`permission_id`,`role_id`),
  KEY `role_has_permissions_role_id_foreign` (`role_id`),
  CONSTRAINT `role_has_permissions_permission_id_foreign` FOREIGN KEY (`permission_id`) REFERENCES `permissions` (`id`) ON DELETE CASCADE,
  CONSTRAINT `role_has_permissions_role_id_foreign` FOREIGN KEY (`role_id`) REFERENCES `roles` (`id`) ON DELETE CASCADE
) ENGINE=InnoDB DEFAULT CHARSET=utf8mb4 COLLATE=utf8mb4_unicode_ci;
/*!40101 SET character_set_client = @saved_cs_client */;

--
-- Dumping data for table `role_has_permissions`
--

LOCK TABLES `role_has_permissions` WRITE;
/*!40000 ALTER TABLE `role_has_permissions` DISABLE KEYS */;
SET autocommit=0;
INSERT INTO `role_has_permissions` VALUES (11,1),(11,7),(11,13),(12,1),(12,7),(13,1),(13,7),(14,1),(14,7),(14,13),(15,1),(15,8),(16,1),(16,8),(17,1),(17,8),(17,13),(18,1),(18,8),(19,1),(19,12),(20,1),(20,7),(20,8),(20,11),(20,12),(20,13);
/*!40000 ALTER TABLE `role_has_permissions` ENABLE KEYS */;
UNLOCK TABLES;
COMMIT;

-- Dumped table `role_has_permissions` with 27 row(s)
--

--
-- Table structure for table `roles`
--

/*!40101 SET @saved_cs_client     = @@character_set_client */;
/*!40101 SET character_set_client = utf8 */;
CREATE TABLE `roles` (
  `id` bigint(20) unsigned NOT NULL AUTO_INCREMENT,
  `name` varchar(255) COLLATE utf8mb4_unicode_ci NOT NULL,
  `guard_name` varchar(255) COLLATE utf8mb4_unicode_ci NOT NULL,
  `created_at` timestamp NULL DEFAULT NULL,
  `updated_at` timestamp NULL DEFAULT NULL,
  PRIMARY KEY (`id`),
  UNIQUE KEY `roles_name_guard_name_unique` (`name`,`guard_name`)
) ENGINE=InnoDB AUTO_INCREMENT=14 DEFAULT CHARSET=utf8mb4 COLLATE=utf8mb4_unicode_ci;
/*!40101 SET character_set_client = @saved_cs_client */;

--
-- Dumping data for table `roles`
--

LOCK TABLES `roles` WRITE;
/*!40000 ALTER TABLE `roles` DISABLE KEYS */;
SET autocommit=0;
INSERT INTO `roles` VALUES (1,'Master','web','2022-04-02 12:36:31','2022-04-02 12:36:31'),(7,'Family Administrator','web','2022-04-02 18:11:34','2022-04-03 05:16:30'),(8,'Group Administrator','web','2022-04-02 18:12:23','2022-04-03 05:20:11'),(11,'Exit Administrator','web','2022-04-03 05:20:47','2022-04-03 05:20:47'),(12,'Corporations Administrator','web','2022-04-03 06:06:57','2022-04-03 06:06:57'),(13,'Resv And Exit','web','2022-05-16 16:31:04','2022-05-16 16:31:04');
/*!40000 ALTER TABLE `roles` ENABLE KEYS */;
UNLOCK TABLES;
COMMIT;

-- Dumped table `roles` with 6 row(s)
--

--
-- Table structure for table `failed_jobs`
--

/*!40101 SET @saved_cs_client     = @@character_set_client */;
/*!40101 SET character_set_client = utf8 */;
CREATE TABLE `failed_jobs` (
  `id` bigint(20) unsigned NOT NULL AUTO_INCREMENT,
  `connection` text COLLATE utf8mb4_unicode_ci NOT NULL,
  `queue` text COLLATE utf8mb4_unicode_ci NOT NULL,
  `payload` longtext COLLATE utf8mb4_unicode_ci NOT NULL,
  `exception` longtext COLLATE utf8mb4_unicode_ci NOT NULL,
  `failed_at` timestamp NOT NULL DEFAULT current_timestamp(),
  PRIMARY KEY (`id`)
) ENGINE=InnoDB DEFAULT CHARSET=utf8mb4 COLLATE=utf8mb4_unicode_ci;
/*!40101 SET character_set_client = @saved_cs_client */;

--
-- Dumping data for table `failed_jobs`
--

LOCK TABLES `failed_jobs` WRITE;
/*!40000 ALTER TABLE `failed_jobs` DISABLE KEYS */;
SET autocommit=0;
/*!40000 ALTER TABLE `failed_jobs` ENABLE KEYS */;
UNLOCK TABLES;
COMMIT;

-- Dumped table `failed_jobs` with 0 row(s)
--

--
-- Table structure for table `cities`
--

/*!40101 SET @saved_cs_client     = @@character_set_client */;
/*!40101 SET character_set_client = utf8 */;
CREATE TABLE `cities` (
  `id` bigint(20) unsigned NOT NULL AUTO_INCREMENT,
  `title` varchar(255) COLLATE utf8mb4_unicode_ci DEFAULT NULL,
  `gov_id` bigint(20) unsigned DEFAULT NULL,
  `created_at` timestamp NULL DEFAULT NULL,
  `updated_at` timestamp NULL DEFAULT NULL,
  PRIMARY KEY (`id`),
  KEY `cities_gov_id_foreign` (`gov_id`),
  CONSTRAINT `cities_gov_id_foreign` FOREIGN KEY (`gov_id`) REFERENCES `governorates` (`id`) ON DELETE CASCADE
) ENGINE=InnoDB AUTO_INCREMENT=397 DEFAULT CHARSET=utf8mb4 COLLATE=utf8mb4_unicode_ci;
/*!40101 SET character_set_client = @saved_cs_client */;

--
-- Dumping data for table `cities`
--

LOCK TABLES `cities` WRITE;
/*!40000 ALTER TABLE `cities` DISABLE KEYS */;
SET autocommit=0;
INSERT INTO `cities` VALUES (1,'15 May',1,NULL,NULL),(2,'Al Azbakeyah',1,NULL,NULL),(3,'Al Basatin',1,NULL,NULL),(4,'Tebin',1,NULL,NULL),(5,'El-Khalifa',1,NULL,NULL),(6,'El darrasa',1,NULL,NULL),(7,'Aldarb Alahmar',1,NULL,NULL),(8,'Zawya al-Hamra',1,NULL,NULL),(9,'El-Zaytoun',1,NULL,NULL),(10,'Sahel',1,NULL,NULL),(11,'El Salam',1,NULL,NULL),(12,'Sayeda Zeinab',1,NULL,NULL),(13,'El Sharabeya',1,NULL,NULL),(14,'Shorouk',1,NULL,NULL),(15,'El Daher',1,NULL,NULL),(16,'Ataba',1,NULL,NULL),(17,'New Cairo',1,NULL,NULL),(18,'El Marg',1,NULL,NULL),(19,'Ezbet el Nakhl',1,NULL,NULL),(20,'Matareya',1,NULL,NULL),(21,'Maadi',1,NULL,NULL),(22,'Maasara',1,NULL,NULL),(23,'Mokattam',1,NULL,NULL),(24,'Manyal',1,NULL,NULL),(25,'Mosky',1,NULL,NULL),(26,'Nozha',1,NULL,NULL),(27,'Waily',1,NULL,NULL),(28,'Bab al-Shereia',1,NULL,NULL),(29,'Bolaq',1,NULL,NULL),(30,'Garden City',1,NULL,NULL),(31,'Hadayek El-Kobba',1,NULL,NULL),(32,'Helwan',1,NULL,NULL),(33,'Dar Al Salam',1,NULL,NULL),(34,'Shubra',1,NULL,NULL),(35,'Tura',1,NULL,NULL),(36,'Abdeen',1,NULL,NULL),(37,'Abaseya',1,NULL,NULL),(38,'Ain Shams',1,NULL,NULL),(39,'Nasr City',1,NULL,NULL),(40,'New Heliopolis',1,NULL,NULL),(41,'Masr Al Qadima',1,NULL,NULL),(42,'Mansheya Nasir',1,NULL,NULL),(43,'Badr City',1,NULL,NULL),(44,'Obour City',1,NULL,NULL),(45,'Cairo Downtown',1,NULL,NULL),(46,'Zamalek',1,NULL,NULL),(47,'Kasr El Nile',1,NULL,NULL),(48,'Rehab',1,NULL,NULL),(49,'Katameya',1,NULL,NULL),(50,'Madinty',1,NULL,NULL),(51,'Rod Alfarag',1,NULL,NULL),(52,'Sheraton',1,NULL,NULL),(53,'El-Gamaleya',1,NULL,NULL),(54,'10th of Ramadan City',1,NULL,NULL),(55,'Helmeyat Alzaytoun',1,NULL,NULL),(56,'New Nozha',1,NULL,NULL),(57,'Capital New',1,NULL,NULL),(58,'Giza',2,NULL,NULL),(59,'Sixth of October',2,NULL,NULL),(60,'Cheikh Zayed',2,NULL,NULL),(61,'Hawamdiyah',2,NULL,NULL),(62,'Al Badrasheen',2,NULL,NULL),(63,'Saf',2,NULL,NULL),(64,'Atfih',2,NULL,NULL),(65,'Al Ayat',2,NULL,NULL),(66,'Al-Bawaiti',2,NULL,NULL),(67,'ManshiyetAl Qanater',2,NULL,NULL),(68,'Oaseem',2,NULL,NULL),(69,'Kerdasa',2,NULL,NULL),(70,'Abu Nomros',2,NULL,NULL),(71,'Kafr Ghati',2,NULL,NULL),(72,'Manshiyet Al Bakari',2,NULL,NULL),(73,'Dokki',2,NULL,NULL),(74,'Agouza',2,NULL,NULL),(75,'Haram',2,NULL,NULL),(76,'Warraq',2,NULL,NULL),(77,'Imbaba',2,NULL,NULL),(78,'Boulaq Dakrour',2,NULL,NULL),(79,'Al Wahat Al Baharia',2,NULL,NULL),(80,'Omraneya',2,NULL,NULL),(81,'Moneeb',2,NULL,NULL),(82,'Bin Alsarayat',2,NULL,NULL),(83,'Kit Kat',2,NULL,NULL),(84,'Mohandessin',2,NULL,NULL),(85,'Faisal',2,NULL,NULL),(86,'Abu Rawash',2,NULL,NULL),(87,'Hadayek Alahram',2,NULL,NULL),(88,'Haraneya',2,NULL,NULL),(89,'Hadayek October',2,NULL,NULL),(90,'Saft Allaban',2,NULL,NULL),(91,'Smart Village',2,NULL,NULL),(92,'Ard Ellwaa',2,NULL,NULL),(93,'Abu Qir',3,NULL,NULL),(94,'Al Ibrahimeyah',3,NULL,NULL),(95,'Azarita',3,NULL,NULL),(96,'Anfoushi',3,NULL,NULL),(97,'Dekheila',3,NULL,NULL),(98,'El Soyof',3,NULL,NULL),(99,'Ameria',3,NULL,NULL),(100,'El Labban',3,NULL,NULL),(101,'Al Mafrouza',3,NULL,NULL),(102,'El Montaza',3,NULL,NULL),(103,'Mansheya',3,NULL,NULL),(104,'Naseria',3,NULL,NULL),(105,'Ambrozo',3,NULL,NULL),(106,'Bab Sharq',3,NULL,NULL),(107,'Bourj Alarab',3,NULL,NULL),(108,'Stanley',3,NULL,NULL),(109,'Smouha',3,NULL,NULL),(110,'Sidi Bishr',3,NULL,NULL),(111,'Shads',3,NULL,NULL),(112,'Gheet Alenab',3,NULL,NULL),(113,'Fleming',3,NULL,NULL),(114,'Victoria',3,NULL,NULL),(115,'Camp Shizar',3,NULL,NULL),(116,'Karmooz',3,NULL,NULL),(117,'Mahta Alraml',3,NULL,NULL),(118,'Mina El-Basal',3,NULL,NULL),(119,'Asafra',3,NULL,NULL),(120,'Agamy',3,NULL,NULL),(121,'Bakos',3,NULL,NULL),(122,'Boulkly',3,NULL,NULL),(123,'Cleopatra',3,NULL,NULL),(124,'Glim',3,NULL,NULL),(125,'Al Mamurah',3,NULL,NULL),(126,'Al Mandara',3,NULL,NULL),(127,'Moharam Bek',3,NULL,NULL),(128,'Elshatby',3,NULL,NULL),(129,'Sidi Gaber',3,NULL,NULL),(130,'North Coast/sahel',3,NULL,NULL),(131,'Alhadra',3,NULL,NULL),(132,'Alattarin',3,NULL,NULL),(133,'Sidi Kerir',3,NULL,NULL),(134,'Elgomrok',3,NULL,NULL),(135,'Al Max',3,NULL,NULL),(136,'Marina',3,NULL,NULL),(137,'Mansoura',4,NULL,NULL),(138,'Talkha',4,NULL,NULL),(139,'Mitt Ghamr',4,NULL,NULL),(140,'Dekernes',4,NULL,NULL),(141,'Aga',4,NULL,NULL),(142,'Menia El Nasr',4,NULL,NULL),(143,'Sinbillawin',4,NULL,NULL),(144,'El Kurdi',4,NULL,NULL),(145,'Bani Ubaid',4,NULL,NULL),(146,'Al Manzala',4,NULL,NULL),(147,'tami al`amdid',4,NULL,NULL),(148,'aljamalia',4,NULL,NULL),(149,'Sherbin',4,NULL,NULL),(150,'Mataria',4,NULL,NULL),(151,'Belqas',4,NULL,NULL),(152,'Meet Salsil',4,NULL,NULL),(153,'Gamasa',4,NULL,NULL),(154,'Mahalat Damana',4,NULL,NULL),(155,'Nabroh',4,NULL,NULL),(156,'Hurghada',5,NULL,NULL),(157,'Ras Ghareb',5,NULL,NULL),(158,'Safaga',5,NULL,NULL),(159,'El Qusiar',5,NULL,NULL),(160,'Marsa Alam',5,NULL,NULL),(161,'Shalatin',5,NULL,NULL),(162,'Halaib',5,NULL,NULL),(163,'Aldahar',5,NULL,NULL),(164,'Damanhour',6,NULL,NULL),(165,'Kafr El Dawar',6,NULL,NULL),(166,'Rashid',6,NULL,NULL),(167,'Edco',6,NULL,NULL),(168,'Abu al-Matamir',6,NULL,NULL),(169,'Abu Homs',6,NULL,NULL),(170,'Delengat',6,NULL,NULL),(171,'Mahmoudiyah',6,NULL,NULL),(172,'Rahmaniyah',6,NULL,NULL),(173,'Itai Baroud',6,NULL,NULL),(174,'Housh Eissa',6,NULL,NULL),(175,'Shubrakhit',6,NULL,NULL),(176,'Kom Hamada',6,NULL,NULL),(177,'Badr',6,NULL,NULL),(178,'Wadi Natrun',6,NULL,NULL),(179,'New Nubaria',6,NULL,NULL),(180,'Alnoubareya',6,NULL,NULL),(181,'Fayoum',7,NULL,NULL),(182,'Fayoum El Gedida',7,NULL,NULL),(183,'Tamiya',7,NULL,NULL),(184,'Snores',7,NULL,NULL),(185,'Etsa',7,NULL,NULL),(186,'Epschway',7,NULL,NULL),(187,'Yusuf El Sediaq',7,NULL,NULL),(188,'Hadqa',7,NULL,NULL),(189,'Atsa',7,NULL,NULL),(190,'Algamaa',7,NULL,NULL),(191,'Sayala',7,NULL,NULL),(192,'Tanta',8,NULL,NULL),(193,'Al Mahalla Al Kobra',8,NULL,NULL),(194,'Kafr El Zayat',8,NULL,NULL),(195,'Zefta',8,NULL,NULL),(196,'El Santa',8,NULL,NULL),(197,'Qutour',8,NULL,NULL),(198,'Basion',8,NULL,NULL),(199,'Samannoud',8,NULL,NULL),(200,'Ismailia',9,NULL,NULL),(201,'Fayed',9,NULL,NULL),(202,'Qantara Sharq',9,NULL,NULL),(203,'Qantara Gharb',9,NULL,NULL),(204,'El Tal El Kabier',9,NULL,NULL),(205,'Abu Sawir',9,NULL,NULL),(206,'Kasasien El Gedida',9,NULL,NULL),(207,'Nefesha',9,NULL,NULL),(208,'Sheikh Zayed',9,NULL,NULL),(209,'Shbeen El Koom',10,NULL,NULL),(210,'Sadat City',10,NULL,NULL),(211,'Menouf',10,NULL,NULL),(212,'Sars El-Layan',10,NULL,NULL),(213,'Ashmon',10,NULL,NULL),(214,'Al Bagor',10,NULL,NULL),(215,'Quesna',10,NULL,NULL),(216,'Berkat El Saba',10,NULL,NULL),(217,'Tala',10,NULL,NULL),(218,'Al Shohada',10,NULL,NULL),(219,'Minya',11,NULL,NULL),(220,'Minya El Gedida',11,NULL,NULL),(221,'El Adwa',11,NULL,NULL),(222,'Magagha',11,NULL,NULL),(223,'Bani Mazar',11,NULL,NULL),(224,'Mattay',11,NULL,NULL),(225,'Samalut',11,NULL,NULL),(226,'Madinat El Fekria',11,NULL,NULL),(227,'Meloy',11,NULL,NULL),(228,'Deir Mawas',11,NULL,NULL),(229,'Abu Qurqas',11,NULL,NULL),(230,'Ard Sultan',11,NULL,NULL),(231,'Banha',12,NULL,NULL),(232,'Qalyub',12,NULL,NULL),(233,'Shubra Al Khaimah',12,NULL,NULL),(234,'Al Qanater Charity',12,NULL,NULL),(235,'Khanka',12,NULL,NULL),(236,'Kafr Shukr',12,NULL,NULL),(237,'Tukh',12,NULL,NULL),(238,'Qaha',12,NULL,NULL),(239,'Obour',12,NULL,NULL),(240,'Khosous',12,NULL,NULL),(241,'Shibin Al Qanater',12,NULL,NULL),(242,'Mostorod',12,NULL,NULL),(243,'El Kharga',13,NULL,NULL),(244,'Paris',13,NULL,NULL),(245,'Mout',13,NULL,NULL),(246,'Farafra',13,NULL,NULL),(247,'Balat',13,NULL,NULL),(248,'Dakhla',13,NULL,NULL),(249,'Suez',14,NULL,NULL),(250,'Alganayen',14,NULL,NULL),(251,'Ataqah',14,NULL,NULL),(252,'Ain Sokhna',14,NULL,NULL),(253,'Faysal',14,NULL,NULL),(254,'Aswan',15,NULL,NULL),(255,'Aswan El Gedida',15,NULL,NULL),(256,'Drau',15,NULL,NULL),(257,'Kom Ombo',15,NULL,NULL),(258,'Nasr Al Nuba',15,NULL,NULL),(259,'Kalabsha',15,NULL,NULL),(260,'Edfu',15,NULL,NULL),(261,'Al-Radisiyah',15,NULL,NULL),(262,'Al Basilia',15,NULL,NULL),(263,'Al Sibaeia',15,NULL,NULL),(264,'Abo Simbl Al Siyahia',15,NULL,NULL),(265,'Marsa Alam',15,NULL,NULL),(266,'Assiut',16,NULL,NULL),(267,'Assiut El Gedida',16,NULL,NULL),(268,'Dayrout',16,NULL,NULL),(269,'Manfalut',16,NULL,NULL),(270,'Qusiya',16,NULL,NULL),(271,'Abnoub',16,NULL,NULL),(272,'Abu Tig',16,NULL,NULL),(273,'El Ghanaim',16,NULL,NULL),(274,'Sahel Selim',16,NULL,NULL),(275,'El Badari',16,NULL,NULL),(276,'Sidfa',16,NULL,NULL),(277,'Bani Sweif',17,NULL,NULL),(278,'Beni Suef El Gedida',17,NULL,NULL),(279,'Al Wasta',17,NULL,NULL),(280,'Naser',17,NULL,NULL),(281,'Ehnasia',17,NULL,NULL),(282,'beba',17,NULL,NULL),(283,'Fashn',17,NULL,NULL),(284,'Somasta',17,NULL,NULL),(285,'Alabbaseri',17,NULL,NULL),(286,'Mokbel',17,NULL,NULL),(287,'PorSaid',18,NULL,NULL),(288,'Port Fouad',18,NULL,NULL),(289,'Alarab',18,NULL,NULL),(290,'Zohour',18,NULL,NULL),(291,'Alsharq',18,NULL,NULL),(292,'Aldawahi',18,NULL,NULL),(293,'Almanakh',18,NULL,NULL),(294,'Mubarak',18,NULL,NULL),(295,'Damietta',19,NULL,NULL),(296,'New Damietta',19,NULL,NULL),(297,'Ras El Bar',19,NULL,NULL),(298,'Faraskour',19,NULL,NULL),(299,'Zarqa',19,NULL,NULL),(300,'alsaru',19,NULL,NULL),(301,'alruwda',19,NULL,NULL),(302,'Kafr El-Batikh',19,NULL,NULL),(303,'Azbet Al Burg',19,NULL,NULL),(304,'Meet Abou Ghalib',19,NULL,NULL),(305,'Kafr Saad',19,NULL,NULL),(306,'Zagazig',20,NULL,NULL),(307,'Al Ashr Men Ramadan',20,NULL,NULL),(308,'Minya Al Qamh',20,NULL,NULL),(309,'Belbeis',20,NULL,NULL),(310,'Mashtoul El Souq',20,NULL,NULL),(311,'Qenaiat',20,NULL,NULL),(312,'Abu Hammad',20,NULL,NULL),(313,'El Qurain',20,NULL,NULL),(314,'Hehia',20,NULL,NULL),(315,'Abu Kabir',20,NULL,NULL),(316,'Faccus',20,NULL,NULL),(317,'El Salihia El Gedida',20,NULL,NULL),(318,'Al Ibrahimiyah',20,NULL,NULL),(319,'Deirb Negm',20,NULL,NULL),(320,'Kafr Saqr',20,NULL,NULL),(321,'Awlad Saqr',20,NULL,NULL),(322,'Husseiniya',20,NULL,NULL),(323,'san alhajar alqablia',20,NULL,NULL),(324,'Manshayat Abu Omar',20,NULL,NULL),(325,'Al Toor',21,NULL,NULL),(326,'Sharm El-Shaikh',21,NULL,NULL),(327,'Dahab',21,NULL,NULL),(328,'Nuweiba',21,NULL,NULL),(329,'Taba',21,NULL,NULL),(330,'Saint Catherine',21,NULL,NULL),(331,'Abu Redis',21,NULL,NULL),(332,'Abu Zenaima',21,NULL,NULL),(333,'Ras Sidr',21,NULL,NULL),(334,'Kafr El Sheikh',22,NULL,NULL),(335,'Kafr El Sheikh Downtown',22,NULL,NULL),(336,'Desouq',22,NULL,NULL),(337,'Fooh',22,NULL,NULL),(338,'Metobas',22,NULL,NULL),(339,'Burg Al Burullus',22,NULL,NULL),(340,'Baltim',22,NULL,NULL),(341,'Masief Baltim',22,NULL,NULL),(342,'Hamol',22,NULL,NULL),(343,'Bella',22,NULL,NULL),(344,'Riyadh',22,NULL,NULL),(345,'Sidi Salm',22,NULL,NULL),(346,'Qellen',22,NULL,NULL),(347,'Sidi Ghazi',22,NULL,NULL),(348,'Marsa Matrouh',23,NULL,NULL),(349,'El Hamam',23,NULL,NULL),(350,'Alamein',23,NULL,NULL),(351,'Dabaa',23,NULL,NULL),(352,'Al-Nagila',23,NULL,NULL),(353,'Sidi Brani',23,NULL,NULL),(354,'Salloum',23,NULL,NULL),(355,'Siwa',23,NULL,NULL),(356,'Marina',23,NULL,NULL),(357,'North Coast',23,NULL,NULL),(358,'Luxor',24,NULL,NULL),(359,'New Luxor',24,NULL,NULL),(360,'Esna',24,NULL,NULL),(361,'New Tiba',24,NULL,NULL),(362,'Al ziynia',24,NULL,NULL),(363,'Al Bayadieh',24,NULL,NULL),(364,'Al Qarna',24,NULL,NULL),(365,'Armant',24,NULL,NULL),(366,'Al Tud',24,NULL,NULL),(367,'Qena',25,NULL,NULL),(368,'New Qena',25,NULL,NULL),(369,'Abu Tesht',25,NULL,NULL),(370,'Nag Hammadi',25,NULL,NULL),(371,'Deshna',25,NULL,NULL),(372,'Alwaqf',25,NULL,NULL),(373,'Qaft',25,NULL,NULL),(374,'Naqada',25,NULL,NULL),(375,'Farshout',25,NULL,NULL),(376,'Quos',25,NULL,NULL),(377,'Arish',26,NULL,NULL),(378,'Sheikh Zowaid',26,NULL,NULL),(379,'Nakhl',26,NULL,NULL),(380,'Rafah',26,NULL,NULL),(381,'Bir al-Abed',26,NULL,NULL),(382,'Al Hasana',26,NULL,NULL),(383,'Sohag',27,NULL,NULL),(384,'Sohag El Gedida',27,NULL,NULL),(385,'Akhmeem',27,NULL,NULL),(386,'Akhmim El Gedida',27,NULL,NULL),(387,'Albalina',27,NULL,NULL),(388,'El Maragha',27,NULL,NULL),(389,'almunsha`a',27,NULL,NULL),(390,'Dar AISalaam',27,NULL,NULL),(391,'Gerga',27,NULL,NULL),(392,'Jahina Al Gharbia',27,NULL,NULL),(393,'Saqilatuh',27,NULL,NULL),(394,'Tama',27,NULL,NULL),(395,'Tahta',27,NULL,NULL),(396,'Alkawthar',27,NULL,NULL);
/*!40000 ALTER TABLE `cities` ENABLE KEYS */;
UNLOCK TABLES;
COMMIT;

-- Dumped table `cities` with 396 row(s)
--

--
-- Table structure for table `visitor_types`
--

/*!40101 SET @saved_cs_client     = @@character_set_client */;
/*!40101 SET character_set_client = utf8 */;
CREATE TABLE `visitor_types` (
  `id` bigint(20) unsigned NOT NULL AUTO_INCREMENT,
  `title` varchar(500) COLLATE utf8mb4_unicode_ci DEFAULT NULL,
  `photo` varchar(500) COLLATE utf8mb4_unicode_ci DEFAULT NULL,
  `created_at` timestamp NULL DEFAULT NULL,
  `updated_at` timestamp NULL DEFAULT NULL,
  PRIMARY KEY (`id`)
) ENGINE=InnoDB AUTO_INCREMENT=6 DEFAULT CHARSET=utf8mb4 COLLATE=utf8mb4_unicode_ci;
/*!40101 SET character_set_client = @saved_cs_client */;

--
-- Dumping data for table `visitor_types`
--

LOCK TABLES `visitor_types` WRITE;
/*!40000 ALTER TABLE `visitor_types` DISABLE KEYS */;
SET autocommit=0;
INSERT INTO `visitor_types` VALUES (1,'toddler','assets/uploads/types/toddler.jpg',NULL,NULL),(2,'kid','assets/uploads/types/kid.jpg',NULL,NULL),(3,'adult','assets/uploads/types/adult.jpg',NULL,NULL),(4,'Extra_Adult','assets/uploads/visitors/23711647098531.png','2022-03-12 13:22:11','2022-03-13 06:29:01');
/*!40000 ALTER TABLE `visitor_types` ENABLE KEYS */;
UNLOCK TABLES;
COMMIT;

-- Dumped table `visitor_types` with 4 row(s)
--

--
-- Table structure for table `sliders`
--

/*!40101 SET @saved_cs_client     = @@character_set_client */;
/*!40101 SET character_set_client = utf8 */;
CREATE TABLE `sliders` (
  `id` bigint(20) unsigned NOT NULL AUTO_INCREMENT,
  `photo` varchar(255) COLLATE utf8mb4_unicode_ci NOT NULL,
  `title` varchar(255) COLLATE utf8mb4_unicode_ci DEFAULT NULL,
  `sub_title` varchar(255) COLLATE utf8mb4_unicode_ci DEFAULT NULL,
  `button_text` varchar(255) COLLATE utf8mb4_unicode_ci DEFAULT NULL,
  `button_link` text COLLATE utf8mb4_unicode_ci DEFAULT NULL,
  `add_by` varchar(255) COLLATE utf8mb4_unicode_ci NOT NULL,
  `created_at` timestamp NULL DEFAULT NULL,
  `updated_at` timestamp NULL DEFAULT NULL,
  PRIMARY KEY (`id`)
) ENGINE=InnoDB AUTO_INCREMENT=4 DEFAULT CHARSET=utf8mb4 COLLATE=utf8mb4_unicode_ci;
/*!40101 SET character_set_client = @saved_cs_client */;

--
-- Dumping data for table `sliders`
--

LOCK TABLES `sliders` WRITE;
/*!40000 ALTER TABLE `sliders` DISABLE KEYS */;
SET autocommit=0;
INSERT INTO `sliders` VALUES (1,'assets/uploads/sliders/31961646486068.jpg','The sky has No limit','Just Like Yous','contact us',NULL,'admin','2022-02-26 06:56:02','2022-03-06 07:35:20'),(2,'assets/uploads/sliders/22881646486054.jpg','Book now','And get huge discount','Book Your Stay',NULL,'admin','2022-02-26 07:12:07','2022-03-05 11:14:14');
/*!40000 ALTER TABLE `sliders` ENABLE KEYS */;
UNLOCK TABLES;
COMMIT;

-- Dumped table `sliders` with 2 row(s)
--

--
-- Table structure for table `offers`
--

/*!40101 SET @saved_cs_client     = @@character_set_client */;
/*!40101 SET character_set_client = utf8 */;
CREATE TABLE `offers` (
  `id` bigint(20) unsigned NOT NULL AUTO_INCREMENT,
  `title` varchar(255) COLLATE utf8mb4_unicode_ci NOT NULL,
  `created_at` timestamp NULL DEFAULT NULL,
  `updated_at` timestamp NULL DEFAULT NULL,
  PRIMARY KEY (`id`)
) ENGINE=InnoDB AUTO_INCREMENT=5 DEFAULT CHARSET=utf8mb4 COLLATE=utf8mb4_unicode_ci;
/*!40101 SET character_set_client = @saved_cs_client */;

--
-- Dumping data for table `offers`
--

LOCK TABLES `offers` WRITE;
/*!40000 ALTER TABLE `offers` DISABLE KEYS */;
SET autocommit=0;
INSERT INTO `offers` VALUES (1,'Courses','2022-02-28 11:03:47','2022-02-28 11:03:47'),(2,'Snacks','2022-02-28 11:04:51','2022-02-28 11:05:24'),(4,'EVENTS','2022-02-28 11:32:49','2022-02-28 11:32:49');
/*!40000 ALTER TABLE `offers` ENABLE KEYS */;
UNLOCK TABLES;
COMMIT;

-- Dumped table `offers` with 3 row(s)
--

--
-- Table structure for table `references`
--

/*!40101 SET @saved_cs_client     = @@character_set_client */;
/*!40101 SET character_set_client = utf8 */;
CREATE TABLE `references` (
  `id` bigint(20) unsigned NOT NULL AUTO_INCREMENT,
  `title` varchar(255) COLLATE utf8mb4_unicode_ci NOT NULL,
  `created_at` timestamp NULL DEFAULT NULL,
  `updated_at` timestamp NULL DEFAULT NULL,
  PRIMARY KEY (`id`)
) ENGINE=InnoDB AUTO_INCREMENT=7 DEFAULT CHARSET=utf8mb4 COLLATE=utf8mb4_unicode_ci;
/*!40101 SET character_set_client = @saved_cs_client */;

--
-- Dumping data for table `references`
--

LOCK TABLES `references` WRITE;
/*!40000 ALTER TABLE `references` DISABLE KEYS */;
SET autocommit=0;
INSERT INTO `references` VALUES (2,'Twitter','2022-02-23 10:00:34','2022-02-23 10:00:34'),(4,'Others','2022-02-23 10:02:39','2022-02-23 10:25:05'),(6,'Friend','2022-02-23 10:24:56','2022-02-23 10:24:56');
/*!40000 ALTER TABLE `references` ENABLE KEYS */;
UNLOCK TABLES;
COMMIT;

-- Dumped table `references` with 3 row(s)
--

--
-- Table structure for table `governorates`
--

/*!40101 SET @saved_cs_client     = @@character_set_client */;
/*!40101 SET character_set_client = utf8 */;
CREATE TABLE `governorates` (
  `id` bigint(20) unsigned NOT NULL AUTO_INCREMENT,
  `title` varchar(255) COLLATE utf8mb4_unicode_ci DEFAULT NULL,
  `created_at` timestamp NULL DEFAULT NULL,
  `updated_at` timestamp NULL DEFAULT NULL,
  PRIMARY KEY (`id`)
) ENGINE=InnoDB AUTO_INCREMENT=28 DEFAULT CHARSET=utf8mb4 COLLATE=utf8mb4_unicode_ci;
/*!40101 SET character_set_client = @saved_cs_client */;

--
-- Dumping data for table `governorates`
--

LOCK TABLES `governorates` WRITE;
/*!40000 ALTER TABLE `governorates` DISABLE KEYS */;
SET autocommit=0;
INSERT INTO `governorates` VALUES (1,'Cairo',NULL,NULL),(2,'Giza',NULL,NULL),(3,'Alexandria',NULL,NULL),(4,'Dakahlia',NULL,NULL),(5,'Red Sea',NULL,NULL),(6,'Beheira',NULL,NULL),(7,'Fayoum',NULL,NULL),(8,'Gharbiya',NULL,NULL),(9,'Ismailia',NULL,NULL),(10,'Menofia',NULL,NULL),(11,'Minya',NULL,NULL),(12,'Qaliubiya',NULL,NULL),(13,'New Valley',NULL,NULL),(14,'Suez',NULL,NULL),(15,'Aswan',NULL,NULL),(16,'Assiut',NULL,NULL),(17,'Beni Suef',NULL,NULL),(18,'Port Said',NULL,NULL),(19,'Damietta',NULL,NULL),(20,'Sharkia',NULL,NULL),(21,'South Sinai',NULL,NULL),(22,'Kafr Al sheikh',NULL,NULL),(23,'Matrouh',NULL,NULL),(24,'Luxor',NULL,NULL),(25,'Qena',NULL,NULL),(26,'North Sinai',NULL,NULL),(27,'Sohag',NULL,NULL);
/*!40000 ALTER TABLE `governorates` ENABLE KEYS */;
UNLOCK TABLES;
COMMIT;

-- Dumped table `governorates` with 27 row(s)
--

--
-- Table structure for table `clients`
--

/*!40101 SET @saved_cs_client     = @@character_set_client */;
/*!40101 SET character_set_client = utf8 */;
CREATE TABLE `clients` (
  `id` bigint(20) unsigned NOT NULL AUTO_INCREMENT,
  `name` varchar(255) COLLATE utf8mb4_unicode_ci DEFAULT NULL,
  `phone` varchar(255) COLLATE utf8mb4_unicode_ci DEFAULT NULL,
  `email` varchar(255) COLLATE utf8mb4_unicode_ci DEFAULT NULL,
  `gender` enum('male','female') COLLATE utf8mb4_unicode_ci DEFAULT NULL,
  `rate` tinyint(1) DEFAULT NULL,
  `note` varchar(255) COLLATE utf8mb4_unicode_ci DEFAULT NULL,
  `gov_id` bigint(20) unsigned DEFAULT NULL,
  `city_id` bigint(20) unsigned DEFAULT NULL,
  `ref_id` bigint(20) unsigned DEFAULT NULL COMMENT 'المرجعى',
  `family_size` int(11) DEFAULT 0,
  `uploaded` varchar(5) COLLATE utf8mb4_unicode_ci NOT NULL DEFAULT '0',
  `created_at` timestamp NULL DEFAULT NULL,
  `updated_at` timestamp NULL DEFAULT NULL,
  PRIMARY KEY (`id`),
  KEY `clients_giv_id_foreign` (`gov_id`),
  KEY `clients_city_id_foreign` (`city_id`),
  KEY `clients_ref_id_foreign` (`ref_id`),
  CONSTRAINT `clients_city_id_foreign` FOREIGN KEY (`city_id`) REFERENCES `cities` (`id`) ON DELETE CASCADE,
  CONSTRAINT `clients_giv_id_foreign` FOREIGN KEY (`gov_id`) REFERENCES `governorates` (`id`) ON DELETE CASCADE,
  CONSTRAINT `clients_ref_id_foreign` FOREIGN KEY (`ref_id`) REFERENCES `references` (`id`) ON DELETE SET NULL
) ENGINE=InnoDB AUTO_INCREMENT=160 DEFAULT CHARSET=utf8mb4 COLLATE=utf8mb4_unicode_ci;
/*!40101 SET character_set_client = @saved_cs_client */;

--
-- Dumping data for table `clients`
--

LOCK TABLES `clients` WRITE;
/*!40000 ALTER TABLE `clients` DISABLE KEYS */;
SET autocommit=0;
INSERT INTO `clients` VALUES (2,'Mona Lang','19911516405','dateqy@mailinator.com','male',NULL,NULL,5,163,2,55,'1','2022-02-19 09:31:20','2022-02-19 09:31:20'),(3,'Jocelyn Branch','15993644146','vixebez@mailinator.com','female',NULL,NULL,9,201,6,69,'1','2022-02-19 11:26:33','2022-02-19 11:26:33'),(5,'Palmer Love','14698129106','monu@mailinator.com','female',NULL,NULL,16,270,2,6,'1','2022-02-20 05:30:31','2022-02-20 05:30:31'),(6,'Coby Delacruz','19824662373','rykikem@mailinator.com','male',NULL,NULL,27,388,6,30,'1','2022-02-20 06:53:38','2022-02-20 06:53:38'),(7,'Indigo Mann','12146058231','wate@mailinator.com','female',NULL,NULL,17,277,NULL,97,'1','2022-02-20 07:11:39','2022-02-20 07:11:39'),(8,'Macy Decker','19123139835','fosyr@mailinator.com','male',1,'جدع',12,231,NULL,98,'1','2022-02-20 08:22:05','2022-05-09 10:23:29'),(9,'Malcolm Keller','17611859068','vazejuny@mailinator.com','male',NULL,NULL,19,303,NULL,68,'1','2022-02-20 08:46:25','2022-02-20 08:46:25'),(10,'Arsenio Anderson','19926794799','qyvipesy@mailinator.com','female',NULL,NULL,1,30,NULL,69,'1','2022-02-20 09:55:04','2022-02-20 09:55:04'),(11,'Zeph Strickland','17016362782','fazafydal@mailinator.com','female',NULL,NULL,27,396,NULL,22,'1','2022-02-20 09:56:46','2022-02-20 09:56:46'),(12,'McKenzie Wiley','15945124908','xapatyro@mailinator.com','female',NULL,NULL,8,196,NULL,75,'1','2022-02-20 10:00:51','2022-02-20 10:00:51'),(13,'Katelyn Blackwell','14857059945','weqago@mailinator.com','male',NULL,NULL,15,256,NULL,7,'1','2022-02-20 10:35:54','2022-02-20 10:35:54'),(14,'Medge Petty','14362734581','sihykany@mailinator.com','male',NULL,NULL,10,217,NULL,0,'1','2022-02-20 11:30:25','2022-02-20 11:30:25'),(15,'Lacey Everett','18845424725','joxavat@mailinator.com','female',NULL,NULL,24,365,NULL,1,'1','2022-02-20 11:37:57','2022-02-20 11:37:57'),(16,'Kaseem Gonzales','16346629043','bovezulywe@mailinator.com','female',NULL,NULL,15,264,NULL,43,'1','2022-02-20 11:57:41','2022-02-20 11:57:41'),(17,'Bert Tate','15117789403','mamefolovo@mailinator.com','male',NULL,NULL,12,238,NULL,56,'1','2022-02-21 05:11:20','2022-02-21 05:11:20'),(18,'Cole Holman','12497483008','cicytajo@mailinator.com','female',NULL,NULL,15,257,NULL,50,'1','2022-02-21 05:37:06','2022-02-21 05:37:06'),(19,'Linus Johns','18849536169','rulil@mailinator.com','female',NULL,NULL,20,319,NULL,24,'1','2022-02-21 05:43:14','2022-02-21 05:43:14'),(20,'Isaac Holman','14853142641','fyqu@mailinator.com','female',NULL,NULL,5,158,NULL,57,'1','2022-02-21 05:46:09','2022-02-21 05:46:09'),(21,'Camille Preston','15274319629','pegada@mailinator.com','female',NULL,NULL,13,243,NULL,54,'1','2022-02-21 05:49:48','2022-02-21 05:49:48'),(22,'Nina Gilmore','11152728052','lepuv@mailinator.com','female',NULL,NULL,4,140,NULL,89,'1','2022-02-21 06:36:55','2022-02-21 06:36:55'),(23,'Devin Roberts','11122676967','cocy@mailinator.com','female',NULL,NULL,10,211,NULL,74,'1','2022-02-21 07:01:11','2022-02-21 07:01:11'),(24,'Trevor Blackburn','15834362507','lovugyj@mailinator.com','male',NULL,NULL,13,247,NULL,44,'1','2022-02-21 07:03:11','2022-02-21 07:03:11'),(25,'Guy Holt','16935767516','posyhyfuhu@mailinator.com','female',NULL,NULL,26,378,NULL,5,'1','2022-02-21 07:04:50','2022-02-21 07:04:50'),(26,'Hadley Hudson','01098380656','qifuqura@mailinator.com','female',4,NULL,13,248,NULL,1,'1','2022-02-21 07:05:54','2022-02-21 07:05:54'),(28,'Melissa Myers','19774052273','kehuqyn@mailinator.com',NULL,NULL,NULL,NULL,NULL,NULL,NULL,'1','2022-02-21 12:44:42','2022-02-21 12:44:42'),(29,'Brady Watts','13532284937','puvylo@mailinator.com','male',NULL,NULL,23,355,2,36,'1','2022-02-27 08:54:00','2022-02-27 08:54:00'),(30,'Kiayada Medina','13963255128','dubiticyh@mailinator.com','male',NULL,NULL,10,217,2,68,'1','2022-02-27 09:19:55','2022-02-27 09:19:55'),(31,'Veda Cameron','13116856486','maxe@mailinator.com','female',NULL,NULL,16,268,4,76,'1','2022-03-02 07:40:03','2022-03-02 07:40:03'),(32,'Armando Jacobson','18419565674','caqam@mailinator.com','female',NULL,NULL,18,287,6,9,'1','2022-03-02 08:09:44','2022-03-02 08:09:44'),(33,'Katelyn Hernandez','01069099099','fujelewa@mailinator.com','male',NULL,NULL,1,22,2,98,'1','2022-03-02 09:09:12','2022-03-02 09:09:12'),(34,'Reagan Key','01004834728','gisiv@mailinator.com','female',NULL,NULL,18,288,4,98,'1','2022-03-02 09:12:10','2022-03-02 09:12:10'),(35,'Colt Moss','14756832641','zycoj@mailinator.com','female',NULL,NULL,19,299,6,39,'1','2022-03-02 14:37:38','2022-03-02 14:37:38'),(36,'Cheyenne Kirk','12213276638','fagy@mailinator.com','female',NULL,NULL,25,371,6,33,'1','2022-03-09 11:26:44','2022-03-09 11:26:44'),(37,'محمد جمال','010123456789','mohamed@yahoo.com','male',NULL,NULL,10,209,6,6,'1','2022-03-19 10:45:20','2022-03-19 10:45:20'),(38,'Steel Joyner','01020304050','wily@mailinator.com','female',NULL,NULL,7,189,6,9,'1','2022-03-19 11:54:03','2022-03-19 11:54:03'),(39,'محمد محمود','01095295335','mahmah100@gmail.com','male',NULL,NULL,9,202,4,3,'1','2022-03-20 07:28:48','2022-03-20 07:28:48'),(40,'Carter Sweet','010965544558','rixy@mailinator.com','female',NULL,NULL,15,261,6,23,'1','2022-03-20 08:55:55','2022-03-20 08:55:55'),(41,'Quynn Norman','011221121254','gysifo@mailinator.com','female',NULL,NULL,22,341,4,17,'1','2022-03-30 07:34:27','2022-03-20 09:59:58'),(42,'Edward Camacho','12836326165','sidiwe@mailinator.com','female',NULL,NULL,3,123,2,64,'1','2022-03-30 07:34:27','2022-03-27 07:34:27'),(43,'Carolyn Reilly','11764871451','hotanynu@mailinator.com','male',NULL,NULL,2,60,4,52,'1','2022-03-31 07:42:17','2022-03-31 07:42:17'),(44,'Akram Mustafa','01098214514','ak@yahoo.com','male',NULL,NULL,7,185,4,2,'1','2022-04-06 06:07:02','2022-04-06 06:07:02'),(45,'Olympia Cobb','11237973464','vuvunutow@mailinator.com','male',NULL,NULL,27,388,4,65,'1','2022-04-06 07:17:43','2022-04-06 07:17:43'),(46,'Shannon Summers','16896516321','fimasu@mailinator.com','male',NULL,NULL,25,369,2,76,'1','2022-04-06 07:19:15','2022-04-06 07:19:15'),(47,'Callum Ashley','11651995155','gesuwy@mailinator.com','male',NULL,NULL,24,366,4,89,'1','2022-04-06 07:32:42','2022-04-06 07:32:42'),(48,'Austin Whitney','12157715107','wequfy@mailinator.com','female',NULL,NULL,12,240,2,92,'1','2022-04-06 22:40:13','2022-04-06 22:40:13'),(49,'Ishmael Alston','19174721501','haxyje@mailinator.com','male',NULL,NULL,24,361,6,13,'1','2022-04-07 10:15:06','2022-04-07 10:15:06'),(50,'Logan English','16331294427','sadeqanik@mailinator.com','male',NULL,NULL,25,373,2,11,'1','2022-04-07 19:20:06','2022-04-07 19:20:06'),(51,'Ahmed Yahya','17127268691','ahmedtarekya100@gmail.com','female',NULL,NULL,1,34,6,32,'1','2022-04-07 20:47:34','2022-04-07 20:47:34'),(52,'Stone Norman','18714471826','nobe@mailinator.com','male',NULL,NULL,14,250,6,55,'1','2022-04-07 22:26:10','2022-04-07 22:26:10'),(53,'Kylee Fischer','19762845541','cyme@mailinator.com','female',NULL,NULL,20,322,2,42,'1','2022-04-07 23:00:26','2022-04-07 23:00:26'),(54,'Nyssa Moody','11534734073','myzive@mailinator.com','female',NULL,NULL,7,181,4,47,'1','2022-04-13 04:54:46','2022-04-13 04:54:46'),(55,'Luke Wilson','14939232887','tydad@mailinator.com','male',NULL,NULL,19,300,4,0,'1','2022-04-21 09:34:34','2022-04-21 09:34:34'),(56,'Raya Downs','19075348022','quvewak@mailinator.com','male',NULL,NULL,8,197,2,14,'1','2022-04-24 08:03:46','2022-04-24 08:03:46'),(57,'Shay Gregory','19326089699','fyminojocu@mailinator.com','male',NULL,NULL,14,253,6,70,'1','2022-04-24 09:29:40','2022-04-24 09:29:40'),(58,'Suki Bolton','15772763106','wukudo@mailinator.com','male',NULL,NULL,9,208,6,72,'1','2022-04-24 09:36:07','2022-04-24 09:36:07'),(59,'Kelsey Lowery','17291633318','mezehofovi@mailinator.com','male',NULL,NULL,14,253,4,20,'1','2022-04-27 07:48:22','2022-04-27 07:48:22'),(60,'Adrian Cummings','01065588999','xinyvemavu@mailinator.com','female',4,NULL,19,303,2,93,'1','2022-04-28 07:38:54','2022-05-05 09:18:17'),(61,'Erasmus Burgess','01098380650','teladyg@mailinator.com','male',NULL,NULL,25,368,2,56,'1','2022-04-28 10:41:28','2022-04-28 10:41:28'),(62,'Deborah Pate','01014548999','vahakytaw@mailinator.com','female',2,'Bad',15,255,6,25,'1','2022-04-28 11:27:18','2022-05-01 09:50:17'),(63,'Barry Cameron','13681269902','sufuz@mailinator.com','female',NULL,NULL,16,273,6,55,'1','2022-04-29 11:37:28','2022-04-29 11:37:28'),(64,'Dahlia Joseph','01098380651','tiqohipe@mailinator.com','male',3,NULL,13,243,4,28,'1','2022-05-01 06:58:07','2022-05-01 06:58:07'),(65,'Connor Dickson','01098380600','wedytasana@mailinator.com','female',5,NULL,18,293,4,57,'1','2022-05-01 07:06:00','2022-05-01 07:06:00'),(66,'mohamed elashry','01099347981','data@data.com','male',NULL,NULL,11,224,NULL,NULL,'1','2022-05-05 09:12:26','2022-05-05 09:12:26'),(67,'Halee Marsh','13952451953','nived@mailinator.com','female',NULL,NULL,7,184,6,98,'1','2022-05-05 09:33:57','2022-05-05 09:33:57'),(68,'Akeem Golden','11238986736','gawez@mailinator.com','male',NULL,NULL,13,246,6,2,'1','2022-05-08 09:27:47','2022-05-08 09:27:47'),(69,'Sydnee Hayes','19281158194','tumoxe@mailinator.com','female',NULL,NULL,27,393,2,9,'1','2022-05-08 09:32:22','2022-05-08 09:32:22'),(70,'Brianna Guzman','01099347983','tajima@mailinator.com','male',2,NULL,13,246,2,2,'1','2022-05-16 15:35:08','2022-05-17 10:41:50'),(71,'Dalton Bradford','01098380666','kyzoh@mailinator.com','male',2,'Bad',20,306,4,70,'1','2022-05-16 15:43:53','2022-05-16 16:06:21'),(72,'Wesley Banks','18019863079','cenokugup@mailinator.com','female',5,NULL,20,312,6,33,'1','2022-05-16 16:17:41','2022-05-18 01:57:57'),(73,'Abdullah Shaban','01156668599','abdullah.shaban@kidzania.com.eg','male',1,'pr',2,77,2,4,'1','2022-05-17 12:59:15','2022-05-17 13:11:11'),(74,'hamdy','01123456789',NULL,'male',3,NULL,1,17,6,10,'1','2022-05-18 16:39:02','2022-05-24 16:06:03'),(76,'Madeson Olson','0105488898','mybupajep@mailinator.com','male',NULL,NULL,25,368,4,72,'1','2022-05-29 12:00:00','2022-05-29 12:00:00'),(77,'sameh mohamed','01003042712',NULL,'male',5,NULL,2,59,6,5,'1','2022-06-06 17:06:18','2022-06-07 10:55:47'),(78,'Mohamed','01121411940','moha.ibraheem1991@gmail.com','male',NULL,NULL,2,60,6,1,'1','2022-06-06 18:04:26','2022-06-06 18:04:26'),(79,'abdalah','01141986574',NULL,'male',NULL,NULL,2,59,NULL,NULL,'1','2022-06-07 11:05:22','2022-06-07 11:05:22'),(80,'Mostafa Holyle','01111140930','Test@test.com','male',5,'Test Note',5,159,NULL,NULL,'1','2022-06-07 13:30:01','2022-06-13 16:20:21'),(81,'Mahmoud','01121411941',NULL,NULL,NULL,NULL,NULL,NULL,NULL,NULL,'1','2022-06-08 20:02:33','2022-06-08 20:02:33'),(82,'Mona Lang','19911516405','dateqy@mailinator.com','male',NULL,NULL,5,163,2,55,'1','2022-06-20 16:33:27','2022-06-20 16:33:27'),(83,'Jocelyn Branch','15993644146','vixebez@mailinator.com','female',NULL,NULL,9,201,6,69,'1','2022-06-20 16:33:31','2022-06-20 16:33:31'),(84,'Palmer Love','14698129106','monu@mailinator.com','female',NULL,NULL,16,270,2,6,'1','2022-06-20 16:33:31','2022-06-20 16:33:31'),(85,'Coby Delacruz','19824662373','rykikem@mailinator.com','male',NULL,NULL,27,388,6,30,'1','2022-06-20 16:33:31','2022-06-20 16:33:31'),(86,'Indigo Mann','12146058231','wate@mailinator.com','female',NULL,NULL,17,277,NULL,97,'1','2022-06-20 16:33:32','2022-06-20 16:33:32'),(87,'Macy Decker','19123139835','fosyr@mailinator.com','male',1,'جدع',12,231,NULL,98,'1','2022-06-20 16:33:32','2022-06-20 16:33:32'),(88,'Malcolm Keller','17611859068','vazejuny@mailinator.com','male',NULL,NULL,19,303,NULL,68,'1','2022-06-20 16:33:33','2022-06-20 16:33:33'),(89,'Arsenio Anderson','19926794799','qyvipesy@mailinator.com','female',NULL,NULL,1,30,NULL,69,'1','2022-06-20 16:33:33','2022-06-20 16:33:33'),(90,'Zeph Strickland','17016362782','fazafydal@mailinator.com','female',NULL,NULL,27,396,NULL,22,'1','2022-06-20 16:33:34','2022-06-20 16:33:34'),(91,'McKenzie Wiley','15945124908','xapatyro@mailinator.com','female',NULL,NULL,8,196,NULL,75,'1','2022-06-20 16:33:34','2022-06-20 16:33:34'),(92,'Katelyn Blackwell','14857059945','weqago@mailinator.com','male',NULL,NULL,15,256,NULL,7,'1','2022-06-20 16:33:34','2022-06-20 16:33:34'),(93,'Medge Petty','14362734581','sihykany@mailinator.com','male',NULL,NULL,10,217,NULL,0,'1','2022-06-20 16:33:35','2022-06-20 16:33:35'),(94,'Lacey Everett','18845424725','joxavat@mailinator.com','female',NULL,NULL,24,365,NULL,1,'1','2022-06-20 16:33:35','2022-06-20 16:33:35'),(95,'Kaseem Gonzales','16346629043','bovezulywe@mailinator.com','female',NULL,NULL,15,264,NULL,43,'1','2022-06-20 16:33:35','2022-06-20 16:33:35'),(96,'Bert Tate','15117789403','mamefolovo@mailinator.com','male',NULL,NULL,12,238,NULL,56,'1','2022-06-20 16:33:36','2022-06-20 16:33:36'),(97,'Cole Holman','12497483008','cicytajo@mailinator.com','female',NULL,NULL,15,257,NULL,50,'1','2022-06-20 16:33:36','2022-06-20 16:33:36'),(98,'Linus Johns','18849536169','rulil@mailinator.com','female',NULL,NULL,20,319,NULL,24,'1','2022-06-20 16:33:36','2022-06-20 16:33:36'),(99,'Isaac Holman','14853142641','fyqu@mailinator.com','female',NULL,NULL,5,158,NULL,57,'1','2022-06-20 16:33:36','2022-06-20 16:33:36'),(100,'Camille Preston','15274319629','pegada@mailinator.com','female',NULL,NULL,13,243,NULL,54,'1','2022-06-20 16:33:37','2022-06-20 16:33:37'),(101,'Nina Gilmore','11152728052','lepuv@mailinator.com','female',NULL,NULL,4,140,NULL,89,'1','2022-06-20 16:33:37','2022-06-20 16:33:37'),(102,'Devin Roberts','11122676967','cocy@mailinator.com','female',NULL,NULL,10,211,NULL,74,'1','2022-06-20 16:33:37','2022-06-20 16:33:37'),(103,'Trevor Blackburn','15834362507','lovugyj@mailinator.com','male',NULL,NULL,13,247,NULL,44,'1','2022-06-20 16:33:37','2022-06-20 16:33:37'),(104,'Guy Holt','16935767516','posyhyfuhu@mailinator.com','female',NULL,NULL,26,378,NULL,5,'1','2022-06-20 16:33:38','2022-06-20 16:33:38'),(105,'Hadley Hudson','01098380656','qifuqura@mailinator.com','female',4,NULL,13,248,NULL,1,'1','2022-06-20 16:33:38','2022-06-20 16:33:38'),(106,'Melissa Myers','19774052273','kehuqyn@mailinator.com',NULL,NULL,NULL,NULL,NULL,NULL,NULL,'1','2022-06-20 16:33:38','2022-06-20 16:33:38'),(107,'Brady Watts','13532284937','puvylo@mailinator.com','male',NULL,NULL,23,355,2,36,'1','2022-06-20 16:33:39','2022-06-20 16:33:39'),(108,'Kiayada Medina','13963255128','dubiticyh@mailinator.com','male',NULL,NULL,10,217,2,68,'1','2022-06-20 16:33:39','2022-06-20 16:33:39'),(109,'Veda Cameron','13116856486','maxe@mailinator.com','female',NULL,NULL,16,268,4,76,'1','2022-06-20 16:33:39','2022-06-20 16:33:39'),(110,'Armando Jacobson','18419565674','caqam@mailinator.com','female',NULL,NULL,18,287,6,9,'1','2022-06-20 16:33:39','2022-06-20 16:33:39'),(111,'Katelyn Hernandez','01069099099','fujelewa@mailinator.com','male',NULL,NULL,1,22,2,98,'1','2022-06-20 16:33:40','2022-06-20 16:33:40'),(112,'Reagan Key','01004834728','gisiv@mailinator.com','female',NULL,NULL,18,288,4,98,'1','2022-06-20 16:33:40','2022-06-20 16:33:40'),(113,'Colt Moss','14756832641','zycoj@mailinator.com','female',NULL,NULL,19,299,6,39,'1','2022-06-20 16:33:40','2022-06-20 16:33:40'),(114,'Cheyenne Kirk','12213276638','fagy@mailinator.com','female',NULL,NULL,25,371,6,33,'1','2022-06-20 16:33:40','2022-06-20 16:33:40'),(115,'محمد جمال','010123456789','mohamed@yahoo.com','male',NULL,NULL,10,209,6,6,'1','2022-06-20 16:33:40','2022-06-20 16:33:40'),(116,'Steel Joyner','01020304050','wily@mailinator.com','female',NULL,NULL,7,189,6,9,'1','2022-06-20 16:33:41','2022-06-20 16:33:41'),(117,'محمد محمود','01095295335','mahmah100@gmail.com','male',NULL,NULL,9,202,4,3,'1','2022-06-20 16:33:41','2022-06-20 16:33:41'),(118,'Carter Sweet','010965544558','rixy@mailinator.com','female',NULL,NULL,15,261,6,23,'1','2022-06-20 16:33:41','2022-06-20 16:33:41'),(119,'Quynn Norman','011221121254','gysifo@mailinator.com','female',NULL,NULL,22,341,4,17,'1','2022-06-20 16:33:41','2022-06-20 16:33:41'),(120,'Edward Camacho','12836326165','sidiwe@mailinator.com','female',NULL,NULL,3,123,2,64,'1','2022-06-20 16:33:42','2022-06-20 16:33:42'),(121,'Carolyn Reilly','11764871451','hotanynu@mailinator.com','male',NULL,NULL,2,60,4,52,'1','2022-06-20 16:33:42','2022-06-20 16:33:42'),(122,'Akram Mustafa','01098214514','ak@yahoo.com','male',NULL,NULL,7,185,4,2,'1','2022-06-20 16:33:42','2022-06-20 16:33:42'),(123,'Olympia Cobb','11237973464','vuvunutow@mailinator.com','male',NULL,NULL,27,388,4,65,'1','2022-06-20 16:33:43','2022-06-20 16:33:43'),(124,'Shannon Summers','16896516321','fimasu@mailinator.com','male',NULL,NULL,25,369,2,76,'1','2022-06-20 16:33:43','2022-06-20 16:33:43'),(125,'Callum Ashley','11651995155','gesuwy@mailinator.com','male',NULL,NULL,24,366,4,89,'1','2022-06-20 16:33:44','2022-06-20 16:33:44'),(126,'Austin Whitney','12157715107','wequfy@mailinator.com','female',NULL,NULL,12,240,2,92,'1','2022-06-20 16:33:44','2022-06-20 16:33:44'),(127,'Ishmael Alston','19174721501','haxyje@mailinator.com','male',NULL,NULL,24,361,6,13,'1','2022-06-20 16:33:44','2022-06-20 16:33:44'),(128,'Logan English','16331294427','sadeqanik@mailinator.com','male',NULL,NULL,25,373,2,11,'1','2022-06-20 16:33:44','2022-06-20 16:33:44'),(129,'Ahmed Yahya','17127268691','ahmedtarekya100@gmail.com','female',NULL,NULL,1,34,6,32,'1','2022-06-20 16:33:44','2022-06-20 16:33:44'),(130,'Stone Norman','18714471826','nobe@mailinator.com','male',NULL,NULL,14,250,6,55,'1','2022-06-20 16:33:45','2022-06-20 16:33:45'),(131,'Kylee Fischer','19762845541','cyme@mailinator.com','female',NULL,NULL,20,322,2,42,'1','2022-06-20 16:33:45','2022-06-20 16:33:45'),(132,'Nyssa Moody','11534734073','myzive@mailinator.com','female',NULL,NULL,7,181,4,47,'1','2022-06-20 16:33:45','2022-06-20 16:33:45'),(133,'Luke Wilson','14939232887','tydad@mailinator.com','male',NULL,NULL,19,300,4,0,'1','2022-06-20 16:33:45','2022-06-20 16:33:45'),(134,'Raya Downs','19075348022','quvewak@mailinator.com','male',NULL,NULL,8,197,2,14,'1','2022-06-20 16:33:46','2022-06-20 16:33:46'),(135,'Shay Gregory','19326089699','fyminojocu@mailinator.com','male',NULL,NULL,14,253,6,70,'1','2022-06-20 16:33:46','2022-06-20 16:33:46'),(136,'Suki Bolton','15772763106','wukudo@mailinator.com','male',NULL,NULL,9,208,6,72,'1','2022-06-20 16:33:46','2022-06-20 16:33:46'),(137,'Kelsey Lowery','17291633318','mezehofovi@mailinator.com','male',NULL,NULL,14,253,4,20,'1','2022-06-20 16:33:46','2022-06-20 16:33:46'),(138,'Adrian Cummings','01065588999','xinyvemavu@mailinator.com','female',4,NULL,19,303,2,93,'1','2022-06-20 16:33:47','2022-06-20 16:33:47'),(139,'Erasmus Burgess','01098380650','teladyg@mailinator.com','male',NULL,NULL,25,368,2,56,'1','2022-06-20 16:33:47','2022-06-20 16:33:47'),(140,'Deborah Pate','01014548999','vahakytaw@mailinator.com','female',2,'Bad',15,255,6,25,'1','2022-06-20 16:33:47','2022-06-20 16:33:47'),(141,'Barry Cameron','13681269902','sufuz@mailinator.com','female',NULL,NULL,16,273,6,55,'1','2022-06-20 16:33:48','2022-06-20 16:33:48'),(142,'Dahlia Joseph','01098380651','tiqohipe@mailinator.com','male',3,NULL,13,243,4,28,'1','2022-06-20 16:33:48','2022-06-20 16:33:48'),(143,'Connor Dickson','01098380600','wedytasana@mailinator.com','female',5,NULL,18,293,4,57,'1','2022-06-20 16:33:48','2022-06-20 16:33:48'),(144,'mohamed elashry','01099347981','data@data.com','male',NULL,NULL,11,224,NULL,NULL,'1','2022-06-20 16:33:48','2022-06-20 16:33:48'),(145,'Halee Marsh','13952451953','nived@mailinator.com','female',NULL,NULL,7,184,6,98,'1','2022-06-20 16:33:48','2022-06-20 16:33:48'),(146,'Akeem Golden','11238986736','gawez@mailinator.com','male',NULL,NULL,13,246,6,2,'1','2022-06-20 16:33:49','2022-06-20 16:33:49'),(147,'Sydnee Hayes','19281158194','tumoxe@mailinator.com','female',NULL,NULL,27,393,2,9,'1','2022-06-20 16:33:49','2022-06-20 16:33:49'),(148,'Brianna Guzman','01099347983','tajima@mailinator.com','male',2,NULL,13,246,2,2,'1','2022-06-20 16:33:49','2022-06-20 16:33:49'),(149,'Dalton Bradford','01098380666','kyzoh@mailinator.com','male',2,'Bad',20,306,4,70,'1','2022-06-20 16:33:49','2022-06-20 16:33:49'),(150,'Wesley Banks','18019863079','cenokugup@mailinator.com','female',5,NULL,20,312,6,33,'1','2022-06-20 16:33:50','2022-06-20 16:33:50'),(151,'Abdullah Shaban','01156668599','abdullah.shaban@kidzania.com.eg','male',1,'pr',2,77,2,4,'1','2022-06-20 16:33:50','2022-06-20 16:33:50'),(152,'hamdy','01123456789',NULL,'male',3,NULL,1,17,6,10,'1','2022-06-20 16:33:50','2022-06-20 16:33:50'),(153,'Zahir Mayer','01095081882','myqe@mailinator.com','female',NULL,NULL,18,294,4,16,'1','2022-06-20 16:33:50','2022-06-20 16:33:50'),(154,'Madeson Olson','0105488898','mybupajep@mailinator.com','male',NULL,NULL,25,368,4,72,'1','2022-06-20 16:33:50','2022-06-20 16:33:50'),(155,'sameh mohamed','01003042712',NULL,'male',5,NULL,2,59,6,5,'1','2022-06-20 16:33:51','2022-06-20 16:33:51'),(156,'Mohamed','01121411940','moha.ibraheem1991@gmail.com','male',NULL,NULL,2,60,6,1,'1','2022-06-20 16:33:51','2022-06-20 16:33:51'),(157,'abdalah','01141986574',NULL,'male',NULL,NULL,2,59,NULL,NULL,'1','2022-06-20 16:33:51','2022-06-20 16:33:51'),(158,'Mostafa Holyle','01111140930','Test@test.com','male',5,'Test Note',5,159,NULL,NULL,'1','2022-06-20 16:33:51','2022-06-20 16:33:51'),(159,'Mahmoud','01121411941',NULL,NULL,NULL,NULL,NULL,NULL,NULL,NULL,'1','2022-06-20 16:33:52','2022-06-20 16:33:52');
/*!40000 ALTER TABLE `clients` ENABLE KEYS */;
UNLOCK TABLES;
COMMIT;

-- Dumped table `clients` with 155 row(s)
--

--
-- Table structure for table `shifts`
--

/*!40101 SET @saved_cs_client     = @@character_set_client */;
/*!40101 SET character_set_client = utf8 */;
CREATE TABLE `shifts` (
  `id` bigint(20) unsigned NOT NULL AUTO_INCREMENT,
  `from` time DEFAULT NULL,
  `to` time DEFAULT NULL,
  `status` enum('0','1') COLLATE utf8mb4_unicode_ci NOT NULL DEFAULT '1',
  `created_at` timestamp NULL DEFAULT NULL,
  `updated_at` timestamp NULL DEFAULT NULL,
  PRIMARY KEY (`id`)
) ENGINE=InnoDB AUTO_INCREMENT=41 DEFAULT CHARSET=utf8mb4 COLLATE=utf8mb4_unicode_ci;
/*!40101 SET character_set_client = @saved_cs_client */;

--
-- Dumping data for table `shifts`
--

LOCK TABLES `shifts` WRITE;
/*!40000 ALTER TABLE `shifts` DISABLE KEYS */;
SET autocommit=0;
INSERT INTO `shifts` VALUES (1,'08:00:00','16:00:00','1',NULL,'2022-03-12 12:30:47'),(2,'16:00:00','23:59:59','1',NULL,NULL);
/*!40000 ALTER TABLE `shifts` ENABLE KEYS */;
UNLOCK TABLES;
COMMIT;

-- Dumped table `shifts` with 2 row(s)
--

--
-- Table structure for table `contact_us`
--

/*!40101 SET @saved_cs_client     = @@character_set_client */;
/*!40101 SET character_set_client = utf8 */;
CREATE TABLE `contact_us` (
  `id` bigint(20) unsigned NOT NULL AUTO_INCREMENT,
  `first_name` varchar(255) COLLATE utf8mb4_unicode_ci NOT NULL,
  `last_name` varchar(255) COLLATE utf8mb4_unicode_ci NOT NULL,
  `phone` varchar(255) COLLATE utf8mb4_unicode_ci NOT NULL,
  `email` varchar(255) COLLATE utf8mb4_unicode_ci NOT NULL,
  `status` enum('0','1') COLLATE utf8mb4_unicode_ci DEFAULT '0',
  `message` text COLLATE utf8mb4_unicode_ci NOT NULL,
  `created_at` timestamp NULL DEFAULT NULL,
  `updated_at` timestamp NULL DEFAULT NULL,
  PRIMARY KEY (`id`)
) ENGINE=InnoDB AUTO_INCREMENT=21 DEFAULT CHARSET=utf8mb4 COLLATE=utf8mb4_unicode_ci;
/*!40101 SET character_set_client = @saved_cs_client */;

--
-- Dumping data for table `contact_us`
--

LOCK TABLES `contact_us` WRITE;
/*!40000 ALTER TABLE `contact_us` DISABLE KEYS */;
SET autocommit=0;
INSERT INTO `contact_us` VALUES (3,'Moahmed','Ashry','01098484752','mohamed@gmail.com','1','Hey I want to reserve','2022-02-27 12:11:23','2022-02-28 13:22:31'),(4,'Moahmed','Ashry','01098484752','mohamed@gmail.com','1','Hey I want to reserve','2022-02-27 12:11:23','2022-02-28 13:20:33'),(5,'Moahmed','Ashry','01098484752','mohamed@gmail.com','1','Hey I want to reserve','2022-02-27 12:11:23','2022-02-28 13:16:55'),(6,'Moahmed','Ashry','01098484752','mohamed@gmail.com','1','Hey I want to reserve','2022-02-27 12:11:23','2022-02-28 12:54:54'),(7,'Moahmed','Ashry','01098484752','mohamed@gmail.com','1','Hey I want to reserve','2022-02-27 12:11:23','2022-03-05 14:17:20'),(8,'Moahmed','Ashry','01098484752','mohamed@gmail.com','1','Hey I want to reserve','2022-02-27 12:11:23','2022-03-05 14:17:26'),(10,'ALi','Mohamed','01098484752','mohamed@gmail.com','1','Hey I want to reserve','2022-03-05 12:10:23','2022-03-05 14:51:31'),(11,'Ahmed','Yahya','01098522145','ahmed@gmail.com','1','Hey What is the phone to call you plz answer me as Hey What is the phone to call you plz answer me as soon as possibleHey What is the phone to call you plz answer me as soon as possible soon as possible','2022-03-05 12:11:23','2022-03-09 12:10:06'),(13,'Ahmed','Yahya','01098380656','ahmedtarekya100@gmail.com','1','heeeeeeeeeey','2022-03-06 05:08:01','2022-05-01 07:17:35'),(14,'Angela','Payne','89','vupa@mailinator.com','1','Quis perferendis nob','2022-03-06 05:09:20','2022-05-01 07:17:41'),(15,'Jade','Jacobson','92','qikonipadu@mailinator.com','0','Laboriosam aute rat','2022-03-06 05:18:08','2022-03-06 05:18:08'),(16,'محمود','الكومي','01098784512','elkomy@gmail.com','0','tesssssssssssst','2022-03-06 05:24:50','2022-03-06 05:24:50'),(17,'Fleur','Cruz','13','wiji@mailinator.com','0','Inventore Nam sunt i','2022-03-06 05:26:05','2022-03-06 05:26:05'),(18,'Madison','Haney','32','mube@mailinator.com','0','Saepe voluptatibus a','2022-03-06 05:28:00','2022-03-06 05:28:00'),(19,'Keelie','Franco','28','howuzumuj@mailinator.com','1','Aperiam quisquam lab','2022-03-31 12:52:16','2022-05-01 07:17:46'),(20,'abdullah','shaban','01156668599','admin@admin.com','0','rdydufdtutduftufrtu','2022-05-17 13:57:38','2022-05-17 13:57:38');
/*!40000 ALTER TABLE `contact_us` ENABLE KEYS */;
UNLOCK TABLES;
COMMIT;

-- Dumped table `contact_us` with 16 row(s)
--

--
-- Table structure for table `tickets`
--

/*!40101 SET @saved_cs_client     = @@character_set_client */;
/*!40101 SET character_set_client = utf8 */;
CREATE TABLE `tickets` (
  `id` bigint(20) unsigned NOT NULL AUTO_INCREMENT,
  `add_by` int(11) DEFAULT NULL,
  `ticket_num` varchar(255) COLLATE utf8mb4_unicode_ci DEFAULT NULL,
  `visit_date` date DEFAULT NULL,
  `shift_id` bigint(20) unsigned DEFAULT NULL,
  `client_id` varchar(50) COLLATE utf8mb4_unicode_ci DEFAULT NULL,
  `hours_count` double DEFAULT 0,
  `total_price` double DEFAULT 0,
  `total_top_up_hours` double DEFAULT 0,
  `total_top_up_price` double DEFAULT 0,
  `total_top_down_price` double NOT NULL DEFAULT 0,
  `payment_method` enum('cash','visa','mastercard','Meeza') COLLATE utf8mb4_unicode_ci NOT NULL DEFAULT 'cash',
  `payment_status` enum('0','1') COLLATE utf8mb4_unicode_ci DEFAULT '0',
  `note` text COLLATE utf8mb4_unicode_ci DEFAULT NULL,
  `discount_type` enum('per','val') COLLATE utf8mb4_unicode_ci DEFAULT 'val',
  `discount_value` double DEFAULT 0,
  `discount_id` bigint(20) DEFAULT NULL,
  `ticket_price` double NOT NULL DEFAULT 0,
  `ent_tax` double DEFAULT 0,
  `vat` double NOT NULL DEFAULT 0,
  `grand_total` double DEFAULT 0,
  `paid_amount` double DEFAULT 0 COMMENT 'المدفوع',
  `rem_amount` double DEFAULT 0 COMMENT 'المتبقى',
  `status` enum('append','in','out') COLLATE utf8mb4_unicode_ci DEFAULT 'append',
  `uploaded` varchar(5) COLLATE utf8mb4_unicode_ci NOT NULL DEFAULT '0',
  `created_at` timestamp NULL DEFAULT NULL,
  `updated_at` timestamp NULL DEFAULT NULL,
  PRIMARY KEY (`id`),
  KEY `tickets_shift_id_foreign` (`shift_id`),
  CONSTRAINT `tickets_shift_id_foreign` FOREIGN KEY (`shift_id`) REFERENCES `shifts` (`id`) ON DELETE CASCADE
) ENGINE=InnoDB AUTO_INCREMENT=164 DEFAULT CHARSET=utf8mb4 COLLATE=utf8mb4_unicode_ci;
/*!40101 SET character_set_client = @saved_cs_client */;

--
-- Dumping data for table `tickets`
--

LOCK TABLES `tickets` WRITE;
/*!40000 ALTER TABLE `tickets` DISABLE KEYS */;
SET autocommit=0;
INSERT INTO `tickets` VALUES (68,4,'THU51194736','2022-04-07',1,'51',2,477.66,0,0,0,'cash','0',NULL,'per',5,0,0,0,0,453.78,453.78,0,'out','1','2022-04-07 20:49:17','2022-05-30 09:14:39'),(69,4,'THU26223256','2022-04-07',1,'26',5,768.36,0,0,0,'cash','0',NULL,'per',5,0,0,0,0,729.94,729.94,0,'out','1','2022-04-07 21:33:45','2022-05-30 09:14:39'),(70,4,'FRI53770027','2022-04-08',1,'53',2,238.26,0,0,0,'cash','0',NULL,'per',4,0,0,0,0,228.73,228.73,0,'out','1','2022-04-07 23:00:52','2022-05-30 09:14:39'),(71,4,'SUN26721236','2022-04-10',2,'26',1,295.26,0,0,0,'cash','0',NULL,'per',4,0,0,0,0,283.45,283.45,0,'out','1','2022-04-10 12:13:09','2022-05-30 09:14:39'),(72,4,'WED2684251','2022-04-13',1,'26',5,621.3,0,0,0,'cash','0',NULL,'per',0,0,0,0,0,621.3,0,621.3,'out','1','2022-04-13 04:43:15','2022-05-30 09:14:39'),(75,4,'THU26675713','2022-04-21',1,'26',2,306.66,0,0,0,'Meeza','0',NULL,'per',6,0,0,0,0,288.26,288.26,0,'out','1','2022-04-21 08:01:24','2022-05-30 09:14:39'),(76,4,'THU26652621','2022-04-21',1,'26',1,336.3,0,0,0,'cash','0',NULL,'per',0,0,0,0,0,336.3,0,336.3,'out','1','2022-04-21 08:27:19','2022-05-30 09:14:39'),(77,4,'THU55814254','2022-04-21',1,'55',3,530.1,0,0,0,'cash','0',NULL,'per',5,0,0,0,0,503.6,503.6,0,'out','1','2022-04-21 09:43:53','2022-05-30 09:14:39'),(78,4,'THU55824533','2022-04-21',1,'55',2,397.86,0,0,0,'cash','0',NULL,'per',0,0,0,0,0,397.86,0,397.86,'out','1','2022-04-21 09:46:02','2022-05-30 09:14:39'),(79,4,'THU55975132','2022-04-21',1,'55',5,1098.96,0,0,0,'cash','0',NULL,'per',5,0,0,0,0,1044.01,1044.01,0,'out','1','2022-04-21 09:51:59','2022-05-30 09:14:39'),(80,4,'THU55515607','2022-04-21',1,'55',2,580.26,0,0,0,'cash','0',NULL,'per',50,0,0,0,0,290.13,290.13,0,'out','1','2022-04-21 09:56:34','2022-05-30 09:14:39'),(81,4,'THU55515755','2022-04-21',2,'55',1,249.66,0,0,0,'cash','0',NULL,'per',0,0,0,0,0,249.66,0,249.66,'out','1','2022-04-21 09:58:16','2022-05-30 09:14:39'),(82,4,'THU5545857','2022-04-21',1,'55',1,243.96,0,0,0,'cash','0',NULL,'per',5,0,0,0,0,231.76,100,131.76,'out','1','2022-04-21 09:59:26','2022-05-30 09:14:39'),(83,4,'THU55510031','2022-04-21',1,'55',2,296.4,0,0,0,'cash','0',NULL,'per',1,0,0,0,0,293.44,293.44,0,'out','1','2022-04-21 10:00:55','2022-05-30 09:14:39'),(84,4,'SUN26202845','2022-04-24',2,'26',2,336.3,0,0,0,'cash','0',NULL,'val',41.5,0,0,0,0,294.8,294.8,0,'out','1','2022-04-24 04:29:26','2022-05-30 09:14:39'),(85,4,'SUN56390813','2022-04-24',1,'56',2,328.32,0,0,0,'cash','0',NULL,'per',0,0,0,0,0,328.32,0,328.32,'out','1','2022-04-24 08:09:45','2022-05-30 09:14:39'),(86,4,'SUN57912942','2022-04-24',1,'57',2,713.64,0,0,0,'cash','0',NULL,'per',5,0,0,0,0,677.96,677.96,0,'out','1','2022-04-24 09:31:06','2022-05-30 09:14:39'),(87,4,'SUN58414908','2022-04-24',1,'58',2,421.8,0,0,0,'cash','0',NULL,'per',2,3,0,0,0,413.36,413.36,0,'out','1','2022-04-24 09:49:55','2022-05-30 09:14:39'),(88,4,'SUN58425210','2022-04-24',1,'58',2,397.86,0,0,0,'cash','0',NULL,'per',0,NULL,0,0,0,397.86,0,397.86,'out','1','2022-04-24 09:52:30','2022-05-30 09:14:39'),(89,4,'TUE26704427','2022-04-26',1,'26',2,433.2,0,0,0,'cash','0',NULL,'per',5,NULL,0,0,0,411.54,411.54,0,'out','1','2022-04-26 04:45:21','2022-05-30 09:14:39'),(90,4,'TUE26884858','2022-04-26',1,'26',2,238.26,0,0,0,'cash','0',NULL,'per',2,NULL,0,0,0,233.49,0,233.49,'out','1','2022-04-26 04:49:39','2022-05-30 09:14:39'),(91,4,'TUE26485609','2022-04-26',1,'26',2,430.92,0,0,0,'cash','0',NULL,'per',0,NULL,0,0,0,430.92,0,430.92,'out','1','2022-04-26 04:56:44','2022-05-30 09:14:39'),(92,4,'TUE26305829','2022-04-26',1,'26',2,409.26,0,0,0,'cash','0',NULL,'per',8,2,0,0,0,376.52,0,376.52,'out','1','2022-04-26 04:59:12','2022-05-30 09:14:39'),(93,4,'TUE26340439','2022-04-26',1,'26',2,282.72,0,0,0,'cash','0',NULL,'per',0,NULL,0,0,0,282.72,0,282.72,'out','1','2022-04-26 05:05:00','2022-05-30 09:14:39'),(94,4,'TUE26880506','2022-04-26',1,'26',3,335.16,0,0,0,'cash','0',NULL,'per',0,3,0,0,0,335.16,0,335.16,'out','1','2022-04-26 05:05:33','2022-05-30 09:14:39'),(95,4,'TUE26433413','2022-04-26',1,'26',2,233.7,0,0,0,'cash','0',NULL,'per',20,3,0,0,0,186.96,186.96,0,'out','1','2022-04-26 06:00:03','2022-05-30 09:14:39'),(96,4,'TUE2632018','2022-04-26',1,'26',2,427.5,0,0,0,'cash','0',NULL,'per',0,NULL,0,0,0,427.5,0,427.5,'out','1','2022-04-26 09:20:37','2022-05-30 09:14:39'),(97,4,'TUE2682057','2022-04-26',2,'26',2,386.46,0,0,0,'cash','0',NULL,'per',0,NULL,0,0,0,386.46,0,386.46,'out','1','2022-04-26 09:21:18','2022-05-30 09:14:39'),(98,4,'WED26264928','2022-04-27',1,'26',2,397.86,0,0,0,'cash','0',NULL,'per',10,1,0,0,0,358.07,358.07,0,'out','1','2022-04-27 04:56:53','2022-05-30 09:14:39'),(99,4,'THU26953232','2022-04-28',1,'26',2,150,0,0,0,'cash','0',NULL,'per',0,2,119.62,11.96,18.42,150,0,150,'out','1','2022-04-28 07:36:21','2022-05-30 09:14:39'),(100,4,'THU60933856','2022-04-28',1,'60',2,115,0,0,0,'cash','0',NULL,'per',0,NULL,0,0,0,115,0,115,'out','1','2022-04-28 07:41:47','2022-05-30 09:14:39'),(101,4,'THU50534352','2022-04-28',1,'50',2,70,0,0,0,'cash','0',NULL,'per',0,NULL,0,0,0,70,0,70,'out','1','2022-04-28 07:44:28','2022-05-30 09:14:39'),(102,4,'THU52244528','2022-04-28',1,'52',2,70,0,0,0,'cash','0',NULL,'per',5,3,0,0,0,66.5,0,66.5,'out','1','2022-04-28 07:46:26','2022-05-30 09:14:39'),(103,4,'THU53404713','2022-04-28',1,'53',2,185,0,0,0,'cash','0',NULL,'per',0,NULL,0,0,0,185,185,0,'out','1','2022-04-28 07:48:07','2022-05-30 09:14:39'),(104,4,'THU5475633','2022-04-28',1,'54',2,115,0,0,0,'cash','0',NULL,'per',0,NULL,0,0,0,115,0,115,'out','1','2022-04-28 07:57:30','2022-05-30 09:14:39'),(105,4,'THU55940758','2022-04-28',1,'55',2,115,0,0,0,'cash','0',NULL,'per',0,NULL,91.71,9.17,14.12,115,0,115,'out','1','2022-04-28 08:08:50','2022-05-30 09:14:39'),(106,4,'THU56841428','2022-04-28',1,'56',2,400,0,0,0,'cash','0',NULL,'per',5,3,318.98,31.9,49.12,380,380,0,'out','1','2022-04-28 08:15:10','2022-05-30 09:14:39'),(107,4,'THU61975059','2022-04-28',1,'61',2,135,0,0,0,'cash','0',NULL,'per',0,NULL,118.42,NULL,16.58,135,0,135,'out','1','2022-04-28 10:51:25','2022-05-30 09:14:39'),(108,4,'THU6212720','2022-04-28',1,'62',3,140,0,0,0,'cash','0',NULL,'per',3,2,111.64,11.16,17.19,135.8,0,135.8,'out','1','2022-04-28 11:27:45','2022-05-30 09:14:39'),(109,4,'FRI63923453','2022-04-29',2,'63',2,100,0,0,0,'cash','0',NULL,'per',5,2,79.74,7.97,12.28,95,95,0,'out','1','2022-04-29 13:36:57','2022-05-30 09:14:39'),(110,4,'SUN26713127','2022-05-01',1,'26',2,140,0,0,0,'cash','0',NULL,'per',5,1,79.74,7.97,12.28,133,133,0,'out','1','2022-05-01 06:34:39','2022-05-30 09:14:39'),(111,4,'SUN64355810','2022-05-01',1,'64',2,80,0,0,0,'cash','0',NULL,'val',5,3,63.8,6.38,9.82,75,75,0,'out','1','2022-05-01 06:58:36','2022-05-30 09:14:39'),(112,4,'SUN65300603','2022-05-01',1,'65',3,140,0,0,0,'cash','0',NULL,'per',1,1,83.73,8.37,12.89,138.6,138.6,0,'out','1','2022-05-01 07:06:54','2022-05-30 09:14:39'),(113,4,'THU66501227','2022-05-05',1,'66',1,50,0,0,0,'cash','0',NULL,'per',0,NULL,39.87,3.99,6.14,50,50,0,'out','1','2022-05-05 09:12:45','2022-05-05 09:13:37'),(114,4,'THU26771227','2022-05-05',1,'26',3,425,2,100,0,'cash','0',NULL,'per',5,2,322.97,32.3,49.74,403.75,403.75,0,'out','1','2022-05-05 09:12:59','2022-05-30 09:14:39'),(115,4,'THU66571437','2022-05-05',1,'66',1,100,0,0,0,'cash','0',NULL,'per',0,NULL,79.74,7.97,12.28,100,100,0,'out','1','2022-05-05 09:15:06','2022-05-30 09:14:39'),(116,4,'THU67853359','2022-05-05',1,'67',2,185,2,70,0,'cash','0',NULL,'per',5,2,135.57,13.56,20.88,175.75,175.75,0,'out','1','2022-05-05 09:34:24','2022-05-30 09:14:39'),(117,4,'SUN26585608','2022-05-08',1,'26',2,425,1,30,0,'cash','0',NULL,'per',12,1,326.95,32.7,50.35,54,374,0,'out','1','2022-05-08 08:57:30','2022-05-08 09:04:31'),(118,4,'SUN68372749','2022-05-08',1,'68',1,115,0,0,0,'cash','0',NULL,'per',0,NULL,71.77,7.18,11.05,115,115,0,'out','1','2022-05-08 09:28:12','2022-05-30 09:14:39'),(119,4,'SUN69263223','2022-05-08',1,'69',2,215,3,120,50,'cash','0',NULL,'per',0,NULL,143.54,14.35,22.11,135,215,0,'out','1','2022-05-08 09:32:52','2022-05-30 09:14:39'),(120,4,'THU6622859','2022-05-12',1,'66',1,115,0,0,0,'cash','0',NULL,'per',10,2,71.77,7.18,11.05,103.5,103.5,0,'out','1','2022-05-12 13:30:43','2022-05-30 09:14:39'),(121,4,'MON70413510','2022-05-16',1,'70',2,195,0,0,100,'cash','0',NULL,'per',0,NULL,143.54,14.35,22.11,95,195,0,'out','1','2022-05-16 15:35:45','2022-05-30 09:14:39'),(122,4,'MON71384354','2022-05-16',1,'71',2,315,0,0,0,'visa','0',NULL,'per',3,1,199.36,19.94,30.7,305.55,305.55,0,'out','1','2022-05-16 15:47:03','2022-05-16 16:09:56'),(123,4,'MON71691022','2022-05-16',2,'71',2,295,0,0,0,'cash','0',NULL,'per',5,2,207.34,20.73,31.93,280.25,280.25,0,'out','1','2022-05-16 16:10:59','2022-05-30 09:14:39'),(124,4,'MON72481742','2022-05-16',2,'72',2,440,0,0,0,'cash','0',NULL,'per',0,NULL,350.88,35.09,54.04,440,440,0,'out','1','2022-05-16 16:18:08','2022-05-30 09:14:39'),(125,4,'TUE73455916','2022-05-17',1,'73',2,290,1,40,0,'cash','0',NULL,'val',90,1,191.39,19.14,29.47,240,200,0,'out','1','2022-05-17 13:02:46','2022-05-17 13:16:35'),(126,4,'WED74683903','2022-05-18',2,'74',2,800,0,0,0,'cash','0',NULL,'per',10,1,494.42,49.44,76.14,720,720,0,'out','1','2022-05-18 16:51:19','2022-05-30 09:14:39'),(127,4,'THU74673547','2022-05-19',1,'74',3,665,0,0,0,'cash','0',NULL,'val',65,1,502.39,50.24,77.37,600,600,0,'out','1','2022-05-19 09:38:58','2022-05-30 09:14:39'),(128,4,'SAT73424219','2022-05-21',1,'73',1,160,1,40,0,'cash','0',NULL,'val',10,1,71.77,7.18,11.05,190,150,0,'out','1','2022-05-21 13:44:28','2022-05-21 13:59:17'),(129,4,'SAT73702044','2022-05-30',1,'73',2,180,0,0,0,'cash','0',NULL,'per',0,NULL,143.54,14.35,22.11,180,180,0,'out','1','2022-05-21 14:21:12','2022-05-30 09:14:39'),(131,4,'SUN76970001','2022-05-29',1,'76',2,385,0,0,0,'Meeza','0',NULL,'per',20,3,279.11,27.91,42.98,308,308,0,'out','1','2022-05-29 12:00:35','2022-05-30 09:14:39'),(132,4,'MON66813609','2022-05-30',1,'66',3,450,0,0,0,'Meeza','1',NULL,'per',0,NULL,358.85,35.89,55.26,450,450,0,'out','1','2022-05-30 14:36:44','2022-05-31 15:15:24'),(133,12,'MON73414553','2022-06-06',2,'73',1,140,0,0,0,'cash','1',NULL,'per',0,NULL,87.72,8.77,13.51,140,140,0,'out','1','2022-06-06 15:47:51','2022-06-06 16:31:33'),(134,12,'MON7710619','2022-06-06',2,'77',2,520,0,0,0,'cash','0',NULL,'per',0,NULL,414.67,41.47,63.86,520,0,520,'out','1','2022-06-06 17:08:53','2022-06-06 17:09:25'),(135,12,'MON77870937','2022-06-06',2,'77',3,660,0,0,0,'cash','1',NULL,'per',0,3,526.32,52.63,81.05,660,660,0,'out','1','2022-06-06 17:16:50','2022-06-06 18:02:49'),(136,12,'TUE77794958','2022-06-07',1,'77',2,260,0,0,0,'cash','0',NULL,'per',0,NULL,207.34,20.73,31.93,260,0,260,'out','1','2022-06-07 10:50:39','2022-06-07 10:51:54'),(137,12,'TUE77235221','2022-06-07',1,'77',3,540,0,0,0,'cash','0',NULL,'per',50,1,430.62,43.06,66.32,270,0,270,'out','1','2022-06-07 10:53:19','2022-06-07 10:56:54'),(138,12,'TUE77410127','2022-06-07',1,'77',2,180,0,0,0,'cash','1',NULL,'per',20,3,143.54,14.35,22.11,144,144,0,'out','1','2022-06-07 11:02:03','2022-06-07 11:34:04'),(139,12,'TUE79450523','2022-06-07',1,'79',1,90,1,40,0,'cash','1',NULL,'per',0,NULL,71.77,7.18,11.05,130,90,0,'out','1','2022-06-07 11:05:44','2022-06-07 11:34:04'),(140,12,'TUE73811237','2022-06-07',1,'73',2,180,0,0,0,'cash','1',NULL,'per',0,NULL,143.54,14.35,22.11,180,180,0,'out','1','2022-06-07 11:13:09','2022-06-07 11:34:04'),(141,11,'WED78235357','2022-06-08',2,'78',1,130,0,0,0,'cash','1',NULL,'per',50,1,87.72,8.77,13.51,65,65,0,'out','1','2022-06-08 19:58:10','2022-06-08 20:00:58'),(142,11,'WED81800234','2022-06-08',2,'81',1,125,0,0,0,'cash','1',NULL,'per',0,NULL,87.72,8.77,13.51,125,125,0,'out','1','2022-06-08 20:03:55','2022-06-12 13:52:48'),(143,NULL,'SUNWEBSITE225738','2022-06-12',2,NULL,1,90,0,0,0,'cash','0',NULL,'per',0,NULL,55.82,5.58,8.6,90,50,40,'out','1','2022-06-12 16:58:01','2022-06-13 10:54:24'),(144,NULL,'SUNWEBSITE990003','2022-06-12',2,NULL,1,85,0,0,0,'cash','0',NULL,'per',0,NULL,55.82,5.58,8.6,85,0,85,'out','1','2022-06-12 17:00:24','2022-06-13 10:54:24'),(145,NULL,'SUNWEBSITE710113','2022-06-12',2,NULL,1,90,0,0,0,'cash','0',NULL,'per',0,NULL,55.82,5.58,8.6,90,0,90,'out','1','2022-06-12 17:03:37','2022-06-13 10:54:24'),(146,NULL,'MONWEBSITE634255','2022-06-13',1,NULL,3,150,0,0,0,'cash','0',NULL,'per',0,NULL,119.62,11.96,18.42,150,0,150,'out','1','2022-06-13 10:44:13','2022-06-13 10:54:24'),(147,NULL,'MONWEBSITE05127','2022-06-13',1,NULL,1,55,0,0,0,'cash','1',NULL,'val',0,NULL,27.91,2.79,4.3,55,55,0,'out','1','2022-06-13 10:53:53','2022-06-13 10:54:24'),(148,NULL,'MONWEBSITE600129','2022-06-13',1,NULL,1,75,0,0,0,'cash','1',NULL,'val',0,NULL,39.87,3.99,6.14,75,75,0,'out','1','2022-06-13 11:01:58','2022-06-13 16:06:29'),(149,4,'MON80172038','2022-06-13',2,'80',1,145,0,0,0,'cash','1',NULL,'per',0,NULL,87.72,8.77,13.51,145,145,0,'out','1','2022-06-13 16:25:21','2022-06-13 16:26:28'),(150,4,'MON73933007','2022-06-14',2,'73',1,110,0,0,0,'cash','1',NULL,'per',10,3,96.49,NULL,13.51,99,99,0,'out','1','2022-06-13 16:32:13','2022-06-14 10:04:33'),(151,4,'TUE75303905','2022-06-14',1,'75',1,35,0,0,0,'visa','1',NULL,'per',1,2,0,NULL,0,34.65,34.65,0,'out','1','2022-06-14 11:40:42','2022-06-14 16:36:37'),(152,4,'WED26922249','2022-06-15',2,'26',2,135,0,0,0,'Meeza','0',NULL,'per',5,3,105.26,NULL,14.74,128.25,100,28.25,'out','1','2022-06-15 17:23:29','2022-06-16 00:40:06'),(153,NULL,'THUWEBSITE462259','2022-06-16',1,NULL,2,105,0,0,0,'cash','0',NULL,'val',0,NULL,61.4,NULL,8.6,105,50,55,'out','1','2022-06-16 10:40:17','2022-06-19 15:29:51'),(162,4,'MON75590320','2022-06-20',2,NULL,1,105,0,0,0,'cash','0',NULL,'per',20,3,61.4,NULL,8.6,84,0,84,'out','1','2022-06-20 17:19:49','2022-06-20 17:33:38'),(163,4,'MON75590320','2022-06-20',2,NULL,1,105,0,0,0,'cash','0',NULL,'per',20,3,61.4,NULL,8.6,84,0,84,'out','1','2022-06-20 17:23:41','2022-06-20 17:33:38');
/*!40000 ALTER TABLE `tickets` ENABLE KEYS */;
UNLOCK TABLES;
COMMIT;

-- Dumped table `tickets` with 85 row(s)
--

--
-- Table structure for table `categories`
--

/*!40101 SET @saved_cs_client     = @@character_set_client */;
/*!40101 SET character_set_client = utf8 */;
CREATE TABLE `categories` (
  `id` bigint(20) unsigned NOT NULL AUTO_INCREMENT,
  `title` varchar(500) COLLATE utf8mb4_unicode_ci DEFAULT NULL,
  `created_at` timestamp NULL DEFAULT NULL,
  `updated_at` timestamp NULL DEFAULT NULL,
  PRIMARY KEY (`id`)
) ENGINE=InnoDB AUTO_INCREMENT=8 DEFAULT CHARSET=utf8mb4 COLLATE=utf8mb4_unicode_ci;
/*!40101 SET character_set_client = @saved_cs_client */;

--
-- Dumping data for table `categories`
--

LOCK TABLES `categories` WRITE;
/*!40000 ALTER TABLE `categories` DISABLE KEYS */;
SET autocommit=0;
INSERT INTO `categories` VALUES (1,'Meals','2022-02-23 07:51:04',NULL),(2,'Toys','2022-02-01 07:51:09',NULL),(3,'Drinks','2022-02-04 07:51:13',NULL),(7,'services','2022-04-28 04:49:44','2022-04-28 04:49:44');
/*!40000 ALTER TABLE `categories` ENABLE KEYS */;
UNLOCK TABLES;
COMMIT;

-- Dumped table `categories` with 4 row(s)
--

--
-- Table structure for table `groups`
--

/*!40101 SET @saved_cs_client     = @@character_set_client */;
/*!40101 SET character_set_client = utf8 */;
CREATE TABLE `groups` (
  `id` bigint(20) NOT NULL AUTO_INCREMENT,
  `title` varchar(255) DEFAULT NULL,
  `text` text DEFAULT NULL,
  `image` varchar(255) DEFAULT NULL,
  `created_at` text NOT NULL,
  `updated_at` timestamp NOT NULL DEFAULT current_timestamp() ON UPDATE current_timestamp(),
  PRIMARY KEY (`id`)
) ENGINE=InnoDB AUTO_INCREMENT=3 DEFAULT CHARSET=utf8mb4;
/*!40101 SET character_set_client = @saved_cs_client */;

--
-- Dumping data for table `groups`
--

LOCK TABLES `groups` WRITE;
/*!40000 ALTER TABLE `groups` DISABLE KEYS */;
SET autocommit=0;
INSERT INTO `groups` VALUES (1,'GROUPS','If you want to spice up your adventure, then gather up your group of friends or fellow adventurers and set your sails towards Sky Park.','assets/uploads/admins/7941651144437.svg','2022-04-28 11:13:57','2022-04-28 11:15:53'),(2,'TEAM BUILDING','Do you think that your team’s bonds need some enhancement like our ropes are attached to the wooden platforms? Reach our team and let them organize an unforgettable team-building day for your employees.','assets/uploads/groups/82291651146527.svg','2022-04-28 11:48:47','2022-04-28 09:48:47');
/*!40000 ALTER TABLE `groups` ENABLE KEYS */;
UNLOCK TABLES;
COMMIT;

-- Dumped table `groups` with 2 row(s)
--

--
-- Table structure for table `model_has_permissions`
--

/*!40101 SET @saved_cs_client     = @@character_set_client */;
/*!40101 SET character_set_client = utf8 */;
CREATE TABLE `model_has_permissions` (
  `permission_id` bigint(20) unsigned NOT NULL,
  `model_type` varchar(255) COLLATE utf8mb4_unicode_ci NOT NULL,
  `model_id` bigint(20) unsigned NOT NULL,
  PRIMARY KEY (`permission_id`,`model_id`,`model_type`),
  KEY `model_has_permissions_model_id_model_type_index` (`model_id`,`model_type`),
  CONSTRAINT `model_has_permissions_permission_id_foreign` FOREIGN KEY (`permission_id`) REFERENCES `permissions` (`id`) ON DELETE CASCADE
) ENGINE=InnoDB DEFAULT CHARSET=utf8mb4 COLLATE=utf8mb4_unicode_ci;
/*!40101 SET character_set_client = @saved_cs_client */;

--
-- Dumping data for table `model_has_permissions`
--

LOCK TABLES `model_has_permissions` WRITE;
/*!40000 ALTER TABLE `model_has_permissions` DISABLE KEYS */;
SET autocommit=0;
INSERT INTO `model_has_permissions` VALUES (21,'App\\Models\\Admin',12),(22,'App\\Models\\Admin',16),(23,'App\\Models\\Admin',12),(24,'App\\Models\\Admin',16),(25,'App\\Models\\Admin',1),(25,'App\\Models\\Admin',16);
/*!40000 ALTER TABLE `model_has_permissions` ENABLE KEYS */;
UNLOCK TABLES;
COMMIT;

-- Dumped table `model_has_permissions` with 6 row(s)
--

--
-- Table structure for table `permissions`
--

/*!40101 SET @saved_cs_client     = @@character_set_client */;
/*!40101 SET character_set_client = utf8 */;
CREATE TABLE `permissions` (
  `id` bigint(20) unsigned NOT NULL AUTO_INCREMENT,
  `name` varchar(255) COLLATE utf8mb4_unicode_ci NOT NULL,
  `guard_name` varchar(255) COLLATE utf8mb4_unicode_ci NOT NULL,
  `created_at` timestamp NULL DEFAULT NULL,
  `updated_at` timestamp NULL DEFAULT NULL,
  PRIMARY KEY (`id`),
  UNIQUE KEY `permissions_name_guard_name_unique` (`name`,`guard_name`)
) ENGINE=InnoDB AUTO_INCREMENT=26 DEFAULT CHARSET=utf8mb4 COLLATE=utf8mb4_unicode_ci;
/*!40101 SET character_set_client = @saved_cs_client */;

--
-- Dumping data for table `permissions`
--

LOCK TABLES `permissions` WRITE;
/*!40000 ALTER TABLE `permissions` DISABLE KEYS */;
SET autocommit=0;
INSERT INTO `permissions` VALUES (11,'Add Client','web','2022-04-28 11:01:06','2022-04-28 11:01:06'),(12,'Edit Ticket','web','2022-04-28 11:01:06','2022-04-28 11:01:06'),(13,'Family Sale','web','2022-04-28 11:01:07','2022-04-28 11:01:07'),(14,'Family Access','web','2022-04-28 11:01:07','2022-04-28 11:01:07'),(15,'Reservation','web','2022-04-28 11:01:07','2022-04-28 11:01:07'),(16,'Capacity','web','2022-04-28 11:01:07','2022-04-28 11:01:07'),(17,'Group Access','web','2022-04-28 11:01:07','2022-04-28 11:01:07'),(18,'Group Sale','web','2022-04-28 11:01:07','2022-04-28 11:01:07'),(19,'Corporations','web','2022-04-28 11:01:07','2022-04-28 11:01:07'),(20,'Exit','web','2022-04-28 11:01:07','2022-04-28 11:01:07'),(21,'CS','admin','2022-04-28 11:01:07','2022-04-28 11:01:07'),(22,'Marketing','admin','2022-04-28 11:01:07','2022-04-28 11:01:07'),(23,'Setting','admin','2022-04-28 11:01:07','2022-04-28 11:01:07'),(24,'Branch Admin','admin','2022-04-28 11:01:07','2022-04-28 11:01:07'),(25,'Master','admin','2022-04-28 11:01:07','2022-04-28 11:01:07');
/*!40000 ALTER TABLE `permissions` ENABLE KEYS */;
UNLOCK TABLES;
COMMIT;

-- Dumped table `permissions` with 15 row(s)
--

--
-- Table structure for table `model_has_roles`
--

/*!40101 SET @saved_cs_client     = @@character_set_client */;
/*!40101 SET character_set_client = utf8 */;
CREATE TABLE `model_has_roles` (
  `role_id` bigint(20) unsigned NOT NULL,
  `model_type` varchar(255) COLLATE utf8mb4_unicode_ci NOT NULL,
  `model_id` bigint(20) unsigned NOT NULL,
  PRIMARY KEY (`role_id`,`model_id`,`model_type`),
  KEY `model_has_roles_model_id_model_type_index` (`model_id`,`model_type`),
  CONSTRAINT `model_has_roles_role_id_foreign` FOREIGN KEY (`role_id`) REFERENCES `roles` (`id`) ON DELETE CASCADE
) ENGINE=InnoDB DEFAULT CHARSET=utf8mb4 COLLATE=utf8mb4_unicode_ci;
/*!40101 SET character_set_client = @saved_cs_client */;

--
-- Dumping data for table `model_has_roles`
--

LOCK TABLES `model_has_roles` WRITE;
/*!40000 ALTER TABLE `model_has_roles` DISABLE KEYS */;
SET autocommit=0;
INSERT INTO `model_has_roles` VALUES (1,'App\\Models\\User',4),(1,'App\\Models\\User',11),(1,'App\\Models\\User',12),(7,'App\\Models\\User',10),(7,'App\\Models\\User',13);
/*!40000 ALTER TABLE `model_has_roles` ENABLE KEYS */;
UNLOCK TABLES;
COMMIT;

-- Dumped table `model_has_roles` with 5 row(s)
--

--
-- Table structure for table `ticket_rev_models`
--

/*!40101 SET @saved_cs_client     = @@character_set_client */;
/*!40101 SET character_set_client = utf8 */;
CREATE TABLE `ticket_rev_models` (
  `id` bigint(20) unsigned NOT NULL AUTO_INCREMENT,
  `rev_id` bigint(20) unsigned DEFAULT NULL,
  `ticket_id` bigint(20) unsigned DEFAULT NULL,
  `visitor_type_id` bigint(20) unsigned DEFAULT NULL,
  `coupon_num` varchar(255) COLLATE utf8mb4_unicode_ci DEFAULT NULL COMMENT 'will be null if there is no coupon of this model ',
  `day` date DEFAULT NULL,
  `price` double DEFAULT 0,
  `bracelet_id` bigint(20) unsigned DEFAULT NULL,
  `bracelet_number` varchar(10) COLLATE utf8mb4_unicode_ci DEFAULT NULL,
  `name` varchar(500) COLLATE utf8mb4_unicode_ci DEFAULT NULL,
  `birthday` date DEFAULT NULL,
  `gender` enum('male','female') COLLATE utf8mb4_unicode_ci DEFAULT NULL,
  `status` enum('append','in','out') COLLATE utf8mb4_unicode_ci DEFAULT 'append',
  `top_up_hours` double DEFAULT 0,
  `top_up_price` double DEFAULT 0,
  `start_at` time DEFAULT NULL,
  `end_at` time DEFAULT NULL,
  `shift_start` time DEFAULT NULL,
  `shift_end` time DEFAULT NULL,
  `temp_status` enum('in','out') COLLATE utf8mb4_unicode_ci DEFAULT 'in',
  `created_at` timestamp NULL DEFAULT NULL,
  `updated_at` timestamp NULL DEFAULT NULL,
  PRIMARY KEY (`id`),
  KEY `ticket_rev_models_rev_id_foreign` (`rev_id`),
  KEY `ticket_rev_models_ticket_id_foreign` (`ticket_id`),
  KEY `ticket_rev_models_visitor_type_id_foreign` (`visitor_type_id`),
  KEY `ticket_rev_models_bracelet_id_foreign` (`bracelet_id`),
  CONSTRAINT `ticket_rev_models_bracelet_id_foreign` FOREIGN KEY (`bracelet_id`) REFERENCES `bracelets` (`id`) ON DELETE CASCADE,
  CONSTRAINT `ticket_rev_models_rev_id_foreign` FOREIGN KEY (`rev_id`) REFERENCES `reservations` (`id`) ON DELETE CASCADE,
  CONSTRAINT `ticket_rev_models_ticket_id_foreign` FOREIGN KEY (`ticket_id`) REFERENCES `tickets` (`id`) ON DELETE CASCADE,
  CONSTRAINT `ticket_rev_models_visitor_type_id_foreign` FOREIGN KEY (`visitor_type_id`) REFERENCES `visitor_types` (`id`) ON DELETE CASCADE
) ENGINE=InnoDB AUTO_INCREMENT=2005 DEFAULT CHARSET=utf8mb4 COLLATE=utf8mb4_unicode_ci;
/*!40101 SET character_set_client = @saved_cs_client */;

--
-- Dumping data for table `ticket_rev_models`
--

LOCK TABLES `ticket_rev_models` WRITE;
/*!40000 ALTER TABLE `ticket_rev_models` DISABLE KEYS */;
SET autocommit=0;
INSERT INTO `ticket_rev_models` VALUES (782,120,NULL,3,NULL,'2022-04-03',200,NULL,NULL,'سارة','1991-03-03','female','out',0,0,NULL,NULL,'10:00:00','14:00:00','out','2022-04-03 06:45:19','2022-05-30 09:14:40'),(783,120,NULL,4,NULL,'2022-04-03',140,NULL,NULL,'محمد','1990-02-14','male','out',0,0,NULL,NULL,'10:00:00','14:00:00','out','2022-04-03 06:45:19','2022-05-30 09:14:40'),(784,120,NULL,2,NULL,'2022-04-03',160,NULL,NULL,'احمد','2009-08-18','male','out',0,0,NULL,NULL,'10:00:00','14:00:00','out','2022-04-03 06:45:19','2022-05-30 09:14:40'),(785,120,NULL,2,NULL,'2022-04-03',160,NULL,NULL,'خالد','2013-07-20','male','out',0,0,NULL,NULL,'10:00:00','14:00:00','out','2022-04-03 06:45:19','2022-05-30 09:14:40'),(786,120,NULL,1,NULL,'2022-04-03',120,NULL,NULL,'محمود','2019-10-25','male','out',0,0,NULL,NULL,'10:00:00','14:00:00','out','2022-04-03 06:45:19','2022-05-30 09:14:40'),(794,122,NULL,NULL,'SUN296CO49',NULL,0,NULL,NULL,NULL,NULL,NULL,'append',0,0,NULL,NULL,NULL,NULL,'in','2022-04-03 07:14:09','2022-04-03 07:14:09'),(795,122,NULL,NULL,'SUN5998CO49',NULL,0,NULL,NULL,NULL,NULL,NULL,'append',0,0,NULL,NULL,NULL,NULL,'in','2022-04-03 07:14:09','2022-04-03 07:14:09'),(806,123,NULL,3,NULL,'2022-04-08',150,NULL,NULL,NULL,NULL,NULL,'out',0,0,NULL,NULL,'10:00:00','13:00:00','out','2022-04-06 09:10:11','2022-05-30 09:14:40'),(807,123,NULL,3,NULL,'2022-04-08',150,NULL,NULL,NULL,NULL,NULL,'out',0,0,NULL,NULL,'10:00:00','13:00:00','out','2022-04-06 09:10:12','2022-05-30 09:14:40'),(808,123,NULL,3,NULL,'2022-04-08',150,NULL,NULL,NULL,NULL,NULL,'out',0,0,NULL,NULL,'10:00:00','13:00:00','out','2022-04-06 09:10:12','2022-05-30 09:14:40'),(809,123,NULL,3,NULL,'2022-04-08',150,NULL,NULL,NULL,NULL,NULL,'out',0,0,NULL,NULL,'10:00:00','13:00:00','out','2022-04-06 09:10:12','2022-05-30 09:14:40'),(810,124,NULL,3,NULL,'2022-04-06',150,NULL,NULL,NULL,NULL,NULL,'out',0,0,NULL,NULL,'13:00:00','16:00:00','out','2022-04-06 09:31:57','2022-05-30 09:14:40'),(811,124,NULL,4,NULL,'2022-04-06',105,NULL,NULL,NULL,NULL,NULL,'out',0,0,NULL,NULL,'13:00:00','16:00:00','out','2022-04-06 09:31:57','2022-05-30 09:14:40'),(812,124,NULL,4,NULL,'2022-04-06',105,NULL,NULL,NULL,NULL,NULL,'out',0,0,NULL,NULL,'13:00:00','16:00:00','out','2022-04-06 09:31:57','2022-05-30 09:14:40'),(813,124,NULL,4,NULL,'2022-04-06',105,NULL,NULL,NULL,NULL,NULL,'out',0,0,NULL,NULL,'13:00:00','16:00:00','out','2022-04-06 09:31:57','2022-05-30 09:14:40'),(814,125,NULL,3,NULL,'2022-04-06',100,NULL,NULL,NULL,NULL,NULL,'out',0,0,NULL,NULL,'13:00:00','15:00:00','out','2022-04-06 09:34:14','2022-05-30 09:14:40'),(815,125,NULL,4,NULL,'2022-04-06',70,NULL,NULL,NULL,NULL,NULL,'out',0,0,NULL,NULL,'13:00:00','15:00:00','out','2022-04-06 09:34:14','2022-05-30 09:14:40'),(820,127,NULL,3,NULL,'2022-04-07',100,NULL,NULL,NULL,NULL,NULL,'out',0,0,NULL,NULL,'11:00:00','13:00:00','out','2022-04-07 07:48:38','2022-05-30 09:14:40'),(821,127,NULL,3,NULL,'2022-04-07',100,NULL,NULL,NULL,NULL,NULL,'out',0,0,NULL,NULL,'11:00:00','13:00:00','out','2022-04-07 07:48:38','2022-05-30 09:14:40'),(822,127,NULL,3,NULL,'2022-04-07',100,NULL,NULL,NULL,NULL,NULL,'out',0,0,NULL,NULL,'11:00:00','13:00:00','out','2022-04-07 07:48:38','2022-05-30 09:14:40'),(823,127,NULL,3,NULL,'2022-04-07',100,NULL,NULL,NULL,NULL,NULL,'out',0,0,NULL,NULL,'11:00:00','13:00:00','out','2022-04-07 07:48:38','2022-05-30 09:14:40'),(824,127,NULL,3,NULL,'2022-04-07',100,NULL,NULL,NULL,NULL,NULL,'out',0,0,NULL,NULL,'11:00:00','13:00:00','out','2022-04-07 07:48:38','2022-05-30 09:14:40'),(825,127,NULL,3,NULL,'2022-04-07',100,NULL,NULL,NULL,NULL,NULL,'out',0,0,NULL,NULL,'11:00:00','13:00:00','out','2022-04-07 07:48:38','2022-05-30 09:14:40'),(826,127,NULL,3,NULL,'2022-04-07',100,NULL,NULL,NULL,NULL,NULL,'out',0,0,NULL,NULL,'11:00:00','13:00:00','out','2022-04-07 07:48:38','2022-05-30 09:14:40'),(827,127,NULL,3,NULL,'2022-04-07',100,NULL,NULL,NULL,NULL,NULL,'out',0,0,NULL,NULL,'11:00:00','13:00:00','out','2022-04-07 07:48:38','2022-05-30 09:14:40'),(828,127,NULL,3,NULL,'2022-04-07',100,NULL,NULL,NULL,NULL,NULL,'out',0,0,NULL,NULL,'11:00:00','13:00:00','out','2022-04-07 07:48:38','2022-05-30 09:14:40'),(829,127,NULL,3,NULL,'2022-04-07',100,NULL,NULL,NULL,NULL,NULL,'out',0,0,NULL,NULL,'11:00:00','13:00:00','out','2022-04-07 07:48:38','2022-05-30 09:14:40'),(830,127,NULL,3,NULL,'2022-04-07',100,NULL,NULL,NULL,NULL,NULL,'out',0,0,NULL,NULL,'11:00:00','13:00:00','out','2022-04-07 07:48:39','2022-05-30 09:14:40'),(831,127,NULL,3,NULL,'2022-04-07',100,NULL,NULL,NULL,NULL,NULL,'out',0,0,NULL,NULL,'11:00:00','13:00:00','out','2022-04-07 07:48:39','2022-05-30 09:14:40'),(832,127,NULL,3,NULL,'2022-04-07',100,NULL,NULL,NULL,NULL,NULL,'out',0,0,NULL,NULL,'11:00:00','13:00:00','out','2022-04-07 07:48:39','2022-05-30 09:14:40'),(833,127,NULL,3,NULL,'2022-04-07',100,NULL,NULL,NULL,NULL,NULL,'out',0,0,NULL,NULL,'11:00:00','13:00:00','out','2022-04-07 07:48:39','2022-05-30 09:14:40'),(834,127,NULL,3,NULL,'2022-04-07',100,NULL,NULL,NULL,NULL,NULL,'out',0,0,NULL,NULL,'11:00:00','13:00:00','out','2022-04-07 07:48:39','2022-05-30 09:14:40'),(835,127,NULL,3,NULL,'2022-04-07',100,NULL,NULL,NULL,NULL,NULL,'out',0,0,NULL,NULL,'11:00:00','13:00:00','out','2022-04-07 07:48:39','2022-05-30 09:14:40'),(836,127,NULL,3,NULL,'2022-04-07',100,NULL,NULL,NULL,NULL,NULL,'out',0,0,NULL,NULL,'11:00:00','13:00:00','out','2022-04-07 07:48:39','2022-05-30 09:14:40'),(837,127,NULL,3,NULL,'2022-04-07',100,NULL,NULL,NULL,NULL,NULL,'out',0,0,NULL,NULL,'11:00:00','13:00:00','out','2022-04-07 07:48:39','2022-05-30 09:14:40'),(838,127,NULL,3,NULL,'2022-04-07',100,NULL,NULL,NULL,NULL,NULL,'out',0,0,NULL,NULL,'11:00:00','13:00:00','out','2022-04-07 07:48:39','2022-05-30 09:14:40'),(839,127,NULL,3,NULL,'2022-04-07',100,NULL,NULL,NULL,NULL,NULL,'out',0,0,NULL,NULL,'11:00:00','13:00:00','out','2022-04-07 07:48:39','2022-05-30 09:14:40'),(840,127,NULL,3,NULL,'2022-04-07',100,NULL,NULL,NULL,NULL,NULL,'out',0,0,NULL,NULL,'11:00:00','13:00:00','out','2022-04-07 07:48:39','2022-05-30 09:14:40'),(841,127,NULL,3,NULL,'2022-04-07',100,NULL,NULL,NULL,NULL,NULL,'out',0,0,NULL,NULL,'11:00:00','13:00:00','out','2022-04-07 07:48:39','2022-05-30 09:14:40'),(842,127,NULL,3,NULL,'2022-04-07',100,NULL,NULL,NULL,NULL,NULL,'out',0,0,NULL,NULL,'11:00:00','13:00:00','out','2022-04-07 07:48:39','2022-05-30 09:14:40'),(843,127,NULL,3,NULL,'2022-04-07',100,NULL,NULL,NULL,NULL,NULL,'out',0,0,NULL,NULL,'11:00:00','13:00:00','out','2022-04-07 07:48:39','2022-05-30 09:14:40'),(844,127,NULL,3,NULL,'2022-04-07',100,NULL,NULL,NULL,NULL,NULL,'out',0,0,NULL,NULL,'11:00:00','13:00:00','out','2022-04-07 07:48:39','2022-05-30 09:14:40'),(845,127,NULL,3,NULL,'2022-04-07',100,NULL,NULL,NULL,NULL,NULL,'out',0,0,NULL,NULL,'11:00:00','13:00:00','out','2022-04-07 07:48:39','2022-05-30 09:14:40'),(846,127,NULL,3,NULL,'2022-04-07',100,NULL,NULL,NULL,NULL,NULL,'out',0,0,NULL,NULL,'11:00:00','13:00:00','out','2022-04-07 07:48:39','2022-05-30 09:14:40'),(847,127,NULL,3,NULL,'2022-04-07',100,NULL,NULL,NULL,NULL,NULL,'out',0,0,NULL,NULL,'11:00:00','13:00:00','out','2022-04-07 07:48:39','2022-05-30 09:14:40'),(848,127,NULL,3,NULL,'2022-04-07',100,NULL,NULL,NULL,NULL,NULL,'out',0,0,NULL,NULL,'11:00:00','13:00:00','out','2022-04-07 07:48:39','2022-05-30 09:14:40'),(849,127,NULL,3,NULL,'2022-04-07',100,NULL,NULL,NULL,NULL,NULL,'out',0,0,NULL,NULL,'11:00:00','13:00:00','out','2022-04-07 07:48:39','2022-05-30 09:14:40'),(850,127,NULL,4,NULL,'2022-04-07',70,NULL,NULL,NULL,NULL,NULL,'out',0,0,NULL,NULL,'11:00:00','13:00:00','out','2022-04-07 07:48:40','2022-05-30 09:14:40'),(851,127,NULL,4,NULL,'2022-04-07',70,NULL,NULL,NULL,NULL,NULL,'out',0,0,NULL,NULL,'11:00:00','13:00:00','out','2022-04-07 07:48:40','2022-05-30 09:14:40'),(852,127,NULL,4,NULL,'2022-04-07',70,NULL,NULL,NULL,NULL,NULL,'out',0,0,NULL,NULL,'11:00:00','13:00:00','out','2022-04-07 07:48:40','2022-05-30 09:14:40'),(853,127,NULL,4,NULL,'2022-04-07',70,NULL,NULL,NULL,NULL,NULL,'out',0,0,NULL,NULL,'11:00:00','13:00:00','out','2022-04-07 07:48:40','2022-05-30 09:14:40'),(854,127,NULL,4,NULL,'2022-04-07',70,NULL,NULL,NULL,NULL,NULL,'out',0,0,NULL,NULL,'11:00:00','13:00:00','out','2022-04-07 07:48:40','2022-05-30 09:14:40'),(855,127,NULL,4,NULL,'2022-04-07',70,NULL,NULL,NULL,NULL,NULL,'out',0,0,NULL,NULL,'11:00:00','13:00:00','out','2022-04-07 07:48:40','2022-05-30 09:14:40'),(856,127,NULL,4,NULL,'2022-04-07',70,NULL,NULL,NULL,NULL,NULL,'out',0,0,NULL,NULL,'11:00:00','13:00:00','out','2022-04-07 07:48:40','2022-05-30 09:14:40'),(857,127,NULL,4,NULL,'2022-04-07',70,NULL,NULL,NULL,NULL,NULL,'out',0,0,NULL,NULL,'11:00:00','13:00:00','out','2022-04-07 07:48:40','2022-05-30 09:14:40'),(858,127,NULL,4,NULL,'2022-04-07',70,NULL,NULL,NULL,NULL,NULL,'out',0,0,NULL,NULL,'11:00:00','13:00:00','out','2022-04-07 07:48:40','2022-05-30 09:14:40'),(859,127,NULL,4,NULL,'2022-04-07',70,NULL,NULL,NULL,NULL,NULL,'out',0,0,NULL,NULL,'11:00:00','13:00:00','out','2022-04-07 07:48:40','2022-05-30 09:14:40'),(860,127,NULL,4,NULL,'2022-04-07',70,NULL,NULL,NULL,NULL,NULL,'out',0,0,NULL,NULL,'11:00:00','13:00:00','out','2022-04-07 07:48:40','2022-05-30 09:14:40'),(861,127,NULL,4,NULL,'2022-04-07',70,NULL,NULL,NULL,NULL,NULL,'out',0,0,NULL,NULL,'11:00:00','13:00:00','out','2022-04-07 07:48:40','2022-05-30 09:14:40'),(862,127,NULL,4,NULL,'2022-04-07',70,NULL,NULL,NULL,NULL,NULL,'out',0,0,NULL,NULL,'11:00:00','13:00:00','out','2022-04-07 07:48:40','2022-05-30 09:14:40'),(863,127,NULL,4,NULL,'2022-04-07',70,NULL,NULL,NULL,NULL,NULL,'out',0,0,NULL,NULL,'11:00:00','13:00:00','out','2022-04-07 07:48:40','2022-05-30 09:14:40'),(864,127,NULL,4,NULL,'2022-04-07',70,NULL,NULL,NULL,NULL,NULL,'out',0,0,NULL,NULL,'11:00:00','13:00:00','out','2022-04-07 07:48:40','2022-05-30 09:14:40'),(865,127,NULL,4,NULL,'2022-04-07',70,NULL,NULL,NULL,NULL,NULL,'out',0,0,NULL,NULL,'11:00:00','13:00:00','out','2022-04-07 07:48:40','2022-05-30 09:14:40'),(866,127,NULL,4,NULL,'2022-04-07',70,NULL,NULL,NULL,NULL,NULL,'out',0,0,NULL,NULL,'11:00:00','13:00:00','out','2022-04-07 07:48:40','2022-05-30 09:14:40'),(867,127,NULL,4,NULL,'2022-04-07',70,NULL,NULL,NULL,NULL,NULL,'out',0,0,NULL,NULL,'11:00:00','13:00:00','out','2022-04-07 07:48:40','2022-05-30 09:14:40'),(868,127,NULL,4,NULL,'2022-04-07',70,NULL,NULL,NULL,NULL,NULL,'out',0,0,NULL,NULL,'11:00:00','13:00:00','out','2022-04-07 07:48:40','2022-05-30 09:14:40'),(869,127,NULL,4,NULL,'2022-04-07',70,NULL,NULL,NULL,NULL,NULL,'out',0,0,NULL,NULL,'11:00:00','13:00:00','out','2022-04-07 07:48:40','2022-05-30 09:14:40'),(870,127,NULL,2,NULL,'2022-04-07',80,NULL,NULL,NULL,NULL,NULL,'out',0,0,NULL,NULL,'11:00:00','13:00:00','out','2022-04-07 07:48:40','2022-05-30 09:14:40'),(871,127,NULL,2,NULL,'2022-04-07',80,NULL,NULL,NULL,NULL,NULL,'out',0,0,NULL,NULL,'11:00:00','13:00:00','out','2022-04-07 07:48:40','2022-05-30 09:14:40'),(872,127,NULL,2,NULL,'2022-04-07',80,NULL,NULL,NULL,NULL,NULL,'out',0,0,NULL,NULL,'11:00:00','13:00:00','out','2022-04-07 07:48:40','2022-05-30 09:14:40'),(873,127,NULL,2,NULL,'2022-04-07',80,NULL,NULL,NULL,NULL,NULL,'out',0,0,NULL,NULL,'11:00:00','13:00:00','out','2022-04-07 07:48:40','2022-05-30 09:14:40'),(874,127,NULL,2,NULL,'2022-04-07',80,NULL,NULL,NULL,NULL,NULL,'out',0,0,NULL,NULL,'11:00:00','13:00:00','out','2022-04-07 07:48:41','2022-05-30 09:14:40'),(875,127,NULL,1,NULL,'2022-04-07',60,NULL,NULL,NULL,NULL,NULL,'out',0,0,NULL,NULL,'11:00:00','13:00:00','out','2022-04-07 07:48:41','2022-05-30 09:14:40'),(876,127,NULL,1,NULL,'2022-04-07',60,NULL,NULL,NULL,NULL,NULL,'out',0,0,NULL,NULL,'11:00:00','13:00:00','out','2022-04-07 07:48:41','2022-05-30 09:14:40'),(877,127,NULL,1,NULL,'2022-04-07',60,NULL,NULL,NULL,NULL,NULL,'out',0,0,NULL,NULL,'11:00:00','13:00:00','out','2022-04-07 07:48:41','2022-05-30 09:14:40'),(878,127,NULL,1,NULL,'2022-04-07',60,NULL,NULL,NULL,NULL,NULL,'out',0,0,NULL,NULL,'11:00:00','13:00:00','out','2022-04-07 07:48:41','2022-05-30 09:14:40'),(879,127,NULL,1,NULL,'2022-04-07',60,NULL,NULL,NULL,NULL,NULL,'out',0,0,NULL,NULL,'11:00:00','13:00:00','out','2022-04-07 07:48:41','2022-05-30 09:14:40'),(880,127,NULL,1,NULL,'2022-04-07',60,NULL,NULL,NULL,NULL,NULL,'out',0,0,NULL,NULL,'11:00:00','13:00:00','out','2022-04-07 07:48:41','2022-05-30 09:14:40'),(881,127,NULL,1,NULL,'2022-04-07',60,NULL,NULL,NULL,NULL,NULL,'out',0,0,NULL,NULL,'11:00:00','13:00:00','out','2022-04-07 07:48:41','2022-05-30 09:14:40'),(882,127,NULL,1,NULL,'2022-04-07',60,NULL,NULL,NULL,NULL,NULL,'out',0,0,NULL,NULL,'11:00:00','13:00:00','out','2022-04-07 07:48:41','2022-05-30 09:14:40'),(883,127,NULL,1,NULL,'2022-04-07',60,NULL,NULL,NULL,NULL,NULL,'out',0,0,NULL,NULL,'11:00:00','13:00:00','out','2022-04-07 07:48:41','2022-05-30 09:14:40'),(884,127,NULL,1,NULL,'2022-04-07',60,NULL,NULL,NULL,NULL,NULL,'out',0,0,NULL,NULL,'11:00:00','13:00:00','out','2022-04-07 07:48:41','2022-05-30 09:14:40'),(885,127,NULL,1,NULL,'2022-04-07',60,NULL,NULL,NULL,NULL,NULL,'out',0,0,NULL,NULL,'11:00:00','13:00:00','out','2022-04-07 07:48:41','2022-05-30 09:14:40'),(886,127,NULL,1,NULL,'2022-04-07',60,NULL,NULL,NULL,NULL,NULL,'out',0,0,NULL,NULL,'11:00:00','13:00:00','out','2022-04-07 07:48:41','2022-05-30 09:14:40'),(887,127,NULL,1,NULL,'2022-04-07',60,NULL,NULL,NULL,NULL,NULL,'out',0,0,NULL,NULL,'11:00:00','13:00:00','out','2022-04-07 07:48:41','2022-05-30 09:14:40'),(888,127,NULL,1,NULL,'2022-04-07',60,NULL,NULL,NULL,NULL,NULL,'out',0,0,NULL,NULL,'11:00:00','13:00:00','out','2022-04-07 07:48:41','2022-05-30 09:14:40'),(889,127,NULL,1,NULL,'2022-04-07',60,NULL,NULL,NULL,NULL,NULL,'out',0,0,NULL,NULL,'11:00:00','13:00:00','out','2022-04-07 07:48:41','2022-05-30 09:14:40'),(890,127,NULL,1,NULL,'2022-04-07',60,NULL,NULL,NULL,NULL,NULL,'out',0,0,NULL,NULL,'11:00:00','13:00:00','out','2022-04-07 07:48:41','2022-05-30 09:14:40'),(891,127,NULL,1,NULL,'2022-04-07',60,NULL,NULL,NULL,NULL,NULL,'out',0,0,NULL,NULL,'11:00:00','13:00:00','out','2022-04-07 07:48:41','2022-05-30 09:14:40'),(892,127,NULL,1,NULL,'2022-04-07',60,NULL,NULL,NULL,NULL,NULL,'out',0,0,NULL,NULL,'11:00:00','13:00:00','out','2022-04-07 07:48:41','2022-05-30 09:14:40'),(893,127,NULL,1,NULL,'2022-04-07',60,NULL,NULL,NULL,NULL,NULL,'out',0,0,NULL,NULL,'11:00:00','13:00:00','out','2022-04-07 07:48:41','2022-05-30 09:14:40'),(894,127,NULL,1,NULL,'2022-04-07',60,NULL,NULL,NULL,NULL,NULL,'out',0,0,NULL,NULL,'11:00:00','13:00:00','out','2022-04-07 07:48:41','2022-05-30 09:14:40'),(895,127,NULL,1,NULL,'2022-04-07',60,NULL,NULL,NULL,NULL,NULL,'out',0,0,NULL,NULL,'11:00:00','13:00:00','out','2022-04-07 07:48:42','2022-05-30 09:14:40'),(896,127,NULL,1,NULL,'2022-04-07',60,NULL,NULL,NULL,NULL,NULL,'out',0,0,NULL,NULL,'11:00:00','13:00:00','out','2022-04-07 07:48:42','2022-05-30 09:14:40'),(897,127,NULL,1,NULL,'2022-04-07',60,NULL,NULL,NULL,NULL,NULL,'out',0,0,NULL,NULL,'11:00:00','13:00:00','out','2022-04-07 07:48:42','2022-05-30 09:14:40'),(898,127,NULL,1,NULL,'2022-04-07',60,NULL,NULL,NULL,NULL,NULL,'out',0,0,NULL,NULL,'11:00:00','13:00:00','out','2022-04-07 07:48:42','2022-05-30 09:14:40'),(899,127,NULL,1,NULL,'2022-04-07',60,NULL,NULL,NULL,NULL,NULL,'out',0,0,NULL,NULL,'11:00:00','13:00:00','out','2022-04-07 07:48:42','2022-05-30 09:14:40'),(900,127,NULL,1,NULL,'2022-04-07',60,NULL,NULL,NULL,NULL,NULL,'out',0,0,NULL,NULL,'11:00:00','13:00:00','out','2022-04-07 07:48:42','2022-05-30 09:14:40'),(901,127,NULL,1,NULL,'2022-04-07',60,NULL,NULL,NULL,NULL,NULL,'out',0,0,NULL,NULL,'11:00:00','13:00:00','out','2022-04-07 07:48:42','2022-05-30 09:14:40'),(902,127,NULL,1,NULL,'2022-04-07',60,NULL,NULL,NULL,NULL,NULL,'out',0,0,NULL,NULL,'11:00:00','13:00:00','out','2022-04-07 07:48:42','2022-05-30 09:14:40'),(903,127,NULL,1,NULL,'2022-04-07',60,NULL,NULL,NULL,NULL,NULL,'out',0,0,NULL,NULL,'11:00:00','13:00:00','out','2022-04-07 07:48:42','2022-05-30 09:14:40'),(904,127,NULL,1,NULL,'2022-04-07',60,NULL,NULL,NULL,NULL,NULL,'out',0,0,NULL,NULL,'11:00:00','13:00:00','out','2022-04-07 07:48:42','2022-05-30 09:14:40'),(905,128,NULL,3,NULL,'2022-04-10',100,NULL,NULL,'','0000-00-00','male','out',0,0,NULL,NULL,'13:00:00','15:00:00','out','2022-04-07 09:55:24','2022-05-30 09:14:40'),(906,128,NULL,4,NULL,'2022-04-10',70,NULL,NULL,'','0000-00-00','female','out',0,0,NULL,NULL,'13:00:00','15:00:00','out','2022-04-07 09:55:25','2022-05-30 09:14:40'),(907,128,NULL,2,NULL,'2022-04-10',80,NULL,NULL,'','0000-00-00','','out',0,0,NULL,NULL,'13:00:00','15:00:00','out','2022-04-07 09:55:25','2022-05-30 09:14:40'),(908,128,NULL,1,NULL,'2022-04-10',60,NULL,NULL,'','0000-00-00','','out',0,0,NULL,NULL,'13:00:00','15:00:00','out','2022-04-07 09:55:25','2022-05-30 09:14:40'),(911,NULL,68,3,NULL,NULL,100,NULL,NULL,NULL,NULL,NULL,'out',0,0,NULL,NULL,'08:00:00','10:00:00','out','2022-04-07 21:32:45','2022-05-30 09:14:39'),(912,NULL,68,4,NULL,NULL,70,NULL,NULL,NULL,NULL,NULL,'out',0,0,NULL,NULL,'08:00:00','10:00:00','out','2022-04-07 21:32:45','2022-05-30 09:14:39'),(913,NULL,68,2,NULL,NULL,80,NULL,NULL,NULL,NULL,NULL,'out',0,0,NULL,NULL,'08:00:00','10:00:00','out','2022-04-07 21:32:45','2022-05-30 09:14:39'),(914,NULL,68,1,NULL,NULL,60,NULL,NULL,NULL,NULL,NULL,'out',0,0,NULL,NULL,'08:00:00','10:00:00','out','2022-04-07 21:32:45','2022-05-30 09:14:39'),(921,NULL,69,3,NULL,NULL,250,NULL,NULL,NULL,NULL,NULL,'out',0,0,NULL,NULL,'04:00:00','09:00:00','out','2022-04-07 21:45:48','2022-05-30 09:14:39'),(922,NULL,69,2,NULL,NULL,200,NULL,NULL,NULL,NULL,NULL,'out',0,0,NULL,NULL,'04:00:00','09:00:00','out','2022-04-07 21:45:48','2022-05-30 09:14:39'),(923,NULL,69,1,NULL,NULL,150,NULL,NULL,NULL,NULL,NULL,'out',0,0,NULL,NULL,'04:00:00','09:00:00','out','2022-04-07 21:45:48','2022-05-30 09:14:39'),(926,NULL,70,3,NULL,NULL,100,NULL,NULL,NULL,NULL,NULL,'out',0,0,NULL,NULL,'07:00:00','09:00:00','out','2022-04-07 23:02:21','2022-05-30 09:14:39'),(927,NULL,70,4,NULL,NULL,70,NULL,NULL,NULL,NULL,NULL,'out',0,0,NULL,NULL,'07:00:00','09:00:00','out','2022-04-07 23:02:21','2022-05-30 09:14:39'),(928,NULL,71,3,NULL,'2022-04-10',60,NULL,NULL,NULL,NULL,'male','out',0,0,NULL,NULL,'17:00:00','18:00:00','out','2022-04-10 12:13:10','2022-05-30 09:14:39'),(929,NULL,71,4,NULL,'2022-04-10',70,NULL,NULL,NULL,NULL,'male','out',0,0,NULL,NULL,'17:00:00','18:00:00','out','2022-04-10 12:13:10','2022-05-30 09:14:39'),(930,NULL,71,2,NULL,'2022-04-10',50,NULL,NULL,NULL,NULL,'female','out',0,0,NULL,NULL,'17:00:00','18:00:00','out','2022-04-10 12:13:10','2022-05-30 09:14:39'),(931,NULL,71,1,NULL,'2022-04-10',40,NULL,NULL,NULL,NULL,'female','out',0,0,NULL,NULL,'17:00:00','18:00:00','out','2022-04-10 12:13:10','2022-05-30 09:14:39'),(932,129,NULL,4,NULL,'2022-04-13',175,NULL,NULL,'محمود الكومي',NULL,'male','out',0,0,NULL,NULL,'08:00:00','13:00:00','out','2022-04-13 04:32:28','2022-05-30 09:14:40'),(933,129,NULL,4,NULL,'2022-04-13',175,NULL,NULL,'محمد جمال',NULL,'male','out',0,0,NULL,NULL,'08:00:00','13:00:00','out','2022-04-13 04:32:28','2022-05-30 09:14:40'),(934,129,NULL,4,NULL,'2022-04-13',175,NULL,NULL,'احمد يحيي',NULL,'male','out',0,0,NULL,NULL,'08:00:00','13:00:00','out','2022-04-13 04:32:28','2022-05-30 09:14:40'),(935,NULL,72,4,NULL,'2022-04-13',175,NULL,NULL,NULL,NULL,NULL,'out',0,0,NULL,NULL,'08:00:00','13:00:00','out','2022-04-13 04:43:15','2022-05-30 09:14:39'),(936,NULL,72,4,NULL,'2022-04-13',175,NULL,NULL,NULL,NULL,NULL,'out',0,0,NULL,NULL,'08:00:00','13:00:00','out','2022-04-13 04:43:15','2022-05-30 09:14:39'),(937,NULL,72,4,NULL,'2022-04-13',175,NULL,NULL,NULL,NULL,NULL,'out',0,0,NULL,NULL,'08:00:00','13:00:00','out','2022-04-13 04:43:15','2022-05-30 09:14:39'),(944,NULL,75,3,NULL,'2022-04-21',100,NULL,NULL,NULL,NULL,NULL,'out',0,0,'11:16:55',NULL,'12:00:00','14:00:00','out','2022-04-21 08:01:25','2022-05-30 09:14:39'),(945,NULL,75,4,NULL,'2022-04-21',70,NULL,NULL,NULL,NULL,NULL,'out',0,0,'11:17:05',NULL,'12:00:00','14:00:00','out','2022-04-21 08:01:25','2022-05-30 09:14:39'),(946,NULL,75,1,NULL,'2022-04-21',60,NULL,NULL,NULL,NULL,NULL,'out',0,0,'11:17:06',NULL,'12:00:00','14:00:00','out','2022-04-21 08:01:25','2022-05-30 09:14:39'),(950,NULL,76,3,NULL,'2022-04-21',50,NULL,NULL,NULL,NULL,NULL,'out',0,0,NULL,NULL,'12:00:00','13:00:00','out','2022-04-21 08:52:21','2022-05-30 09:14:39'),(951,NULL,76,3,NULL,'2022-04-21',50,NULL,NULL,NULL,NULL,NULL,'out',0,0,NULL,NULL,'12:00:00','13:00:00','out','2022-04-21 08:52:21','2022-05-30 09:14:39'),(952,NULL,76,3,NULL,'2022-04-21',50,NULL,NULL,NULL,NULL,NULL,'out',0,0,NULL,NULL,'12:00:00','13:00:00','out','2022-04-21 08:52:21','2022-05-30 09:14:39'),(953,NULL,76,4,NULL,'2022-04-21',35,NULL,NULL,NULL,NULL,'','out',0,0,NULL,NULL,'12:00:00','13:00:00','out','2022-04-21 08:52:21','2022-05-30 09:14:39'),(954,NULL,76,4,NULL,'2022-04-21',35,NULL,NULL,NULL,NULL,NULL,'out',0,0,NULL,NULL,'12:00:00','13:00:00','out','2022-04-21 08:52:21','2022-05-30 09:14:39'),(955,NULL,76,2,NULL,'2022-04-21',40,NULL,NULL,NULL,NULL,NULL,'out',0,0,NULL,NULL,'12:00:00','13:00:00','out','2022-04-21 08:52:22','2022-05-30 09:14:39'),(956,NULL,77,3,NULL,'2022-04-21',150,NULL,NULL,NULL,NULL,NULL,'out',0,0,NULL,NULL,'13:00:00','16:00:00','out','2022-04-21 09:43:53','2022-05-30 09:14:39'),(957,NULL,77,4,NULL,'2022-04-21',105,NULL,NULL,NULL,NULL,NULL,'out',0,0,NULL,NULL,'13:00:00','16:00:00','out','2022-04-21 09:43:53','2022-05-30 09:14:39'),(958,NULL,77,2,NULL,'2022-04-21',120,NULL,NULL,NULL,NULL,NULL,'out',0,0,NULL,NULL,'13:00:00','16:00:00','out','2022-04-21 09:43:53','2022-05-30 09:14:39'),(959,NULL,77,1,NULL,'2022-04-21',90,NULL,NULL,NULL,NULL,NULL,'out',0,0,NULL,NULL,'13:00:00','16:00:00','out','2022-04-21 09:43:54','2022-05-30 09:14:39'),(960,NULL,78,3,NULL,'2022-04-21',100,NULL,NULL,NULL,NULL,NULL,'out',0,0,NULL,NULL,'13:00:00','15:00:00','out','2022-04-21 09:46:02','2022-05-30 09:14:39'),(961,NULL,78,4,NULL,'2022-04-21',70,NULL,NULL,NULL,NULL,NULL,'out',0,0,NULL,NULL,'13:00:00','15:00:00','out','2022-04-21 09:46:02','2022-05-30 09:14:39'),(962,NULL,78,2,NULL,'2022-04-21',80,NULL,NULL,NULL,NULL,NULL,'out',0,0,NULL,NULL,'13:00:00','15:00:00','out','2022-04-21 09:46:03','2022-05-30 09:14:39'),(963,NULL,78,1,NULL,'2022-04-21',60,NULL,NULL,NULL,NULL,NULL,'out',0,0,NULL,NULL,'13:00:00','15:00:00','out','2022-04-21 09:46:03','2022-05-30 09:14:39'),(964,NULL,79,3,NULL,'2022-04-21',250,NULL,NULL,NULL,NULL,NULL,'out',0,0,NULL,NULL,'13:00:00','18:00:00','out','2022-04-21 09:51:59','2022-05-30 09:14:39'),(965,NULL,79,4,NULL,'2022-04-21',175,NULL,NULL,NULL,NULL,NULL,'out',0,0,NULL,NULL,'13:00:00','18:00:00','out','2022-04-21 09:51:59','2022-05-30 09:14:39'),(966,NULL,79,2,NULL,'2022-04-21',200,NULL,NULL,NULL,NULL,NULL,'out',0,0,NULL,NULL,'13:00:00','18:00:00','out','2022-04-21 09:51:59','2022-05-30 09:14:39'),(967,NULL,79,1,NULL,'2022-04-21',150,NULL,NULL,NULL,NULL,NULL,'out',0,0,NULL,NULL,'13:00:00','18:00:00','out','2022-04-21 09:52:00','2022-05-30 09:14:39'),(968,NULL,79,1,NULL,'2022-04-21',150,NULL,NULL,NULL,NULL,NULL,'out',0,0,NULL,NULL,'13:00:00','18:00:00','out','2022-04-21 09:52:00','2022-05-30 09:14:39'),(969,NULL,80,3,NULL,'2022-04-21',100,NULL,NULL,NULL,NULL,NULL,'out',0,0,NULL,NULL,'13:00:00','15:00:00','out','2022-04-21 09:56:35','2022-05-30 09:14:39'),(970,NULL,80,4,NULL,'2022-04-21',70,NULL,NULL,NULL,NULL,NULL,'out',0,0,NULL,NULL,'13:00:00','15:00:00','out','2022-04-21 09:56:35','2022-05-30 09:14:39'),(971,NULL,80,4,NULL,'2022-04-21',70,NULL,NULL,NULL,NULL,NULL,'out',0,0,NULL,NULL,'13:00:00','15:00:00','out','2022-04-21 09:56:35','2022-05-30 09:14:39'),(972,NULL,80,4,NULL,'2022-04-21',70,NULL,NULL,NULL,NULL,NULL,'out',0,0,NULL,NULL,'13:00:00','15:00:00','out','2022-04-21 09:56:35','2022-05-30 09:14:39'),(973,NULL,80,2,NULL,'2022-04-21',80,NULL,NULL,NULL,NULL,NULL,'out',0,0,NULL,NULL,'13:00:00','15:00:00','out','2022-04-21 09:56:36','2022-05-30 09:14:39'),(974,NULL,80,2,NULL,'2022-04-21',80,NULL,NULL,NULL,NULL,NULL,'out',0,0,NULL,NULL,'13:00:00','15:00:00','out','2022-04-21 09:56:36','2022-05-30 09:14:39'),(975,NULL,81,3,NULL,'2022-04-21',60,NULL,NULL,NULL,NULL,NULL,'out',0,0,NULL,NULL,'18:00:00','19:00:00','out','2022-04-21 09:58:16','2022-05-30 09:14:39'),(976,NULL,81,4,NULL,'2022-04-21',70,NULL,NULL,NULL,NULL,NULL,'out',0,0,NULL,NULL,'18:00:00','19:00:00','out','2022-04-21 09:58:17','2022-05-30 09:14:39'),(977,NULL,81,2,NULL,'2022-04-21',50,NULL,NULL,NULL,NULL,NULL,'out',0,0,NULL,NULL,'18:00:00','19:00:00','out','2022-04-21 09:58:17','2022-05-30 09:14:39'),(978,NULL,82,3,NULL,'2022-04-21',50,NULL,NULL,NULL,NULL,NULL,'out',0,0,NULL,NULL,'13:00:00','14:00:00','out','2022-04-21 09:59:27','2022-05-30 09:14:39'),(979,NULL,82,3,NULL,'2022-04-21',50,NULL,NULL,NULL,NULL,NULL,'out',0,0,NULL,NULL,'13:00:00','14:00:00','out','2022-04-21 09:59:27','2022-05-30 09:14:39'),(980,NULL,82,4,NULL,'2022-04-21',35,NULL,NULL,NULL,NULL,NULL,'out',0,0,NULL,NULL,'13:00:00','14:00:00','out','2022-04-21 09:59:27','2022-05-30 09:14:39'),(981,NULL,82,2,NULL,'2022-04-21',40,NULL,NULL,NULL,NULL,NULL,'out',0,0,NULL,NULL,'13:00:00','14:00:00','out','2022-04-21 09:59:27','2022-05-30 09:14:39'),(982,NULL,83,3,NULL,'2022-04-21',100,NULL,NULL,NULL,NULL,NULL,'out',0,0,NULL,NULL,'14:00:00','16:00:00','out','2022-04-21 10:00:55','2022-05-30 09:14:39'),(983,NULL,83,2,NULL,'2022-04-21',80,NULL,NULL,NULL,NULL,NULL,'out',0,0,NULL,NULL,'14:00:00','16:00:00','out','2022-04-21 10:00:55','2022-05-30 09:14:39'),(984,NULL,83,1,NULL,'2022-04-21',60,NULL,NULL,NULL,NULL,NULL,'out',0,0,NULL,NULL,'14:00:00','16:00:00','out','2022-04-21 10:00:55','2022-05-30 09:14:39'),(985,130,NULL,3,NULL,'2022-04-21',100,NULL,NULL,NULL,NULL,NULL,'out',0,0,NULL,NULL,'14:00:00','16:00:00','out','2022-04-21 10:09:56','2022-05-30 09:14:40'),(986,130,NULL,4,NULL,'2022-04-21',70,NULL,NULL,NULL,NULL,NULL,'out',0,0,NULL,NULL,'14:00:00','16:00:00','out','2022-04-21 10:09:56','2022-05-30 09:14:40'),(987,130,NULL,2,NULL,'2022-04-21',80,NULL,NULL,NULL,NULL,NULL,'out',0,0,NULL,NULL,'14:00:00','16:00:00','out','2022-04-21 10:09:56','2022-05-30 09:14:40'),(988,130,NULL,1,NULL,'2022-04-21',60,NULL,NULL,NULL,NULL,NULL,'out',0,0,NULL,NULL,'14:00:00','16:00:00','out','2022-04-21 10:09:56','2022-05-30 09:14:40'),(993,NULL,84,3,NULL,'2022-04-24',120,NULL,NULL,NULL,NULL,'','out',0,0,NULL,NULL,'17:00:00','19:00:00','out','2022-04-24 04:32:44','2022-05-30 09:14:39'),(994,NULL,84,4,NULL,'2022-04-24',140,NULL,NULL,NULL,NULL,NULL,'out',0,0,NULL,NULL,'17:00:00','19:00:00','out','2022-04-24 04:32:44','2022-05-30 09:14:39'),(1000,132,NULL,3,NULL,'2022-04-24',100,NULL,NULL,'','0000-00-00','','out',0,0,NULL,NULL,'08:00:00','10:00:00','out','2022-04-24 04:43:12','2022-05-30 09:14:40'),(1001,132,NULL,4,NULL,'2022-04-24',70,NULL,NULL,'','0000-00-00','','out',0,0,NULL,NULL,'08:00:00','10:00:00','out','2022-04-24 04:43:12','2022-05-30 09:14:40'),(1002,132,NULL,1,NULL,'2022-04-24',60,NULL,NULL,'','0000-00-00','','out',0,0,NULL,NULL,'08:00:00','10:00:00','out','2022-04-24 04:43:12','2022-05-30 09:14:40'),(1003,133,NULL,3,NULL,'2022-04-24',100,NULL,NULL,'',NULL,'','out',0,0,'03:25:46',NULL,'07:00:00','09:00:00','out','2022-04-24 05:18:53','2022-05-30 09:14:40'),(1004,133,NULL,4,NULL,'2022-04-24',70,NULL,NULL,'',NULL,'','out',0,0,'03:25:46',NULL,'07:00:00','09:00:00','out','2022-04-24 05:18:53','2022-05-30 09:14:40'),(1005,133,NULL,2,NULL,'2022-04-24',80,NULL,NULL,'',NULL,'','out',0,0,'03:25:46',NULL,'07:00:00','09:00:00','out','2022-04-24 05:18:53','2022-05-30 09:14:40'),(1006,133,NULL,1,NULL,'2022-04-24',60,NULL,NULL,'',NULL,'','out',0,0,'03:25:46',NULL,'07:00:00','09:00:00','out','2022-04-24 05:18:53','2022-05-30 09:14:40'),(1007,135,NULL,3,NULL,'2022-04-24',150,NULL,NULL,'',NULL,'','out',0,0,'08:52:28',NULL,'10:00:00','13:00:00','out','2022-04-24 06:21:23','2022-05-30 09:14:40'),(1008,135,NULL,3,NULL,'2022-04-24',150,NULL,NULL,'',NULL,'','out',0,0,'08:52:28',NULL,'10:00:00','13:00:00','out','2022-04-24 06:21:24','2022-05-30 09:14:40'),(1009,135,NULL,3,NULL,'2022-04-24',150,NULL,NULL,'',NULL,'','out',0,0,'08:52:28',NULL,'10:00:00','13:00:00','out','2022-04-24 06:21:24','2022-05-30 09:14:40'),(1010,135,NULL,3,NULL,'2022-04-24',150,NULL,NULL,'',NULL,'','out',0,0,'08:52:28',NULL,'10:00:00','13:00:00','out','2022-04-24 06:21:24','2022-05-30 09:14:40'),(1011,135,NULL,4,NULL,'2022-04-24',105,NULL,NULL,'',NULL,'','out',0,0,'08:52:28',NULL,'10:00:00','13:00:00','out','2022-04-24 06:21:24','2022-05-30 09:14:40'),(1012,135,NULL,4,NULL,'2022-04-24',105,NULL,NULL,'',NULL,'','out',0,0,'08:52:28',NULL,'10:00:00','13:00:00','out','2022-04-24 06:21:24','2022-05-30 09:14:40'),(1013,135,NULL,2,NULL,'2022-04-24',120,NULL,NULL,'',NULL,'','out',0,0,'08:52:28',NULL,'10:00:00','13:00:00','out','2022-04-24 06:21:24','2022-05-30 09:14:40'),(1014,135,NULL,2,NULL,'2022-04-24',120,NULL,NULL,'',NULL,'','out',0,0,'08:52:28',NULL,'10:00:00','13:00:00','out','2022-04-24 06:21:24','2022-05-30 09:14:40'),(1015,135,NULL,2,NULL,'2022-04-24',120,NULL,NULL,'',NULL,'','out',0,0,'08:52:28',NULL,'10:00:00','13:00:00','out','2022-04-24 06:21:24','2022-05-30 09:14:40'),(1016,136,NULL,3,NULL,'2022-04-24',150,NULL,NULL,'',NULL,'','out',0,0,'09:18:47',NULL,'13:00:00','16:00:00','out','2022-04-24 07:18:12','2022-05-30 09:14:40'),(1017,136,NULL,3,NULL,'2022-04-24',150,NULL,NULL,'',NULL,'','out',0,0,'09:18:47',NULL,'13:00:00','16:00:00','out','2022-04-24 07:18:12','2022-05-30 09:14:40'),(1018,136,NULL,3,NULL,'2022-04-24',150,NULL,NULL,'',NULL,'','out',0,0,'09:18:47',NULL,'13:00:00','16:00:00','out','2022-04-24 07:18:12','2022-05-30 09:14:40'),(1019,136,NULL,3,NULL,'2022-04-24',150,NULL,NULL,'',NULL,'','out',0,0,'09:18:47',NULL,'13:00:00','16:00:00','out','2022-04-24 07:18:12','2022-05-30 09:14:40'),(1020,136,NULL,4,NULL,'2022-04-24',105,NULL,NULL,'',NULL,'','out',0,0,'09:18:47',NULL,'13:00:00','16:00:00','out','2022-04-24 07:18:12','2022-05-30 09:14:40'),(1021,136,NULL,4,NULL,'2022-04-24',105,NULL,NULL,'',NULL,'','out',0,0,'09:18:48',NULL,'13:00:00','16:00:00','out','2022-04-24 07:18:12','2022-05-30 09:14:40'),(1022,136,NULL,4,NULL,'2022-04-24',105,NULL,NULL,'',NULL,'','out',0,0,'09:18:48',NULL,'13:00:00','16:00:00','out','2022-04-24 07:18:12','2022-05-30 09:14:40'),(1023,136,NULL,2,NULL,'2022-04-24',120,NULL,NULL,'',NULL,'','out',0,0,'09:18:48',NULL,'13:00:00','16:00:00','out','2022-04-24 07:18:12','2022-05-30 09:14:40'),(1024,136,NULL,2,NULL,'2022-04-24',120,NULL,NULL,'',NULL,'','out',0,0,'09:18:48',NULL,'13:00:00','16:00:00','out','2022-04-24 07:18:12','2022-05-30 09:14:40'),(1025,137,NULL,3,NULL,'2022-04-24',100,NULL,NULL,'',NULL,'','out',0,0,'09:20:46',NULL,'13:00:00','15:00:00','out','2022-04-24 07:20:17','2022-05-30 09:14:40'),(1026,137,NULL,3,NULL,'2022-04-24',100,NULL,NULL,'',NULL,'','out',0,0,'09:21:20',NULL,'13:00:00','15:00:00','out','2022-04-24 07:20:17','2022-05-30 09:14:40'),(1027,137,NULL,3,NULL,'2022-04-24',100,NULL,NULL,'',NULL,'','out',0,0,'09:21:50',NULL,'13:00:00','15:00:00','out','2022-04-24 07:20:17','2022-05-30 09:14:40'),(1028,137,NULL,4,NULL,'2022-04-24',70,NULL,NULL,'',NULL,'','out',0,0,'09:21:50',NULL,'13:00:00','15:00:00','out','2022-04-24 07:20:18','2022-05-30 09:14:40'),(1029,137,NULL,4,NULL,'2022-04-24',70,NULL,NULL,'',NULL,'','out',0,0,'09:21:50',NULL,'13:00:00','15:00:00','out','2022-04-24 07:20:18','2022-05-30 09:14:40'),(1030,137,NULL,4,NULL,'2022-04-24',70,NULL,NULL,'',NULL,'','out',0,0,'09:21:50',NULL,'13:00:00','15:00:00','out','2022-04-24 07:20:18','2022-05-30 09:14:40'),(1031,137,NULL,4,NULL,'2022-04-24',70,NULL,NULL,'',NULL,'','out',0,0,'09:21:50',NULL,'13:00:00','15:00:00','out','2022-04-24 07:20:18','2022-05-30 09:14:40'),(1032,137,NULL,2,NULL,'2022-04-24',80,NULL,NULL,'',NULL,'','out',0,0,'09:21:50',NULL,'13:00:00','15:00:00','out','2022-04-24 07:20:18','2022-05-30 09:14:40'),(1033,137,NULL,2,NULL,'2022-04-24',80,NULL,NULL,'',NULL,'','out',0,0,'09:21:50',NULL,'13:00:00','15:00:00','out','2022-04-24 07:20:18','2022-05-30 09:14:40'),(1034,137,NULL,2,NULL,'2022-04-24',80,NULL,NULL,'',NULL,'','out',0,0,'09:21:51',NULL,'13:00:00','15:00:00','out','2022-04-24 07:20:18','2022-05-30 09:14:40'),(1035,137,NULL,2,NULL,'2022-04-24',80,NULL,NULL,'',NULL,'','out',0,0,'09:21:51',NULL,'13:00:00','15:00:00','out','2022-04-24 07:20:18','2022-05-30 09:14:40'),(1036,138,NULL,3,NULL,'2022-04-24',100,NULL,NULL,'',NULL,'','out',0,0,'09:24:38',NULL,'11:00:00','13:00:00','out','2022-04-24 07:24:14','2022-05-30 09:14:40'),(1037,138,NULL,3,NULL,'2022-04-24',100,NULL,NULL,'',NULL,'','out',0,0,'09:24:44',NULL,'11:00:00','13:00:00','out','2022-04-24 07:24:14','2022-05-30 09:14:40'),(1038,138,NULL,3,NULL,'2022-04-24',100,NULL,NULL,'',NULL,'','out',0,0,'09:24:44',NULL,'11:00:00','13:00:00','out','2022-04-24 07:24:14','2022-05-30 09:14:40'),(1039,138,NULL,4,NULL,'2022-04-24',70,NULL,NULL,'',NULL,'','out',0,0,'09:24:44',NULL,'11:00:00','13:00:00','out','2022-04-24 07:24:14','2022-05-30 09:14:40'),(1040,138,NULL,4,NULL,'2022-04-24',70,NULL,NULL,'',NULL,'','out',0,0,'09:24:44',NULL,'11:00:00','13:00:00','out','2022-04-24 07:24:14','2022-05-30 09:14:40'),(1041,138,NULL,4,NULL,'2022-04-24',70,NULL,NULL,'',NULL,'','out',0,0,'09:24:44',NULL,'11:00:00','13:00:00','out','2022-04-24 07:24:15','2022-05-30 09:14:40'),(1042,138,NULL,4,NULL,'2022-04-24',70,NULL,NULL,'',NULL,'','out',0,0,'09:24:44',NULL,'11:00:00','13:00:00','out','2022-04-24 07:24:15','2022-05-30 09:14:40'),(1043,NULL,85,4,NULL,'2022-04-24',NULL,NULL,NULL,NULL,NULL,NULL,'out',0,0,NULL,NULL,'14:00:00','16:00:00','out','2022-04-24 08:09:45','2022-05-30 09:14:39'),(1044,NULL,85,4,NULL,'2022-04-24',70,NULL,NULL,NULL,NULL,NULL,'out',0,0,NULL,NULL,'14:00:00','16:00:00','out','2022-04-24 08:09:46','2022-05-30 09:14:39'),(1045,NULL,85,4,NULL,'2022-04-24',70,NULL,NULL,NULL,NULL,NULL,'out',0,0,NULL,NULL,'14:00:00','16:00:00','out','2022-04-24 08:09:46','2022-05-30 09:14:39'),(1046,NULL,86,3,NULL,'2022-04-24',100,NULL,NULL,NULL,NULL,NULL,'out',0,0,NULL,NULL,'13:00:00','15:00:00','out','2022-04-24 09:31:06','2022-05-30 09:14:39'),(1047,NULL,86,4,NULL,'2022-04-24',70,NULL,NULL,NULL,NULL,NULL,'out',0,0,NULL,NULL,'13:00:00','15:00:00','out','2022-04-24 09:31:06','2022-05-30 09:14:39'),(1048,NULL,86,2,NULL,'2022-04-24',80,NULL,NULL,NULL,NULL,NULL,'out',0,0,NULL,NULL,'13:00:00','15:00:00','out','2022-04-24 09:31:06','2022-05-30 09:14:39'),(1049,NULL,86,2,NULL,'2022-04-24',80,NULL,NULL,NULL,NULL,NULL,'out',0,0,NULL,NULL,'13:00:00','15:00:00','out','2022-04-24 09:31:06','2022-05-30 09:14:39'),(1050,NULL,86,1,NULL,'2022-04-24',60,NULL,NULL,NULL,NULL,NULL,'out',0,0,NULL,NULL,'13:00:00','15:00:00','out','2022-04-24 09:31:07','2022-05-30 09:14:39'),(1051,NULL,86,1,NULL,'2022-04-24',60,NULL,NULL,NULL,NULL,NULL,'out',0,0,NULL,NULL,'13:00:00','15:00:00','out','2022-04-24 09:31:07','2022-05-30 09:14:39'),(1052,NULL,87,3,NULL,'2022-04-24',100,NULL,NULL,NULL,NULL,NULL,'out',0,0,NULL,NULL,'13:00:00','15:00:00','out','2022-04-24 09:49:56','2022-05-30 09:14:39'),(1053,NULL,87,3,NULL,'2022-04-24',100,NULL,NULL,NULL,NULL,NULL,'out',0,0,NULL,NULL,'13:00:00','15:00:00','out','2022-04-24 09:49:56','2022-05-30 09:14:39'),(1054,NULL,87,3,NULL,'2022-04-24',100,NULL,NULL,NULL,NULL,NULL,'out',0,0,NULL,NULL,'13:00:00','15:00:00','out','2022-04-24 09:49:56','2022-05-30 09:14:39'),(1055,NULL,88,3,NULL,'2022-04-24',100,NULL,NULL,NULL,NULL,NULL,'out',0,0,NULL,NULL,'13:00:00','15:00:00','out','2022-04-24 09:52:31','2022-05-30 09:14:39'),(1056,NULL,88,4,NULL,'2022-04-24',70,NULL,NULL,NULL,NULL,NULL,'out',0,0,NULL,NULL,'13:00:00','15:00:00','out','2022-04-24 09:52:31','2022-05-30 09:14:39'),(1057,NULL,88,2,NULL,'2022-04-24',80,NULL,NULL,NULL,NULL,NULL,'out',0,0,NULL,NULL,'13:00:00','15:00:00','out','2022-04-24 09:52:31','2022-05-30 09:14:39'),(1058,NULL,88,1,NULL,'2022-04-24',60,NULL,NULL,NULL,NULL,NULL,'out',0,0,NULL,NULL,'13:00:00','15:00:00','out','2022-04-24 09:52:31','2022-05-30 09:14:39'),(1059,NULL,89,3,NULL,'2022-04-26',100,NULL,NULL,NULL,NULL,NULL,'out',0,0,'11:25:20',NULL,'08:00:00','10:00:00','out','2022-04-26 04:45:22','2022-05-30 09:14:39'),(1060,NULL,89,4,NULL,'2022-04-26',70,NULL,NULL,NULL,NULL,NULL,'out',0,0,'11:25:21',NULL,'08:00:00','10:00:00','out','2022-04-26 04:45:22','2022-05-30 09:14:39'),(1061,NULL,89,2,NULL,'2022-04-26',80,NULL,NULL,NULL,NULL,NULL,'out',0,0,'11:25:22',NULL,'08:00:00','10:00:00','out','2022-04-26 04:45:22','2022-05-30 09:14:39'),(1062,NULL,89,1,NULL,'2022-04-26',60,NULL,NULL,NULL,NULL,NULL,'out',0,0,'11:25:23',NULL,'08:00:00','10:00:00','out','2022-04-26 04:45:22','2022-05-30 09:14:39'),(1063,NULL,90,3,NULL,'2022-04-26',NULL,NULL,NULL,NULL,NULL,NULL,'out',0,0,NULL,NULL,'08:00:00','10:00:00','out','2022-04-26 04:49:39','2022-05-30 09:14:39'),(1064,NULL,90,4,NULL,'2022-04-26',NULL,NULL,NULL,NULL,NULL,NULL,'out',0,0,NULL,NULL,'08:00:00','10:00:00','out','2022-04-26 04:49:39','2022-05-30 09:14:39'),(1065,NULL,91,4,NULL,'2022-04-26',70,NULL,NULL,NULL,NULL,NULL,'out',0,0,NULL,NULL,'08:00:00','10:00:00','out','2022-04-26 04:56:44','2022-05-30 09:14:39'),(1066,NULL,91,4,NULL,'2022-04-26',70,NULL,NULL,NULL,NULL,NULL,'out',0,0,NULL,NULL,'08:00:00','10:00:00','out','2022-04-26 04:56:44','2022-05-30 09:14:39'),(1067,NULL,91,2,NULL,'2022-04-26',80,NULL,NULL,NULL,NULL,NULL,'out',0,0,NULL,NULL,'08:00:00','10:00:00','out','2022-04-26 04:56:44','2022-05-30 09:14:39'),(1068,NULL,91,2,NULL,'2022-04-26',80,NULL,NULL,NULL,NULL,NULL,'out',0,0,NULL,NULL,'08:00:00','10:00:00','out','2022-04-26 04:56:44','2022-05-30 09:14:39'),(1072,NULL,93,3,NULL,'2022-04-26',100,NULL,NULL,NULL,NULL,NULL,'out',0,0,NULL,NULL,'09:00:00','11:00:00','out','2022-04-26 05:05:00','2022-05-30 09:14:39'),(1073,NULL,93,4,NULL,'2022-04-26',70,NULL,NULL,NULL,NULL,NULL,'out',0,0,NULL,NULL,'09:00:00','11:00:00','out','2022-04-26 05:05:00','2022-05-30 09:14:39'),(1074,NULL,94,3,NULL,'2022-04-26',150,NULL,NULL,NULL,NULL,NULL,'out',0,0,NULL,NULL,'09:00:00','12:00:00','out','2022-04-26 05:05:33','2022-05-30 09:14:39'),(1075,NULL,94,4,NULL,'2022-04-26',105,NULL,NULL,NULL,NULL,NULL,'out',0,0,NULL,NULL,'09:00:00','12:00:00','out','2022-04-26 05:05:33','2022-05-30 09:14:39'),(1076,NULL,95,3,NULL,'2022-04-26',100,NULL,NULL,NULL,NULL,NULL,'out',0,0,NULL,NULL,'09:00:00','11:00:00','out','2022-04-26 06:00:04','2022-05-30 09:14:39'),(1077,NULL,95,4,NULL,'2022-04-26',70,NULL,NULL,NULL,NULL,NULL,'out',0,0,NULL,NULL,'09:00:00','11:00:00','out','2022-04-26 06:00:04','2022-05-30 09:14:39'),(1092,NULL,92,3,NULL,'2022-04-26',100,NULL,NULL,NULL,NULL,'','out',0,0,NULL,NULL,'08:00:00','10:00:00','out','2022-04-26 07:53:56','2022-05-30 09:14:39'),(1093,NULL,92,4,NULL,'2022-04-26',70,NULL,NULL,NULL,NULL,NULL,'out',0,0,NULL,NULL,'08:00:00','10:00:00','out','2022-04-26 07:53:56','2022-05-30 09:14:39'),(1094,NULL,92,4,NULL,'2022-04-26',70,NULL,NULL,NULL,NULL,NULL,'out',0,0,NULL,NULL,'08:00:00','10:00:00','out','2022-04-26 07:53:56','2022-05-30 09:14:39'),(1095,NULL,92,1,NULL,'2022-04-26',60,NULL,NULL,NULL,NULL,NULL,'out',0,0,NULL,NULL,'08:00:00','10:00:00','out','2022-04-26 07:53:56','2022-05-30 09:14:39'),(1103,139,NULL,3,NULL,'2022-04-26',100,NULL,NULL,NULL,NULL,'','out',0,0,NULL,NULL,'10:00:00','12:00:00','out','2022-04-26 08:15:53','2022-05-30 09:14:40'),(1104,139,NULL,3,NULL,'2022-04-26',150,NULL,NULL,NULL,NULL,NULL,'out',0,0,NULL,NULL,'10:00:00','12:00:00','out','2022-04-26 08:15:53','2022-05-30 09:14:40'),(1105,139,NULL,4,NULL,'2022-04-26',70,NULL,NULL,NULL,NULL,NULL,'out',0,0,NULL,NULL,'10:00:00','12:00:00','out','2022-04-26 08:15:53','2022-05-30 09:14:40'),(1106,139,NULL,4,NULL,'2022-04-26',105,NULL,NULL,NULL,NULL,NULL,'out',0,0,NULL,NULL,'10:00:00','12:00:00','out','2022-04-26 08:15:53','2022-05-30 09:14:40'),(1107,139,NULL,2,NULL,'2022-04-26',80,NULL,NULL,NULL,NULL,NULL,'out',0,0,NULL,NULL,'10:00:00','12:00:00','out','2022-04-26 08:15:54','2022-05-30 09:14:40'),(1108,139,NULL,2,NULL,'2022-04-26',120,NULL,NULL,NULL,NULL,NULL,'out',0,0,NULL,NULL,'10:00:00','12:00:00','out','2022-04-26 08:15:54','2022-05-30 09:14:40'),(1109,139,NULL,1,NULL,'2022-04-26',90,NULL,NULL,NULL,NULL,NULL,'out',0,0,NULL,NULL,'10:00:00','12:00:00','out','2022-04-26 08:15:54','2022-05-30 09:14:40'),(1118,140,NULL,3,NULL,'2022-04-26',100,NULL,NULL,NULL,NULL,NULL,'out',0,0,NULL,NULL,'12:00:00','14:00:00','out','2022-04-26 08:31:13','2022-05-30 09:14:40'),(1119,140,NULL,4,NULL,'2022-04-26',70,NULL,NULL,NULL,NULL,'','out',0,0,NULL,NULL,'12:00:00','14:00:00','out','2022-04-26 08:31:13','2022-05-30 09:14:40'),(1120,140,NULL,4,NULL,'2022-04-26',70,NULL,NULL,NULL,NULL,NULL,'out',0,0,NULL,NULL,'12:00:00','14:00:00','out','2022-04-26 08:31:13','2022-05-30 09:14:40'),(1121,140,NULL,2,NULL,'2022-04-26',80,NULL,NULL,NULL,NULL,NULL,'out',0,0,NULL,NULL,'12:00:00','14:00:00','out','2022-04-26 08:31:13','2022-05-30 09:14:40'),(1122,140,NULL,1,NULL,'2022-04-26',60,NULL,NULL,NULL,NULL,NULL,'out',0,0,NULL,NULL,'12:00:00','14:00:00','out','2022-04-26 08:31:13','2022-05-30 09:14:40'),(1123,140,NULL,1,NULL,'2022-04-26',60,NULL,NULL,NULL,NULL,NULL,'out',0,0,NULL,NULL,'12:00:00','14:00:00','out','2022-04-26 08:31:13','2022-05-30 09:14:40'),(1124,140,NULL,1,NULL,'2022-04-26',60,NULL,NULL,NULL,NULL,NULL,'out',0,0,NULL,NULL,'12:00:00','14:00:00','out','2022-04-26 08:31:13','2022-05-30 09:14:40'),(1125,140,NULL,1,NULL,'2022-04-26',60,NULL,NULL,NULL,NULL,NULL,'out',0,0,NULL,NULL,'12:00:00','14:00:00','out','2022-04-26 08:31:13','2022-05-30 09:14:40'),(1126,140,NULL,1,NULL,'2022-04-26',60,NULL,NULL,NULL,NULL,NULL,'out',0,0,NULL,NULL,'12:00:00','14:00:00','out','2022-04-26 08:31:13','2022-05-30 09:14:40'),(1127,141,NULL,NULL,'TUE580CO66',NULL,0,NULL,'T08','',NULL,'','in',0,0,'07:36:19',NULL,NULL,NULL,'in','2022-04-26 08:54:26','2022-04-27 05:36:19'),(1128,141,NULL,NULL,'TUE1338CO66',NULL,0,NULL,'T09','',NULL,'','in',0,0,'07:36:19',NULL,NULL,NULL,'in','2022-04-26 08:54:26','2022-04-27 05:36:19'),(1129,141,NULL,NULL,'TUE3834CO66',NULL,0,NULL,'T10','',NULL,'','in',0,0,'07:36:19',NULL,NULL,NULL,'in','2022-04-26 08:54:26','2022-04-27 05:36:19'),(1130,141,NULL,NULL,'TUE4831CO67',NULL,0,NULL,'T11','',NULL,'','in',0,0,'07:36:19',NULL,NULL,NULL,'in','2022-04-26 08:54:27','2022-04-27 05:36:19'),(1131,141,NULL,NULL,'TUE8486CO67',NULL,0,NULL,'T12','',NULL,'','in',0,0,'07:36:20',NULL,NULL,NULL,'in','2022-04-26 08:54:27','2022-04-27 05:36:20'),(1132,141,NULL,NULL,'TUE637CO67',NULL,0,NULL,'T13','',NULL,'','in',0,0,'07:36:20',NULL,NULL,NULL,'in','2022-04-26 08:54:27','2022-04-27 05:36:20'),(1133,NULL,96,3,NULL,'2022-04-26',100,NULL,NULL,NULL,NULL,NULL,'out',0,0,NULL,NULL,'13:00:00','15:00:00','out','2022-04-26 09:20:38','2022-05-30 09:14:39'),(1134,NULL,96,3,NULL,'2022-04-26',100,NULL,NULL,NULL,NULL,NULL,'out',0,0,NULL,NULL,'13:00:00','15:00:00','out','2022-04-26 09:20:38','2022-05-30 09:14:39'),(1135,NULL,96,4,NULL,'2022-04-26',NULL,NULL,NULL,NULL,NULL,NULL,'out',0,0,NULL,NULL,'13:00:00','15:00:00','out','2022-04-26 09:20:38','2022-05-30 09:14:39'),(1136,NULL,96,4,NULL,'2022-04-26',70,NULL,NULL,NULL,NULL,NULL,'out',0,0,NULL,NULL,'13:00:00','15:00:00','out','2022-04-26 09:20:38','2022-05-30 09:14:39'),(1137,NULL,97,3,NULL,'2022-04-26',NULL,NULL,NULL,NULL,NULL,NULL,'out',0,0,NULL,NULL,'17:00:00','19:00:00','out','2022-04-26 09:21:18','2022-05-30 09:14:39'),(1138,NULL,97,2,NULL,'2022-04-26',100,NULL,NULL,NULL,NULL,NULL,'out',0,0,NULL,NULL,'17:00:00','19:00:00','out','2022-04-26 09:21:19','2022-05-30 09:14:39'),(1139,NULL,97,1,NULL,'2022-04-26',80,NULL,NULL,NULL,NULL,NULL,'out',0,0,NULL,NULL,'17:00:00','19:00:00','out','2022-04-26 09:21:19','2022-05-30 09:14:39'),(1140,NULL,98,3,NULL,'2022-04-27',100,NULL,NULL,'ahmed','1985-03-27','male','out',0,0,'06:59:15',NULL,'08:00:00','10:00:00','out','2022-04-27 04:56:53','2022-05-30 09:14:39'),(1141,NULL,98,4,NULL,'2022-04-27',70,NULL,NULL,'mohamed','1990-01-27','male','out',0,0,'06:59:17',NULL,'08:00:00','10:00:00','out','2022-04-27 04:56:53','2022-05-30 09:14:39'),(1142,NULL,98,2,NULL,'2022-04-27',80,NULL,NULL,'ali','2008-11-27','male','out',0,0,'06:59:19',NULL,'08:00:00','10:00:00','out','2022-04-27 04:56:54','2022-05-30 09:14:39'),(1143,NULL,98,1,NULL,'2022-04-27',60,NULL,NULL,'sara','2021-09-27','female','out',0,0,'06:59:20',NULL,'08:00:00','10:00:00','out','2022-04-27 04:56:54','2022-05-30 09:14:39'),(1144,142,NULL,3,NULL,'2022-04-27',100,NULL,NULL,NULL,NULL,NULL,'out',0,0,NULL,NULL,'09:00:00','11:00:00','out','2022-04-27 05:28:51','2022-05-30 09:14:40'),(1145,142,NULL,3,NULL,'2022-04-27',100,NULL,NULL,NULL,NULL,NULL,'out',0,0,NULL,NULL,'09:00:00','11:00:00','out','2022-04-27 05:28:51','2022-05-30 09:14:40'),(1146,142,NULL,3,NULL,'2022-04-27',100,NULL,NULL,NULL,NULL,NULL,'out',0,0,NULL,NULL,'09:00:00','11:00:00','out','2022-04-27 05:28:51','2022-05-30 09:14:40'),(1147,142,NULL,3,NULL,'2022-04-27',100,NULL,NULL,NULL,NULL,NULL,'out',0,0,NULL,NULL,'09:00:00','11:00:00','out','2022-04-27 05:28:52','2022-05-30 09:14:40'),(1148,142,NULL,3,NULL,'2022-04-27',100,NULL,NULL,NULL,NULL,NULL,'out',0,0,NULL,NULL,'09:00:00','11:00:00','out','2022-04-27 05:28:52','2022-05-30 09:14:40'),(1149,142,NULL,3,NULL,'2022-04-27',100,NULL,NULL,NULL,NULL,NULL,'out',0,0,NULL,NULL,'09:00:00','11:00:00','out','2022-04-27 05:28:52','2022-05-30 09:14:40'),(1150,142,NULL,4,NULL,'2022-04-27',70,NULL,NULL,NULL,NULL,NULL,'out',0,0,NULL,NULL,'09:00:00','11:00:00','out','2022-04-27 05:28:52','2022-05-30 09:14:40'),(1151,142,NULL,4,NULL,'2022-04-27',70,NULL,NULL,NULL,NULL,NULL,'out',0,0,NULL,NULL,'09:00:00','11:00:00','out','2022-04-27 05:28:52','2022-05-30 09:14:40'),(1152,142,NULL,4,NULL,'2022-04-27',70,NULL,NULL,NULL,NULL,NULL,'out',0,0,NULL,NULL,'09:00:00','11:00:00','out','2022-04-27 05:28:52','2022-05-30 09:14:40'),(1153,142,NULL,4,NULL,'2022-04-27',70,NULL,NULL,NULL,NULL,NULL,'out',0,0,NULL,NULL,'09:00:00','11:00:00','out','2022-04-27 05:28:53','2022-05-30 09:14:40'),(1154,142,NULL,4,NULL,'2022-04-27',70,NULL,NULL,NULL,NULL,NULL,'out',0,0,NULL,NULL,'09:00:00','11:00:00','out','2022-04-27 05:28:53','2022-05-30 09:14:40'),(1155,142,NULL,2,NULL,'2022-04-27',80,NULL,NULL,NULL,NULL,NULL,'out',0,0,NULL,NULL,'09:00:00','11:00:00','out','2022-04-27 05:28:53','2022-05-30 09:14:40'),(1156,142,NULL,2,NULL,'2022-04-27',80,NULL,NULL,NULL,NULL,NULL,'out',0,0,NULL,NULL,'09:00:00','11:00:00','out','2022-04-27 05:28:53','2022-05-30 09:14:40'),(1157,142,NULL,3,NULL,'2022-04-27',100,NULL,NULL,NULL,NULL,NULL,'out',0,0,NULL,NULL,'09:00:00','11:00:00','out','2022-04-27 05:32:49','2022-05-30 09:14:40'),(1158,142,NULL,3,NULL,'2022-04-27',100,NULL,NULL,NULL,NULL,NULL,'out',0,0,NULL,NULL,'09:00:00','11:00:00','out','2022-04-27 05:32:50','2022-05-30 09:14:40'),(1159,142,NULL,3,NULL,'2022-04-27',100,NULL,NULL,NULL,NULL,NULL,'out',0,0,NULL,NULL,'09:00:00','11:00:00','out','2022-04-27 05:32:50','2022-05-30 09:14:40'),(1160,142,NULL,3,NULL,'2022-04-27',100,NULL,NULL,NULL,NULL,NULL,'out',0,0,NULL,NULL,'09:00:00','11:00:00','out','2022-04-27 05:32:50','2022-05-30 09:14:40'),(1161,142,NULL,4,NULL,'2022-04-27',70,NULL,NULL,NULL,NULL,NULL,'out',0,0,NULL,NULL,'09:00:00','11:00:00','out','2022-04-27 05:32:50','2022-05-30 09:14:40'),(1162,142,NULL,4,NULL,'2022-04-27',70,NULL,NULL,NULL,NULL,NULL,'out',0,0,NULL,NULL,'09:00:00','11:00:00','out','2022-04-27 05:32:50','2022-05-30 09:14:40'),(1163,142,NULL,4,NULL,'2022-04-27',70,NULL,NULL,NULL,NULL,NULL,'out',0,0,NULL,NULL,'09:00:00','11:00:00','out','2022-04-27 05:32:50','2022-05-30 09:14:40'),(1164,142,NULL,2,NULL,'2022-04-27',80,NULL,NULL,NULL,NULL,NULL,'out',0,0,NULL,NULL,'09:00:00','11:00:00','out','2022-04-27 05:32:51','2022-05-30 09:14:40'),(1165,142,NULL,2,NULL,'2022-04-27',80,NULL,NULL,NULL,NULL,NULL,'out',0,0,NULL,NULL,'09:00:00','11:00:00','out','2022-04-27 05:32:51','2022-05-30 09:14:40'),(1166,142,NULL,2,NULL,'2022-04-27',80,NULL,NULL,NULL,NULL,NULL,'out',0,0,NULL,NULL,'09:00:00','11:00:00','out','2022-04-27 05:32:51','2022-05-30 09:14:40'),(1167,142,NULL,1,NULL,'2022-04-27',60,NULL,NULL,NULL,NULL,NULL,'out',0,0,NULL,NULL,'09:00:00','11:00:00','out','2022-04-27 05:32:51','2022-05-30 09:14:40'),(1168,142,NULL,1,NULL,'2022-04-27',60,NULL,NULL,NULL,NULL,NULL,'out',0,0,NULL,NULL,'09:00:00','11:00:00','out','2022-04-27 05:32:51','2022-05-30 09:14:40'),(1169,142,NULL,1,NULL,'2022-04-27',60,NULL,NULL,NULL,NULL,NULL,'out',0,0,NULL,NULL,'09:00:00','11:00:00','out','2022-04-27 05:32:51','2022-05-30 09:14:40'),(1171,NULL,100,4,NULL,'2022-04-28',70,NULL,NULL,NULL,NULL,NULL,'out',0,0,NULL,NULL,'11:00:00','13:00:00','out','2022-04-28 07:41:48','2022-05-30 09:14:39'),(1172,NULL,101,4,NULL,'2022-04-28',70,NULL,NULL,NULL,NULL,NULL,'out',0,0,NULL,NULL,'11:00:00','13:00:00','out','2022-04-28 07:44:28','2022-05-30 09:14:39'),(1173,NULL,102,4,NULL,'2022-04-28',70,NULL,NULL,NULL,NULL,NULL,'out',0,0,NULL,NULL,'11:00:00','13:00:00','out','2022-04-28 07:46:26','2022-05-30 09:14:39'),(1174,NULL,103,3,NULL,'2022-04-28',100,NULL,NULL,NULL,NULL,NULL,'out',0,0,NULL,NULL,'11:00:00','13:00:00','out','2022-04-28 07:48:07','2022-05-30 09:14:39'),(1175,NULL,104,3,NULL,'2022-04-28',100,NULL,NULL,NULL,NULL,NULL,'out',0,0,NULL,NULL,'11:00:00','13:00:00','out','2022-04-28 07:57:31','2022-05-30 09:14:39'),(1176,NULL,105,3,NULL,'2022-04-28',100,NULL,NULL,NULL,NULL,NULL,'out',0,0,NULL,NULL,'12:00:00','14:00:00','out','2022-04-28 08:08:50','2022-05-30 09:14:39'),(1177,NULL,106,4,NULL,'2022-04-28',70,NULL,NULL,NULL,NULL,NULL,'out',0,0,NULL,NULL,'12:00:00','14:00:00','out','2022-04-28 08:15:10','2022-05-30 09:14:39'),(1178,NULL,106,4,NULL,'2022-04-28',70,NULL,NULL,NULL,NULL,NULL,'out',0,0,NULL,NULL,'12:00:00','14:00:00','out','2022-04-28 08:15:10','2022-05-30 09:14:39'),(1179,NULL,106,2,NULL,'2022-04-28',80,NULL,NULL,NULL,NULL,NULL,'out',0,0,NULL,NULL,'12:00:00','14:00:00','out','2022-04-28 08:15:10','2022-05-30 09:14:39'),(1180,NULL,106,1,NULL,'2022-04-28',60,NULL,NULL,NULL,NULL,NULL,'out',0,0,NULL,NULL,'12:00:00','14:00:00','out','2022-04-28 08:15:10','2022-05-30 09:14:39'),(1181,144,NULL,3,NULL,'2022-04-28',100,NULL,NULL,NULL,NULL,NULL,'out',0,0,NULL,NULL,'12:00:00','14:00:00','out','2022-04-28 08:29:39','2022-05-30 09:14:40'),(1183,NULL,99,3,NULL,'2022-04-28',100,NULL,NULL,NULL,NULL,'','out',0,0,NULL,NULL,'11:00:00','13:00:00','out','2022-04-28 10:18:57','2022-05-30 09:14:39'),(1184,NULL,107,3,NULL,'2022-04-28',100,NULL,NULL,NULL,NULL,NULL,'out',0,0,NULL,NULL,'14:00:00','16:00:00','out','2022-04-28 10:51:25','2022-05-30 09:14:39'),(1185,NULL,108,4,NULL,'2022-04-28',105,NULL,NULL,NULL,NULL,NULL,'out',0,0,NULL,NULL,'15:00:00','18:00:00','out','2022-04-28 11:27:45','2022-05-30 09:14:39'),(1187,NULL,109,2,NULL,'2022-04-29',100,NULL,NULL,NULL,NULL,'','out',0,0,NULL,NULL,'17:00:00','19:00:00','out','2022-04-29 14:15:58','2022-05-30 09:14:39'),(1188,145,NULL,3,NULL,'2022-04-29',120,NULL,NULL,NULL,NULL,NULL,'out',0,0,NULL,NULL,'18:00:00','20:00:00','out','2022-04-29 14:29:06','2022-05-30 09:14:40'),(1189,145,NULL,4,NULL,'2022-04-29',140,NULL,NULL,NULL,NULL,NULL,'out',0,0,NULL,NULL,'18:00:00','20:00:00','out','2022-04-29 14:29:06','2022-05-30 09:14:40'),(1190,145,NULL,2,NULL,'2022-04-29',100,NULL,NULL,NULL,NULL,NULL,'out',0,0,NULL,NULL,'18:00:00','20:00:00','out','2022-04-29 14:29:06','2022-05-30 09:14:40'),(1191,145,NULL,1,NULL,'2022-04-29',80,NULL,NULL,NULL,NULL,NULL,'out',0,0,NULL,NULL,'18:00:00','20:00:00','out','2022-04-29 14:29:06','2022-05-30 09:14:40'),(1192,NULL,110,3,NULL,'2022-05-01',100,NULL,NULL,NULL,NULL,NULL,'out',0,0,'08:51:33',NULL,'10:00:00','12:00:00','out','2022-05-01 06:34:39','2022-05-30 09:14:39'),(1193,146,NULL,4,NULL,'2022-05-01',70,NULL,NULL,'',NULL,'','out',0,0,'08:40:17',NULL,'10:00:00','12:00:00','out','2022-05-01 06:39:16','2022-05-30 09:14:40'),(1194,NULL,111,2,NULL,'2022-05-01',80,NULL,NULL,NULL,NULL,NULL,'out',0,0,'08:59:11',NULL,'10:00:00','12:00:00','out','2022-05-01 06:58:36','2022-05-30 09:14:39'),(1195,NULL,112,4,NULL,'2022-05-01',105,NULL,NULL,NULL,NULL,NULL,'out',0,0,NULL,NULL,'11:00:00','14:00:00','out','2022-05-01 07:06:54','2022-05-30 09:14:39'),(1196,147,NULL,3,NULL,'2022-05-01',120,NULL,NULL,'',NULL,'','out',0,0,'09:10:52',NULL,'16:00:00','18:00:00','out','2022-05-01 07:10:14','2022-05-30 09:14:40'),(1197,147,NULL,3,NULL,'2022-05-01',120,NULL,NULL,'',NULL,'','out',0,0,'09:10:52',NULL,'16:00:00','18:00:00','out','2022-05-01 07:10:14','2022-05-30 09:14:40'),(1198,147,NULL,3,NULL,'2022-05-01',120,NULL,NULL,'',NULL,'','out',0,0,'09:10:52',NULL,'16:00:00','18:00:00','out','2022-05-01 07:10:15','2022-05-30 09:14:40'),(1199,147,NULL,4,NULL,'2022-05-01',140,NULL,NULL,'',NULL,'','out',0,0,'09:10:52',NULL,'16:00:00','18:00:00','out','2022-05-01 07:10:15','2022-05-30 09:14:40'),(1200,147,NULL,4,NULL,'2022-05-01',140,NULL,NULL,'',NULL,'','out',0,0,'09:10:52',NULL,'16:00:00','18:00:00','out','2022-05-01 07:10:15','2022-05-30 09:14:40'),(1201,147,NULL,4,NULL,'2022-05-01',140,NULL,NULL,'',NULL,'','out',0,0,'09:10:52',NULL,'16:00:00','18:00:00','out','2022-05-01 07:10:15','2022-05-30 09:14:40'),(1202,147,NULL,2,NULL,'2022-05-01',100,NULL,NULL,'',NULL,'','out',0,0,'09:10:52',NULL,'16:00:00','18:00:00','out','2022-05-01 07:10:15','2022-05-30 09:14:40'),(1203,147,NULL,1,NULL,'2022-05-01',80,NULL,NULL,'',NULL,'','out',0,0,'09:10:52',NULL,'16:00:00','18:00:00','out','2022-05-01 07:10:15','2022-05-30 09:14:40'),(1204,149,NULL,3,NULL,'2022-05-05',100,NULL,NULL,'',NULL,'','out',2,100,'11:04:27',NULL,'10:00:00','12:00:00','out','2022-05-05 08:51:44','2022-05-30 09:14:40'),(1205,149,NULL,4,NULL,'2022-05-05',70,NULL,NULL,'',NULL,'','out',0,0,'11:04:27',NULL,'10:00:00','12:00:00','out','2022-05-05 08:51:44','2022-05-30 09:14:40'),(1206,NULL,113,3,NULL,'2022-05-05',50,NULL,NULL,NULL,NULL,NULL,'out',0,0,'09:13:08',NULL,'11:00:00','12:00:00','out','2022-05-05 09:12:45','2022-05-30 09:14:39'),(1207,NULL,114,3,NULL,'2022-05-05',150,NULL,NULL,NULL,NULL,NULL,'out',2,100,'09:13:21',NULL,'11:00:00','14:00:00','out','2022-05-05 09:12:59','2022-05-30 09:14:39'),(1208,NULL,114,4,NULL,'2022-05-05',105,NULL,NULL,NULL,NULL,NULL,'out',0,0,'09:13:28',NULL,'11:00:00','14:00:00','out','2022-05-05 09:12:59','2022-05-30 09:14:39'),(1209,NULL,115,3,NULL,'2022-05-05',50,NULL,NULL,NULL,NULL,NULL,'out',0,0,'09:15:33',NULL,'11:00:00','12:00:00','out','2022-05-05 09:15:06','2022-05-30 09:14:39'),(1210,NULL,115,3,NULL,'2022-05-05',50,NULL,NULL,NULL,NULL,NULL,'out',0,0,'09:15:34',NULL,'11:00:00','12:00:00','out','2022-05-05 09:15:06','2022-05-30 09:14:39'),(1211,NULL,116,3,NULL,'2022-05-05',100,NULL,NULL,NULL,NULL,NULL,'out',0,0,'09:34:35',NULL,'11:00:00','13:00:00','out','2022-05-05 09:34:24','2022-05-30 09:14:39'),(1212,NULL,116,4,NULL,'2022-05-05',70,NULL,NULL,NULL,NULL,NULL,'out',2,70,'09:34:38',NULL,'11:00:00','13:00:00','out','2022-05-05 09:34:24','2022-05-30 09:14:39'),(1213,150,NULL,3,NULL,'2022-05-05',100,NULL,NULL,'',NULL,'','out',0,0,'11:09:28',NULL,'13:00:00','15:00:00','out','2022-05-05 11:09:04','2022-05-30 09:14:40'),(1214,150,NULL,3,NULL,'2022-05-05',100,NULL,NULL,'',NULL,'','out',0,0,'11:09:28',NULL,'13:00:00','15:00:00','out','2022-05-05 11:09:04','2022-05-30 09:14:40'),(1215,151,NULL,3,NULL,'2022-05-05',150,NULL,NULL,'',NULL,'','out',1,50,'11:48:31',NULL,'13:00:00','15:00:00','out','2022-05-05 11:48:14','2022-05-30 09:14:40'),(1216,151,NULL,4,NULL,'2022-05-05',105,NULL,NULL,'',NULL,'','out',0,0,'11:48:31',NULL,'13:00:00','15:00:00','out','2022-05-05 11:48:14','2022-05-30 09:14:40'),(1217,151,NULL,2,NULL,'2022-05-05',120,NULL,NULL,'',NULL,'','out',0,0,'11:48:31',NULL,'13:00:00','15:00:00','out','2022-05-05 11:48:14','2022-05-30 09:14:40'),(1218,152,NULL,3,NULL,'2022-05-05',100,NULL,NULL,'',NULL,'','out',0,0,'14:07:59',NULL,'14:00:00','16:00:00','out','2022-05-05 14:07:48','2022-05-30 09:14:40'),(1219,152,NULL,4,NULL,'2022-05-05',70,NULL,NULL,'',NULL,'','out',0,0,'14:07:59',NULL,'14:00:00','16:00:00','out','2022-05-05 14:07:48','2022-05-30 09:14:40'),(1220,152,NULL,2,NULL,'2022-05-05',80,NULL,NULL,'',NULL,'','out',0,0,'14:07:59',NULL,'14:00:00','16:00:00','out','2022-05-05 14:07:48','2022-05-30 09:14:40'),(1221,152,NULL,2,NULL,'2022-05-05',80,NULL,NULL,'',NULL,'','out',0,0,'14:07:59',NULL,'14:00:00','16:00:00','out','2022-05-05 14:07:48','2022-05-30 09:14:40'),(1222,152,NULL,1,NULL,'2022-05-05',60,NULL,NULL,'',NULL,'','out',0,0,'14:07:59',NULL,'14:00:00','16:00:00','out','2022-05-05 14:07:48','2022-05-30 09:14:40'),(1223,153,NULL,3,NULL,'2022-05-05',100,NULL,NULL,'',NULL,'','out',1,50,'14:51:25',NULL,'14:00:00','16:00:00','out','2022-05-05 14:50:56','2022-05-30 09:14:40'),(1224,153,NULL,4,NULL,'2022-05-05',70,NULL,NULL,'',NULL,'','out',1,35,'14:51:25',NULL,'14:00:00','16:00:00','out','2022-05-05 14:50:56','2022-05-30 09:14:40'),(1225,153,NULL,4,NULL,'2022-05-05',70,NULL,NULL,'',NULL,'','out',0,0,'14:51:25',NULL,'14:00:00','16:00:00','out','2022-05-05 14:50:56','2022-05-30 09:14:40'),(1226,153,NULL,2,NULL,'2022-05-05',80,NULL,NULL,'',NULL,'','out',0,0,'14:51:25',NULL,'14:00:00','16:00:00','out','2022-05-05 14:50:56','2022-05-30 09:14:40'),(1227,154,NULL,3,NULL,'2022-05-05',150,NULL,NULL,'',NULL,'','out',0,0,'14:59:07',NULL,'14:00:00','14:00:00','out','2022-05-05 14:58:43','2022-05-30 09:14:40'),(1228,154,NULL,3,NULL,'2022-05-05',150,NULL,NULL,'',NULL,'','out',3,180,'14:59:07',NULL,'14:00:00','16:00:00','out','2022-05-05 14:58:43','2022-05-30 09:14:40'),(1229,154,NULL,3,NULL,'2022-05-05',150,NULL,NULL,'',NULL,'','out',0,0,'14:59:07',NULL,'14:00:00','16:00:00','out','2022-05-05 14:58:43','2022-05-30 09:14:40'),(1230,155,NULL,3,NULL,'2022-05-05',180,NULL,NULL,'',NULL,'','out',0,60,'16:43:11',NULL,'16:00:00','16:00:00','out','2022-05-05 16:42:54','2022-05-30 09:14:40'),(1231,155,NULL,3,NULL,'2022-05-05',180,NULL,NULL,'',NULL,'','out',0,0,'16:43:11',NULL,'16:00:00','19:00:00','out','2022-05-05 16:42:54','2022-05-30 09:14:40'),(1232,155,NULL,3,NULL,'2022-05-05',180,NULL,NULL,'',NULL,'','out',0,0,'16:43:11',NULL,'16:00:00','19:00:00','out','2022-05-05 16:42:54','2022-05-30 09:14:40'),(1233,155,NULL,4,NULL,'2022-05-05',210,NULL,NULL,'',NULL,'','out',0,0,'16:43:11',NULL,'16:00:00','19:00:00','out','2022-05-05 16:42:54','2022-05-30 09:14:40'),(1234,155,NULL,4,NULL,'2022-05-05',210,NULL,NULL,'',NULL,'','out',0,0,'16:43:11',NULL,'16:00:00','19:00:00','out','2022-05-05 16:42:54','2022-05-30 09:14:40'),(1235,155,NULL,2,NULL,'2022-05-05',150,NULL,NULL,'',NULL,'','out',0,0,'16:43:11',NULL,'16:00:00','16:00:00','out','2022-05-05 16:42:54','2022-05-30 09:14:40'),(1236,155,NULL,2,NULL,'2022-05-05',150,NULL,NULL,'',NULL,'','out',0,0,'16:43:11',NULL,'16:00:00','19:00:00','out','2022-05-05 16:42:54','2022-05-30 09:14:40'),(1237,156,NULL,3,NULL,'2022-05-05',120,NULL,NULL,'',NULL,'','out',0,0,'17:30:04',NULL,'17:00:00','19:00:00','out','2022-05-05 17:29:33','2022-05-30 09:14:40'),(1238,157,NULL,3,NULL,'2022-05-05',120,NULL,NULL,'',NULL,'','out',0,0,'17:31:42',NULL,'17:00:00','17:00:00','out','2022-05-05 17:31:24','2022-05-30 09:14:40'),(1239,157,NULL,2,NULL,'2022-05-05',100,NULL,NULL,'',NULL,'','out',3,150,'17:31:42',NULL,'17:00:00','22:00:00','out','2022-05-05 17:31:24','2022-05-30 09:14:40'),(1240,NULL,117,3,NULL,'2022-05-08',100,NULL,NULL,NULL,NULL,NULL,'out',0,0,'08:57:42',NULL,'08:00:00','08:00:00','out','2022-05-08 08:57:30','2022-05-30 09:14:39'),(1241,NULL,117,4,NULL,'2022-05-08',70,NULL,NULL,NULL,NULL,NULL,'out',0,0,'08:57:45',NULL,'08:00:00','09:00:00','out','2022-05-08 08:57:30','2022-05-30 09:14:39'),(1242,NULL,117,2,NULL,'2022-05-08',80,NULL,NULL,NULL,NULL,NULL,'out',0,0,'08:57:49',NULL,'08:00:00','09:00:00','out','2022-05-08 08:57:30','2022-05-30 09:14:39'),(1243,NULL,117,1,NULL,'2022-05-08',60,NULL,NULL,NULL,NULL,NULL,'out',1,30,'08:57:55',NULL,'08:00:00','11:00:00','out','2022-05-08 08:57:30','2022-05-30 09:14:39'),(1244,158,NULL,3,NULL,'2022-05-08',50,NULL,NULL,'',NULL,'','out',0,0,'09:13:41',NULL,'09:00:00','09:00:00','out','2022-05-08 09:13:19','2022-05-30 09:14:40'),(1245,158,NULL,2,NULL,'2022-05-08',40,NULL,NULL,'',NULL,'','out',1,40,'09:13:46',NULL,'09:00:00','11:00:00','out','2022-05-08 09:13:19','2022-05-30 09:14:40'),(1246,159,NULL,3,NULL,'2022-05-08',100,NULL,NULL,'',NULL,'','out',0,0,'09:18:17',NULL,'09:00:00','09:00:00','out','2022-05-08 09:18:03','2022-05-30 09:14:40'),(1247,159,NULL,4,NULL,'2022-05-08',70,NULL,NULL,'',NULL,'','out',2,70,'09:18:17',NULL,'09:00:00','13:00:00','out','2022-05-08 09:18:03','2022-05-30 09:14:40'),(1248,NULL,118,3,NULL,'2022-05-08',50,NULL,NULL,NULL,NULL,NULL,'out',0,0,'09:28:30',NULL,'09:00:00','10:00:00','out','2022-05-08 09:28:12','2022-05-30 09:14:39'),(1249,NULL,118,2,NULL,'2022-05-08',40,NULL,NULL,NULL,NULL,NULL,'out',0,0,'09:28:35',NULL,'09:00:00','10:00:00','out','2022-05-08 09:28:12','2022-05-30 09:14:39'),(1250,NULL,119,3,NULL,'2022-05-08',100,NULL,NULL,NULL,NULL,NULL,'out',0,0,'09:33:13',NULL,'09:00:00','09:00:00','out','2022-05-08 09:32:52','2022-05-30 09:14:39'),(1251,NULL,119,2,NULL,'2022-05-08',80,NULL,NULL,NULL,NULL,NULL,'out',3,120,'09:33:14',NULL,'09:00:00','14:00:00','out','2022-05-08 09:32:52','2022-05-30 09:14:39'),(1252,160,NULL,3,NULL,'2022-05-08',100,NULL,NULL,'',NULL,'','out',0,200,'10:00:48',NULL,'09:00:00','10:00:00','out','2022-05-08 10:00:10','2022-05-30 09:14:40'),(1253,160,NULL,4,NULL,'2022-05-08',70,NULL,NULL,'',NULL,'','out',2,70,'10:00:48',NULL,'09:00:00','13:00:00','out','2022-05-08 10:00:10','2022-05-30 09:14:40'),(1254,161,NULL,3,NULL,'2022-05-08',100,NULL,NULL,'',NULL,'','out',0,250,'10:24:28',NULL,'10:00:00','10:00:00','out','2022-05-08 10:24:06','2022-05-30 09:14:40'),(1255,161,NULL,4,NULL,'2022-05-08',70,NULL,NULL,'',NULL,'','out',0,70,'10:24:28',NULL,'10:00:00','10:00:00','out','2022-05-08 10:24:06','2022-05-30 09:14:40'),(1256,NULL,120,3,NULL,'2022-05-12',50,NULL,NULL,NULL,NULL,NULL,'out',0,0,'13:31:34',NULL,'13:00:00','14:00:00','out','2022-05-12 13:30:43','2022-05-30 09:14:39'),(1257,NULL,120,2,NULL,'2022-05-12',40,NULL,NULL,NULL,NULL,NULL,'out',0,0,'13:31:46',NULL,'13:00:00','14:00:00','out','2022-05-12 13:30:43','2022-05-30 09:14:39'),(1258,NULL,121,3,NULL,'2022-05-16',100,NULL,NULL,NULL,NULL,NULL,'out',0,0,'15:36:34',NULL,'15:00:00','15:00:00','out','2022-05-16 15:35:45','2022-05-30 09:14:39'),(1259,NULL,121,2,NULL,'2022-05-16',80,NULL,NULL,NULL,NULL,NULL,'out',0,0,'15:36:36',NULL,'15:00:00','17:00:00','out','2022-05-16 15:35:45','2022-05-30 09:14:39'),(1260,NULL,122,3,NULL,'2022-05-16',100,NULL,NULL,NULL,NULL,NULL,'out',0,0,'16:09:34',NULL,'15:00:00','17:00:00','out','2022-05-16 15:47:03','2022-05-30 09:14:39'),(1261,NULL,122,4,NULL,'2022-05-16',70,NULL,NULL,NULL,NULL,NULL,'out',0,0,'16:09:35',NULL,'15:00:00','17:00:00','out','2022-05-16 15:47:03','2022-05-30 09:14:39'),(1262,NULL,122,2,NULL,'2022-05-16',80,NULL,NULL,NULL,NULL,NULL,'out',0,0,'16:09:37',NULL,'15:00:00','17:00:00','out','2022-05-16 15:47:03','2022-05-30 09:14:39'),(1263,162,NULL,NULL,'MON4547CO52',NULL,0,NULL,NULL,NULL,NULL,NULL,'append',0,0,NULL,NULL,NULL,NULL,'in','2022-05-16 16:00:52','2022-05-16 16:00:52'),(1264,162,NULL,NULL,'MON1738CO52',NULL,0,NULL,NULL,NULL,NULL,NULL,'append',0,0,NULL,NULL,NULL,NULL,'in','2022-05-16 16:00:52','2022-05-16 16:00:52'),(1265,162,NULL,NULL,'MON2365CO52',NULL,0,NULL,NULL,NULL,NULL,NULL,'append',0,0,NULL,NULL,NULL,NULL,'in','2022-05-16 16:00:52','2022-05-16 16:00:52'),(1266,162,NULL,NULL,'MON7414CO52',NULL,0,NULL,NULL,NULL,NULL,NULL,'append',0,0,NULL,NULL,NULL,NULL,'in','2022-05-16 16:00:52','2022-05-16 16:00:52'),(1267,162,NULL,NULL,'MON215CO52',NULL,0,NULL,NULL,NULL,NULL,NULL,'append',0,0,NULL,NULL,NULL,NULL,'in','2022-05-16 16:00:52','2022-05-16 16:00:52'),(1268,163,NULL,NULL,'MON6199CO10',NULL,0,NULL,NULL,NULL,NULL,NULL,'append',0,0,NULL,NULL,NULL,NULL,'in','2022-05-16 16:01:50','2022-05-16 16:01:50'),(1269,163,NULL,NULL,'MON7922CO10',NULL,0,NULL,NULL,NULL,NULL,NULL,'append',0,0,NULL,NULL,NULL,NULL,'in','2022-05-16 16:01:50','2022-05-16 16:01:50'),(1270,163,NULL,NULL,'MON7405CO10',NULL,0,NULL,NULL,NULL,NULL,NULL,'append',0,0,NULL,NULL,NULL,NULL,'in','2022-05-16 16:01:50','2022-05-16 16:01:50'),(1271,NULL,123,3,NULL,'2022-05-16',120,NULL,NULL,NULL,NULL,NULL,'out',0,0,'16:11:24',NULL,'16:00:00','18:00:00','out','2022-05-16 16:10:59','2022-05-30 09:14:39'),(1272,NULL,123,4,NULL,'2022-05-16',140,NULL,NULL,NULL,NULL,NULL,'out',0,0,'16:11:25',NULL,'16:00:00','18:00:00','out','2022-05-16 16:10:59','2022-05-30 09:14:39'),(1273,NULL,124,3,NULL,'2022-05-16',120,NULL,NULL,NULL,NULL,NULL,'out',0,0,'16:18:29',NULL,'16:00:00','18:00:00','out','2022-05-16 16:18:08','2022-05-30 09:14:39'),(1274,NULL,124,4,NULL,'2022-05-16',140,NULL,NULL,NULL,NULL,NULL,'out',0,0,'16:18:46',NULL,'16:00:00','18:00:00','out','2022-05-16 16:18:08','2022-05-30 09:14:39'),(1275,NULL,124,2,NULL,'2022-05-16',100,NULL,NULL,NULL,NULL,NULL,'out',0,0,'16:18:46',NULL,'16:00:00','18:00:00','out','2022-05-16 16:18:08','2022-05-30 09:14:39'),(1276,NULL,124,1,NULL,'2022-05-16',80,NULL,NULL,NULL,NULL,NULL,'out',0,0,'16:19:10',NULL,'16:00:00','18:00:00','out','2022-05-16 16:18:08','2022-05-30 09:14:39'),(1277,164,NULL,3,NULL,'2022-05-16',120,NULL,NULL,'',NULL,'','out',2,120,'16:23:46',NULL,'16:00:00','20:00:00','out','2022-05-16 16:23:16','2022-05-30 09:14:40'),(1278,164,NULL,4,NULL,'2022-05-16',140,NULL,NULL,'',NULL,'','out',1,70,'16:23:46',NULL,'16:00:00','19:00:00','out','2022-05-16 16:23:16','2022-05-30 09:14:40'),(1279,164,NULL,2,NULL,'2022-05-16',100,NULL,NULL,'',NULL,'','out',0,0,'16:23:46',NULL,'16:00:00','18:00:00','out','2022-05-16 16:23:16','2022-05-30 09:14:40'),(1280,NULL,125,3,NULL,'2022-05-17',100,NULL,NULL,'Abdullah',NULL,'male','out',0,0,'13:10:26',NULL,'13:00:00','15:00:00','out','2022-05-17 13:02:46','2022-05-30 09:14:39'),(1281,NULL,125,2,NULL,'2022-05-17',80,NULL,NULL,'sdf',NULL,'male','out',1,40,'13:10:32',NULL,'13:00:00','16:00:00','out','2022-05-17 13:02:46','2022-05-30 09:14:39'),(1282,NULL,125,1,NULL,'2022-05-17',60,NULL,NULL,'tttt',NULL,'male','out',0,0,'13:10:34',NULL,'13:00:00','15:00:00','out','2022-05-17 13:02:46','2022-05-30 09:14:39'),(1283,165,NULL,3,NULL,'2022-05-17',240,NULL,NULL,'',NULL,'','out',0,0,'13:22:01',NULL,'14:00:00','18:00:00','out','2022-05-17 13:21:09','2022-05-30 09:14:40'),(1284,165,NULL,3,NULL,'2022-05-17',240,NULL,NULL,'',NULL,'','out',0,0,'13:22:07',NULL,'14:00:00','18:00:00','out','2022-05-17 13:21:09','2022-05-30 09:14:40'),(1285,165,NULL,3,NULL,'2022-05-17',240,NULL,NULL,'',NULL,'','out',0,0,'13:22:07',NULL,'14:00:00','18:00:00','out','2022-05-17 13:21:09','2022-05-30 09:14:40'),(1286,165,NULL,3,NULL,'2022-05-17',240,NULL,NULL,'',NULL,'','out',0,0,'13:22:07',NULL,'14:00:00','18:00:00','out','2022-05-17 13:21:09','2022-05-30 09:14:40'),(1287,165,NULL,3,NULL,'2022-05-17',240,NULL,NULL,'',NULL,'','out',0,0,'13:22:07',NULL,'14:00:00','18:00:00','out','2022-05-17 13:21:09','2022-05-30 09:14:40'),(1288,165,NULL,4,NULL,'2022-05-17',280,NULL,NULL,'',NULL,'','out',0,0,'13:22:07',NULL,'14:00:00','18:00:00','out','2022-05-17 13:21:09','2022-05-30 09:14:40'),(1289,165,NULL,2,NULL,'2022-05-17',200,NULL,NULL,'',NULL,'','out',0,0,'13:22:07',NULL,'14:00:00','18:00:00','out','2022-05-17 13:21:09','2022-05-30 09:14:40'),(1290,165,NULL,2,NULL,'2022-05-17',200,NULL,NULL,'',NULL,'','out',0,0,'13:22:07',NULL,'14:00:00','18:00:00','out','2022-05-17 13:21:09','2022-05-30 09:14:40'),(1291,165,NULL,2,NULL,'2022-05-17',200,NULL,NULL,'',NULL,'','out',0,0,'13:22:07',NULL,'14:00:00','18:00:00','out','2022-05-17 13:21:09','2022-05-30 09:14:40'),(1292,165,NULL,2,NULL,'2022-05-17',200,NULL,NULL,'',NULL,'','out',0,0,'13:22:07',NULL,'14:00:00','18:00:00','out','2022-05-17 13:21:09','2022-05-30 09:14:40'),(1293,165,NULL,2,NULL,'2022-05-17',200,NULL,NULL,'',NULL,'','out',0,0,'13:22:07',NULL,'14:00:00','18:00:00','out','2022-05-17 13:21:09','2022-05-30 09:14:40'),(1294,165,NULL,2,NULL,'2022-05-17',200,NULL,NULL,'',NULL,'','out',0,0,'13:22:07',NULL,'14:00:00','18:00:00','out','2022-05-17 13:21:09','2022-05-30 09:14:40'),(1295,165,NULL,2,NULL,'2022-05-17',200,NULL,NULL,'',NULL,'','out',0,0,'13:22:08',NULL,'14:00:00','18:00:00','out','2022-05-17 13:21:09','2022-05-30 09:14:40'),(1296,165,NULL,2,NULL,'2022-05-17',200,NULL,NULL,'',NULL,'','out',0,0,'13:22:08',NULL,'14:00:00','18:00:00','out','2022-05-17 13:21:09','2022-05-30 09:14:40'),(1297,165,NULL,2,NULL,'2022-05-17',200,NULL,NULL,'',NULL,'','out',0,0,'13:22:08',NULL,'14:00:00','18:00:00','out','2022-05-17 13:21:09','2022-05-30 09:14:40'),(1298,165,NULL,2,NULL,'2022-05-17',200,NULL,NULL,'',NULL,'','out',0,0,'13:22:08',NULL,'14:00:00','18:00:00','out','2022-05-17 13:21:09','2022-05-30 09:14:40'),(1299,166,NULL,NULL,'TUE276CO29',NULL,0,NULL,'A100','',NULL,'male','in',0,0,'13:30:01',NULL,NULL,NULL,'in','2022-05-17 13:25:29','2022-05-17 13:30:01'),(1300,166,NULL,NULL,'TUE1065CO29',NULL,0,NULL,'A101','',NULL,'male','in',0,0,'13:30:03',NULL,NULL,NULL,'in','2022-05-17 13:25:29','2022-05-17 13:30:03'),(1301,166,NULL,NULL,'TUE2870CO29',NULL,0,NULL,'D4','',NULL,'male','in',0,0,'13:32:16',NULL,NULL,NULL,'in','2022-05-17 13:25:29','2022-05-17 13:32:16'),(1302,166,NULL,NULL,'TUE4471CO29',NULL,0,NULL,'ASD','',NULL,'','in',0,0,'13:37:45',NULL,NULL,NULL,'in','2022-05-17 13:25:29','2022-05-17 13:37:45'),(1303,166,NULL,NULL,'TUE4453CO29',NULL,0,NULL,'A201','',NULL,'male','in',0,0,'13:38:55',NULL,NULL,NULL,'in','2022-05-17 13:25:29','2022-05-17 13:38:55'),(1304,166,NULL,NULL,'TUE1672CO29',NULL,0,NULL,NULL,NULL,NULL,NULL,'append',0,0,NULL,NULL,NULL,NULL,'in','2022-05-17 13:25:29','2022-05-17 13:25:29'),(1305,166,NULL,NULL,'TUE5354CO29',NULL,0,NULL,NULL,NULL,NULL,NULL,'append',0,0,NULL,NULL,NULL,NULL,'in','2022-05-17 13:25:29','2022-05-17 13:25:29'),(1306,166,NULL,NULL,'TUE1516CO29',NULL,0,NULL,NULL,NULL,NULL,NULL,'append',0,0,NULL,NULL,NULL,NULL,'in','2022-05-17 13:25:29','2022-05-17 13:25:29'),(1307,166,NULL,NULL,'TUE9843CO29',NULL,0,NULL,NULL,NULL,NULL,NULL,'append',0,0,NULL,NULL,NULL,NULL,'in','2022-05-17 13:25:29','2022-05-17 13:25:29'),(1308,166,NULL,NULL,'TUE2364CO29',NULL,0,NULL,NULL,NULL,NULL,NULL,'append',0,0,NULL,NULL,NULL,NULL,'in','2022-05-17 13:25:29','2022-05-17 13:25:29'),(1309,166,NULL,NULL,'TUE4320CO29',NULL,0,NULL,NULL,NULL,NULL,NULL,'append',0,0,NULL,NULL,NULL,NULL,'in','2022-05-17 13:25:29','2022-05-17 13:25:29'),(1310,166,NULL,NULL,'TUE4258CO29',NULL,0,NULL,NULL,NULL,NULL,NULL,'append',0,0,NULL,NULL,NULL,NULL,'in','2022-05-17 13:25:29','2022-05-17 13:25:29'),(1311,166,NULL,NULL,'TUE7424CO29',NULL,0,NULL,NULL,NULL,NULL,NULL,'append',0,0,NULL,NULL,NULL,NULL,'in','2022-05-17 13:25:29','2022-05-17 13:25:29'),(1312,166,NULL,NULL,'TUE9476CO29',NULL,0,NULL,NULL,NULL,NULL,NULL,'append',0,0,NULL,NULL,NULL,NULL,'in','2022-05-17 13:25:29','2022-05-17 13:25:29'),(1313,166,NULL,NULL,'TUE7875CO29',NULL,0,NULL,NULL,NULL,NULL,NULL,'append',0,0,NULL,NULL,NULL,NULL,'in','2022-05-17 13:25:29','2022-05-17 13:25:29'),(1314,166,NULL,NULL,'TUE2660CO29',NULL,0,NULL,NULL,NULL,NULL,NULL,'append',0,0,NULL,NULL,NULL,NULL,'in','2022-05-17 13:25:29','2022-05-17 13:25:29'),(1315,166,NULL,NULL,'TUE8367CO29',NULL,0,NULL,NULL,NULL,NULL,NULL,'append',0,0,NULL,NULL,NULL,NULL,'in','2022-05-17 13:25:29','2022-05-17 13:25:29'),(1316,166,NULL,NULL,'TUE7145CO29',NULL,0,NULL,NULL,NULL,NULL,NULL,'append',0,0,NULL,NULL,NULL,NULL,'in','2022-05-17 13:25:29','2022-05-17 13:25:29'),(1317,166,NULL,NULL,'TUE7450CO29',NULL,0,NULL,NULL,NULL,NULL,NULL,'append',0,0,NULL,NULL,NULL,NULL,'in','2022-05-17 13:25:29','2022-05-17 13:25:29'),(1318,166,NULL,NULL,'TUE6384CO29',NULL,0,NULL,NULL,NULL,NULL,NULL,'append',0,0,NULL,NULL,NULL,NULL,'in','2022-05-17 13:25:29','2022-05-17 13:25:29'),(1319,166,NULL,NULL,'TUE7796CO29',NULL,0,NULL,NULL,NULL,NULL,NULL,'append',0,0,NULL,NULL,NULL,NULL,'in','2022-05-17 13:25:29','2022-05-17 13:25:29'),(1320,166,NULL,NULL,'TUE4506CO29',NULL,0,NULL,NULL,NULL,NULL,NULL,'append',0,0,NULL,NULL,NULL,NULL,'in','2022-05-17 13:25:29','2022-05-17 13:25:29'),(1321,166,NULL,NULL,'TUE2565CO29',NULL,0,NULL,NULL,NULL,NULL,NULL,'append',0,0,NULL,NULL,NULL,NULL,'in','2022-05-17 13:25:29','2022-05-17 13:25:29'),(1322,166,NULL,NULL,'TUE8453CO29',NULL,0,NULL,NULL,NULL,NULL,NULL,'append',0,0,NULL,NULL,NULL,NULL,'in','2022-05-17 13:25:29','2022-05-17 13:25:29'),(1323,166,NULL,NULL,'TUE5537CO29',NULL,0,NULL,NULL,NULL,NULL,NULL,'append',0,0,NULL,NULL,NULL,NULL,'in','2022-05-17 13:25:29','2022-05-17 13:25:29'),(1324,166,NULL,NULL,'TUE7127CO29',NULL,0,NULL,NULL,NULL,NULL,NULL,'append',0,0,NULL,NULL,NULL,NULL,'in','2022-05-17 13:25:29','2022-05-17 13:25:29'),(1325,166,NULL,NULL,'TUE7733CO29',NULL,0,NULL,NULL,NULL,NULL,NULL,'append',0,0,NULL,NULL,NULL,NULL,'in','2022-05-17 13:25:29','2022-05-17 13:25:29'),(1326,166,NULL,NULL,'TUE2405CO29',NULL,0,NULL,NULL,NULL,NULL,NULL,'append',0,0,NULL,NULL,NULL,NULL,'in','2022-05-17 13:25:29','2022-05-17 13:25:29'),(1327,166,NULL,NULL,'TUE192CO29',NULL,0,NULL,NULL,NULL,NULL,NULL,'append',0,0,NULL,NULL,NULL,NULL,'in','2022-05-17 13:25:29','2022-05-17 13:25:29'),(1328,166,NULL,NULL,'TUE3566CO29',NULL,0,NULL,NULL,NULL,NULL,NULL,'append',0,0,NULL,NULL,NULL,NULL,'in','2022-05-17 13:25:29','2022-05-17 13:25:29'),(1329,166,NULL,NULL,'TUE2239CO29',NULL,0,NULL,NULL,NULL,NULL,NULL,'append',0,0,NULL,NULL,NULL,NULL,'in','2022-05-17 13:25:29','2022-05-17 13:25:29'),(1330,166,NULL,NULL,'TUE1432CO29',NULL,0,NULL,NULL,NULL,NULL,NULL,'append',0,0,NULL,NULL,NULL,NULL,'in','2022-05-17 13:25:29','2022-05-17 13:25:29'),(1331,166,NULL,NULL,'TUE3853CO29',NULL,0,NULL,NULL,NULL,NULL,NULL,'append',0,0,NULL,NULL,NULL,NULL,'in','2022-05-17 13:25:29','2022-05-17 13:25:29'),(1332,166,NULL,NULL,'TUE7038CO29',NULL,0,NULL,NULL,NULL,NULL,NULL,'append',0,0,NULL,NULL,NULL,NULL,'in','2022-05-17 13:25:29','2022-05-17 13:25:29'),(1333,166,NULL,NULL,'TUE4770CO29',NULL,0,NULL,NULL,NULL,NULL,NULL,'append',0,0,NULL,NULL,NULL,NULL,'in','2022-05-17 13:25:29','2022-05-17 13:25:29'),(1334,166,NULL,NULL,'TUE2566CO29',NULL,0,NULL,NULL,NULL,NULL,NULL,'append',0,0,NULL,NULL,NULL,NULL,'in','2022-05-17 13:25:29','2022-05-17 13:25:29'),(1335,166,NULL,NULL,'TUE9250CO29',NULL,0,NULL,NULL,NULL,NULL,NULL,'append',0,0,NULL,NULL,NULL,NULL,'in','2022-05-17 13:25:29','2022-05-17 13:25:29'),(1336,166,NULL,NULL,'TUE3698CO29',NULL,0,NULL,NULL,NULL,NULL,NULL,'append',0,0,NULL,NULL,NULL,NULL,'in','2022-05-17 13:25:29','2022-05-17 13:25:29'),(1337,166,NULL,NULL,'TUE5838CO29',NULL,0,NULL,NULL,NULL,NULL,NULL,'append',0,0,NULL,NULL,NULL,NULL,'in','2022-05-17 13:25:29','2022-05-17 13:25:29'),(1338,166,NULL,NULL,'TUE6208CO29',NULL,0,NULL,NULL,NULL,NULL,NULL,'append',0,0,NULL,NULL,NULL,NULL,'in','2022-05-17 13:25:29','2022-05-17 13:25:29'),(1339,166,NULL,NULL,'TUE66CO29',NULL,0,NULL,NULL,NULL,NULL,NULL,'append',0,0,NULL,NULL,NULL,NULL,'in','2022-05-17 13:25:29','2022-05-17 13:25:29'),(1340,166,NULL,NULL,'TUE1632CO29',NULL,0,NULL,NULL,NULL,NULL,NULL,'append',0,0,NULL,NULL,NULL,NULL,'in','2022-05-17 13:25:29','2022-05-17 13:25:29'),(1341,166,NULL,NULL,'TUE7452CO29',NULL,0,NULL,NULL,NULL,NULL,NULL,'append',0,0,NULL,NULL,NULL,NULL,'in','2022-05-17 13:25:29','2022-05-17 13:25:29'),(1342,166,NULL,NULL,'TUE4636CO29',NULL,0,NULL,NULL,NULL,NULL,NULL,'append',0,0,NULL,NULL,NULL,NULL,'in','2022-05-17 13:25:29','2022-05-17 13:25:29'),(1343,166,NULL,NULL,'TUE1613CO29',NULL,0,NULL,NULL,NULL,NULL,NULL,'append',0,0,NULL,NULL,NULL,NULL,'in','2022-05-17 13:25:29','2022-05-17 13:25:29'),(1344,166,NULL,NULL,'TUE6200CO29',NULL,0,NULL,NULL,NULL,NULL,NULL,'append',0,0,NULL,NULL,NULL,NULL,'in','2022-05-17 13:25:29','2022-05-17 13:25:29'),(1345,166,NULL,NULL,'TUE5307CO29',NULL,0,NULL,NULL,NULL,NULL,NULL,'append',0,0,NULL,NULL,NULL,NULL,'in','2022-05-17 13:25:29','2022-05-17 13:25:29'),(1346,166,NULL,NULL,'TUE7230CO29',NULL,0,NULL,NULL,NULL,NULL,NULL,'append',0,0,NULL,NULL,NULL,NULL,'in','2022-05-17 13:25:29','2022-05-17 13:25:29'),(1347,166,NULL,NULL,'TUE5835CO29',NULL,0,NULL,NULL,NULL,NULL,NULL,'append',0,0,NULL,NULL,NULL,NULL,'in','2022-05-17 13:25:29','2022-05-17 13:25:29'),(1348,166,NULL,NULL,'TUE798CO29',NULL,0,NULL,NULL,NULL,NULL,NULL,'append',0,0,NULL,NULL,NULL,NULL,'in','2022-05-17 13:25:29','2022-05-17 13:25:29'),(1349,166,NULL,NULL,'TUE9872CO29',NULL,0,NULL,NULL,NULL,NULL,NULL,'append',0,0,NULL,NULL,NULL,NULL,'in','2022-05-17 13:25:29','2022-05-17 13:25:29'),(1350,166,NULL,NULL,'TUE4422CO29',NULL,0,NULL,NULL,NULL,NULL,NULL,'append',0,0,NULL,NULL,NULL,NULL,'in','2022-05-17 13:25:29','2022-05-17 13:25:29'),(1351,166,NULL,NULL,'TUE4748CO29',NULL,0,NULL,NULL,NULL,NULL,NULL,'append',0,0,NULL,NULL,NULL,NULL,'in','2022-05-17 13:25:29','2022-05-17 13:25:29'),(1352,166,NULL,NULL,'TUE5693CO29',NULL,0,NULL,NULL,NULL,NULL,NULL,'append',0,0,NULL,NULL,NULL,NULL,'in','2022-05-17 13:25:29','2022-05-17 13:25:29'),(1353,166,NULL,NULL,'TUE3652CO29',NULL,0,NULL,NULL,NULL,NULL,NULL,'append',0,0,NULL,NULL,NULL,NULL,'in','2022-05-17 13:25:29','2022-05-17 13:25:29'),(1354,166,NULL,NULL,'TUE7387CO29',NULL,0,NULL,NULL,NULL,NULL,NULL,'append',0,0,NULL,NULL,NULL,NULL,'in','2022-05-17 13:25:29','2022-05-17 13:25:29'),(1355,166,NULL,NULL,'TUE4946CO29',NULL,0,NULL,NULL,NULL,NULL,NULL,'append',0,0,NULL,NULL,NULL,NULL,'in','2022-05-17 13:25:29','2022-05-17 13:25:29'),(1356,166,NULL,NULL,'TUE9266CO29',NULL,0,NULL,NULL,NULL,NULL,NULL,'append',0,0,NULL,NULL,NULL,NULL,'in','2022-05-17 13:25:29','2022-05-17 13:25:29'),(1357,166,NULL,NULL,'TUE344CO29',NULL,0,NULL,NULL,NULL,NULL,NULL,'append',0,0,NULL,NULL,NULL,NULL,'in','2022-05-17 13:25:29','2022-05-17 13:25:29'),(1358,166,NULL,NULL,'TUE6272CO29',NULL,0,NULL,NULL,NULL,NULL,NULL,'append',0,0,NULL,NULL,NULL,NULL,'in','2022-05-17 13:25:29','2022-05-17 13:25:29'),(1359,166,NULL,NULL,'TUE7781CO29',NULL,0,NULL,NULL,NULL,NULL,NULL,'append',0,0,NULL,NULL,NULL,NULL,'in','2022-05-17 13:25:29','2022-05-17 13:25:29'),(1360,166,NULL,NULL,'TUE1158CO29',NULL,0,NULL,NULL,NULL,NULL,NULL,'append',0,0,NULL,NULL,NULL,NULL,'in','2022-05-17 13:25:29','2022-05-17 13:25:29'),(1361,166,NULL,NULL,'TUE9072CO29',NULL,0,NULL,NULL,NULL,NULL,NULL,'append',0,0,NULL,NULL,NULL,NULL,'in','2022-05-17 13:25:29','2022-05-17 13:25:29'),(1362,166,NULL,NULL,'TUE5692CO29',NULL,0,NULL,NULL,NULL,NULL,NULL,'append',0,0,NULL,NULL,NULL,NULL,'in','2022-05-17 13:25:29','2022-05-17 13:25:29'),(1363,166,NULL,NULL,'TUE8587CO29',NULL,0,NULL,NULL,NULL,NULL,NULL,'append',0,0,NULL,NULL,NULL,NULL,'in','2022-05-17 13:25:29','2022-05-17 13:25:29'),(1364,166,NULL,NULL,'TUE8918CO29',NULL,0,NULL,NULL,NULL,NULL,NULL,'append',0,0,NULL,NULL,NULL,NULL,'in','2022-05-17 13:25:29','2022-05-17 13:25:29'),(1365,166,NULL,NULL,'TUE6965CO29',NULL,0,NULL,NULL,NULL,NULL,NULL,'append',0,0,NULL,NULL,NULL,NULL,'in','2022-05-17 13:25:29','2022-05-17 13:25:29'),(1366,166,NULL,NULL,'TUE8376CO29',NULL,0,NULL,NULL,NULL,NULL,NULL,'append',0,0,NULL,NULL,NULL,NULL,'in','2022-05-17 13:25:29','2022-05-17 13:25:29'),(1367,166,NULL,NULL,'TUE9100CO29',NULL,0,NULL,NULL,NULL,NULL,NULL,'append',0,0,NULL,NULL,NULL,NULL,'in','2022-05-17 13:25:29','2022-05-17 13:25:29'),(1368,166,NULL,NULL,'TUE4684CO29',NULL,0,NULL,NULL,NULL,NULL,NULL,'append',0,0,NULL,NULL,NULL,NULL,'in','2022-05-17 13:25:29','2022-05-17 13:25:29'),(1369,166,NULL,NULL,'TUE9627CO29',NULL,0,NULL,NULL,NULL,NULL,NULL,'append',0,0,NULL,NULL,NULL,NULL,'in','2022-05-17 13:25:29','2022-05-17 13:25:29'),(1370,166,NULL,NULL,'TUE1561CO29',NULL,0,NULL,NULL,NULL,NULL,NULL,'append',0,0,NULL,NULL,NULL,NULL,'in','2022-05-17 13:25:29','2022-05-17 13:25:29'),(1371,166,NULL,NULL,'TUE468CO29',NULL,0,NULL,NULL,NULL,NULL,NULL,'append',0,0,NULL,NULL,NULL,NULL,'in','2022-05-17 13:25:29','2022-05-17 13:25:29'),(1372,166,NULL,NULL,'TUE6876CO29',NULL,0,NULL,NULL,NULL,NULL,NULL,'append',0,0,NULL,NULL,NULL,NULL,'in','2022-05-17 13:25:29','2022-05-17 13:25:29'),(1373,166,NULL,NULL,'TUE2878CO29',NULL,0,NULL,NULL,NULL,NULL,NULL,'append',0,0,NULL,NULL,NULL,NULL,'in','2022-05-17 13:25:29','2022-05-17 13:25:29'),(1374,166,NULL,NULL,'TUE9470CO29',NULL,0,NULL,NULL,NULL,NULL,NULL,'append',0,0,NULL,NULL,NULL,NULL,'in','2022-05-17 13:25:29','2022-05-17 13:25:29'),(1375,166,NULL,NULL,'TUE4169CO29',NULL,0,NULL,NULL,NULL,NULL,NULL,'append',0,0,NULL,NULL,NULL,NULL,'in','2022-05-17 13:25:29','2022-05-17 13:25:29'),(1376,166,NULL,NULL,'TUE2989CO29',NULL,0,NULL,NULL,NULL,NULL,NULL,'append',0,0,NULL,NULL,NULL,NULL,'in','2022-05-17 13:25:29','2022-05-17 13:25:29'),(1377,166,NULL,NULL,'TUE9875CO29',NULL,0,NULL,NULL,NULL,NULL,NULL,'append',0,0,NULL,NULL,NULL,NULL,'in','2022-05-17 13:25:29','2022-05-17 13:25:29'),(1378,166,NULL,NULL,'TUE1021CO29',NULL,0,NULL,NULL,NULL,NULL,NULL,'append',0,0,NULL,NULL,NULL,NULL,'in','2022-05-17 13:25:29','2022-05-17 13:25:29'),(1379,166,NULL,NULL,'TUE9728CO29',NULL,0,NULL,NULL,NULL,NULL,NULL,'append',0,0,NULL,NULL,NULL,NULL,'in','2022-05-17 13:25:29','2022-05-17 13:25:29'),(1380,166,NULL,NULL,'TUE3065CO29',NULL,0,NULL,NULL,NULL,NULL,NULL,'append',0,0,NULL,NULL,NULL,NULL,'in','2022-05-17 13:25:29','2022-05-17 13:25:29'),(1381,166,NULL,NULL,'TUE8613CO29',NULL,0,NULL,NULL,NULL,NULL,NULL,'append',0,0,NULL,NULL,NULL,NULL,'in','2022-05-17 13:25:29','2022-05-17 13:25:29'),(1382,166,NULL,NULL,'TUE2579CO29',NULL,0,NULL,NULL,NULL,NULL,NULL,'append',0,0,NULL,NULL,NULL,NULL,'in','2022-05-17 13:25:29','2022-05-17 13:25:29'),(1383,166,NULL,NULL,'TUE9822CO29',NULL,0,NULL,NULL,NULL,NULL,NULL,'append',0,0,NULL,NULL,NULL,NULL,'in','2022-05-17 13:25:29','2022-05-17 13:25:29'),(1384,166,NULL,NULL,'TUE4478CO29',NULL,0,NULL,NULL,NULL,NULL,NULL,'append',0,0,NULL,NULL,NULL,NULL,'in','2022-05-17 13:25:29','2022-05-17 13:25:29'),(1385,166,NULL,NULL,'TUE6144CO29',NULL,0,NULL,NULL,NULL,NULL,NULL,'append',0,0,NULL,NULL,NULL,NULL,'in','2022-05-17 13:25:29','2022-05-17 13:25:29'),(1386,166,NULL,NULL,'TUE5540CO29',NULL,0,NULL,NULL,NULL,NULL,NULL,'append',0,0,NULL,NULL,NULL,NULL,'in','2022-05-17 13:25:29','2022-05-17 13:25:29'),(1387,166,NULL,NULL,'TUE6219CO29',NULL,0,NULL,NULL,NULL,NULL,NULL,'append',0,0,NULL,NULL,NULL,NULL,'in','2022-05-17 13:25:29','2022-05-17 13:25:29'),(1388,166,NULL,NULL,'TUE5776CO29',NULL,0,NULL,NULL,NULL,NULL,NULL,'append',0,0,NULL,NULL,NULL,NULL,'in','2022-05-17 13:25:29','2022-05-17 13:25:29'),(1389,166,NULL,NULL,'TUE4025CO29',NULL,0,NULL,NULL,NULL,NULL,NULL,'append',0,0,NULL,NULL,NULL,NULL,'in','2022-05-17 13:25:29','2022-05-17 13:25:29'),(1390,166,NULL,NULL,'TUE2421CO29',NULL,0,NULL,NULL,NULL,NULL,NULL,'append',0,0,NULL,NULL,NULL,NULL,'in','2022-05-17 13:25:29','2022-05-17 13:25:29'),(1391,166,NULL,NULL,'TUE7200CO29',NULL,0,NULL,NULL,NULL,NULL,NULL,'append',0,0,NULL,NULL,NULL,NULL,'in','2022-05-17 13:25:29','2022-05-17 13:25:29'),(1392,166,NULL,NULL,'TUE4482CO29',NULL,0,NULL,NULL,NULL,NULL,NULL,'append',0,0,NULL,NULL,NULL,NULL,'in','2022-05-17 13:25:29','2022-05-17 13:25:29'),(1393,166,NULL,NULL,'TUE5833CO29',NULL,0,NULL,NULL,NULL,NULL,NULL,'append',0,0,NULL,NULL,NULL,NULL,'in','2022-05-17 13:25:29','2022-05-17 13:25:29'),(1394,166,NULL,NULL,'TUE5054CO29',NULL,0,NULL,NULL,NULL,NULL,NULL,'append',0,0,NULL,NULL,NULL,NULL,'in','2022-05-17 13:25:29','2022-05-17 13:25:29'),(1395,166,NULL,NULL,'TUE97CO29',NULL,0,NULL,NULL,NULL,NULL,NULL,'append',0,0,NULL,NULL,NULL,NULL,'in','2022-05-17 13:25:29','2022-05-17 13:25:29'),(1396,166,NULL,NULL,'TUE4435CO29',NULL,0,NULL,NULL,NULL,NULL,NULL,'append',0,0,NULL,NULL,NULL,NULL,'in','2022-05-17 13:25:29','2022-05-17 13:25:29'),(1397,166,NULL,NULL,'TUE3553CO29',NULL,0,NULL,NULL,NULL,NULL,NULL,'append',0,0,NULL,NULL,NULL,NULL,'in','2022-05-17 13:25:29','2022-05-17 13:25:29'),(1398,166,NULL,NULL,'TUE124CO29',NULL,0,NULL,'e78','',NULL,'','in',0,0,'13:34:24',NULL,NULL,NULL,'in','2022-05-17 13:25:29','2022-05-17 13:34:24'),(1399,NULL,126,3,NULL,'2022-05-18',120,NULL,NULL,NULL,NULL,NULL,'out',0,0,NULL,NULL,'18:00:00','20:00:00','out','2022-05-18 16:51:19','2022-05-30 09:14:39'),(1400,NULL,126,4,NULL,'2022-05-18',140,NULL,NULL,NULL,NULL,NULL,'out',0,0,NULL,NULL,'18:00:00','20:00:00','out','2022-05-18 16:51:19','2022-05-30 09:14:39'),(1401,NULL,126,2,NULL,'2022-05-18',100,NULL,NULL,NULL,NULL,NULL,'out',0,0,NULL,NULL,'18:00:00','20:00:00','out','2022-05-18 16:51:19','2022-05-30 09:14:39'),(1402,NULL,126,2,NULL,'2022-05-18',100,NULL,NULL,NULL,NULL,NULL,'out',0,0,NULL,NULL,'18:00:00','20:00:00','out','2022-05-18 16:51:19','2022-05-30 09:14:39'),(1403,NULL,126,1,NULL,'2022-05-18',80,NULL,NULL,NULL,NULL,NULL,'out',0,0,NULL,NULL,'18:00:00','20:00:00','out','2022-05-18 16:51:19','2022-05-30 09:14:39'),(1404,NULL,126,1,NULL,'2022-05-18',80,NULL,NULL,NULL,NULL,NULL,'out',0,0,NULL,NULL,'18:00:00','20:00:00','out','2022-05-18 16:51:19','2022-05-30 09:14:39'),(1405,NULL,127,2,NULL,'2022-05-19',120,NULL,NULL,NULL,NULL,'male','out',0,0,'09:39:53',NULL,'09:00:00','12:00:00','out','2022-05-19 09:38:58','2022-05-30 09:14:39'),(1406,NULL,127,2,NULL,'2022-05-19',120,NULL,NULL,NULL,NULL,'female','out',0,0,'09:39:54',NULL,'09:00:00','12:00:00','out','2022-05-19 09:38:58','2022-05-30 09:14:39'),(1407,NULL,127,2,NULL,'2022-05-19',120,NULL,NULL,NULL,'2022-05-05','male','out',0,0,NULL,NULL,'09:00:00','12:00:00','out','2022-05-19 09:38:58','2022-05-30 09:14:39'),(1408,NULL,127,1,NULL,'2022-05-19',90,NULL,NULL,NULL,NULL,NULL,'out',0,0,NULL,NULL,'09:00:00','12:00:00','out','2022-05-19 09:38:58','2022-05-30 09:14:39'),(1409,NULL,127,1,NULL,'2022-05-19',90,NULL,NULL,NULL,NULL,NULL,'out',0,0,NULL,NULL,'09:00:00','12:00:00','out','2022-05-19 09:38:58','2022-05-30 09:14:39'),(1410,NULL,127,1,NULL,'2022-05-19',90,NULL,NULL,NULL,NULL,NULL,'out',0,0,NULL,NULL,'09:00:00','12:00:00','out','2022-05-19 09:38:58','2022-05-30 09:14:39'),(1411,NULL,128,3,NULL,'2022-05-21',50,NULL,NULL,'Abdullah',NULL,'male','out',0,0,'13:49:37',NULL,'14:00:00','15:00:00','out','2022-05-21 13:44:28','2022-05-30 09:14:39'),(1412,NULL,128,2,NULL,'2022-05-21',40,NULL,NULL,'sdf',NULL,'male','out',1,40,'13:49:39',NULL,'14:00:00','16:00:00','out','2022-05-21 13:44:28','2022-05-30 09:14:39'),(1422,167,NULL,3,NULL,'2022-05-31',200,NULL,NULL,NULL,NULL,'','out',0,0,NULL,NULL,'12:00:00','16:00:00','out','2022-05-21 14:16:33','2022-05-31 15:15:24'),(1423,167,NULL,3,NULL,'2022-05-31',200,NULL,NULL,NULL,NULL,NULL,'out',0,0,NULL,NULL,'12:00:00','16:00:00','out','2022-05-21 14:16:33','2022-05-31 15:15:24'),(1424,167,NULL,3,NULL,'2022-05-31',200,NULL,NULL,NULL,NULL,NULL,'out',0,0,NULL,NULL,'12:00:00','16:00:00','out','2022-05-21 14:16:33','2022-05-31 15:15:24'),(1425,167,NULL,3,NULL,'2022-05-31',200,NULL,NULL,NULL,NULL,NULL,'out',0,0,NULL,NULL,'12:00:00','16:00:00','out','2022-05-21 14:16:33','2022-05-31 15:15:24'),(1426,167,NULL,2,NULL,'2022-05-31',160,NULL,NULL,NULL,NULL,NULL,'out',0,0,NULL,NULL,'12:00:00','16:00:00','out','2022-05-21 14:16:33','2022-05-31 15:15:24'),(1427,167,NULL,2,NULL,'2022-05-31',160,NULL,NULL,NULL,NULL,NULL,'out',0,0,NULL,NULL,'12:00:00','16:00:00','out','2022-05-21 14:16:33','2022-05-31 15:15:24'),(1428,167,NULL,2,NULL,'2022-05-31',160,NULL,NULL,NULL,NULL,NULL,'out',0,0,NULL,NULL,'12:00:00','16:00:00','out','2022-05-21 14:16:33','2022-05-31 15:15:24'),(1429,167,NULL,2,NULL,'2022-05-31',160,NULL,NULL,NULL,NULL,NULL,'out',0,0,NULL,NULL,'12:00:00','16:00:00','out','2022-05-21 14:16:33','2022-05-31 15:15:24'),(1430,167,NULL,2,NULL,'2022-05-31',160,NULL,NULL,NULL,NULL,NULL,'out',0,0,NULL,NULL,'12:00:00','16:00:00','out','2022-05-21 14:16:33','2022-05-31 15:15:24'),(1431,NULL,129,3,NULL,'2022-05-30',100,NULL,NULL,NULL,NULL,NULL,'out',0,0,NULL,NULL,'11:00:00','13:00:00','out','2022-05-21 14:21:12','2022-05-30 09:14:39'),(1432,NULL,129,2,NULL,'2022-05-30',80,NULL,NULL,NULL,NULL,NULL,'out',0,0,NULL,NULL,'11:00:00','13:00:00','out','2022-05-21 14:21:12','2022-05-30 09:14:39'),(1435,168,NULL,2,NULL,'2022-05-25',80,NULL,NULL,'',NULL,'','out',0,0,'10:15:42',NULL,'12:00:00','14:00:00','out','2022-05-25 10:11:27','2022-05-30 09:14:40'),(1436,168,NULL,2,NULL,'2022-05-25',80,NULL,NULL,'',NULL,'','out',0,0,'10:15:42',NULL,'12:00:00','14:00:00','out','2022-05-25 10:11:27','2022-05-30 09:14:40'),(1437,168,NULL,2,NULL,'2022-05-25',80,NULL,NULL,'',NULL,'','out',0,0,'10:15:42',NULL,'12:00:00','14:00:00','out','2022-05-25 10:11:27','2022-05-30 09:14:40'),(1438,168,NULL,2,NULL,'2022-05-25',80,NULL,NULL,'',NULL,'','out',0,0,'10:15:42',NULL,'12:00:00','14:00:00','out','2022-05-25 10:11:27','2022-05-30 09:14:40'),(1439,168,NULL,2,NULL,'2022-05-25',80,NULL,NULL,'',NULL,'','out',0,0,'10:15:42',NULL,'12:00:00','14:00:00','out','2022-05-25 10:11:27','2022-05-30 09:14:40'),(1440,168,NULL,2,NULL,'2022-05-25',80,NULL,NULL,'',NULL,'','out',0,0,'10:15:42',NULL,'12:00:00','14:00:00','out','2022-05-25 10:11:27','2022-05-30 09:14:40'),(1441,168,NULL,2,NULL,'2022-05-25',80,NULL,NULL,'',NULL,'','out',0,0,'10:15:42',NULL,'12:00:00','14:00:00','out','2022-05-25 10:11:27','2022-05-30 09:14:40'),(1442,168,NULL,2,NULL,'2022-05-25',80,NULL,NULL,'',NULL,'','out',0,0,'10:15:42',NULL,'12:00:00','14:00:00','out','2022-05-25 10:11:27','2022-05-30 09:14:40'),(1443,169,NULL,2,NULL,'2022-05-25',80,NULL,NULL,'',NULL,'','out',0,0,'10:48:42',NULL,'10:00:00','12:00:00','out','2022-05-25 10:45:55','2022-05-30 09:14:40'),(1444,169,NULL,2,NULL,'2022-05-25',80,NULL,NULL,'',NULL,'','out',0,0,'10:48:42',NULL,'10:00:00','12:00:00','out','2022-05-25 10:45:55','2022-05-30 09:14:40'),(1445,169,NULL,2,NULL,'2022-05-25',80,NULL,NULL,'',NULL,'','out',0,0,'10:48:42',NULL,'10:00:00','12:00:00','out','2022-05-25 10:45:55','2022-05-30 09:14:40'),(1446,169,NULL,2,NULL,'2022-05-25',80,NULL,NULL,'',NULL,'','out',0,0,'10:48:42',NULL,'10:00:00','12:00:00','out','2022-05-25 10:45:55','2022-05-30 09:14:40'),(1447,169,NULL,2,NULL,'2022-05-25',80,NULL,NULL,'',NULL,'','out',0,0,'10:48:42',NULL,'10:00:00','12:00:00','out','2022-05-25 10:45:55','2022-05-30 09:14:40'),(1448,170,NULL,3,NULL,'2022-05-25',100,NULL,NULL,NULL,NULL,NULL,'out',0,0,NULL,NULL,'12:00:00','14:00:00','out','2022-05-25 10:53:54','2022-05-30 09:14:40'),(1449,170,NULL,3,NULL,'2022-05-25',100,NULL,NULL,NULL,NULL,NULL,'out',0,0,NULL,NULL,'12:00:00','14:00:00','out','2022-05-25 10:53:54','2022-05-30 09:14:40'),(1450,170,NULL,3,NULL,'2022-05-25',100,NULL,NULL,NULL,NULL,NULL,'out',0,0,NULL,NULL,'12:00:00','14:00:00','out','2022-05-25 10:53:54','2022-05-30 09:14:40'),(1451,170,NULL,3,NULL,'2022-05-25',100,NULL,NULL,NULL,NULL,NULL,'out',0,0,NULL,NULL,'12:00:00','14:00:00','out','2022-05-25 10:53:54','2022-05-30 09:14:40'),(1452,170,NULL,3,NULL,'2022-05-25',100,NULL,NULL,NULL,NULL,NULL,'out',0,0,NULL,NULL,'12:00:00','14:00:00','out','2022-05-25 10:53:54','2022-05-30 09:14:40'),(1453,170,NULL,3,NULL,'2022-05-25',100,NULL,NULL,NULL,NULL,NULL,'out',0,0,NULL,NULL,'12:00:00','14:00:00','out','2022-05-25 10:53:54','2022-05-30 09:14:40'),(1454,170,NULL,3,NULL,'2022-05-25',100,NULL,NULL,NULL,NULL,NULL,'out',0,0,NULL,NULL,'12:00:00','14:00:00','out','2022-05-25 10:53:54','2022-05-30 09:14:40'),(1455,170,NULL,3,NULL,'2022-05-25',100,NULL,NULL,NULL,NULL,NULL,'out',0,0,NULL,NULL,'12:00:00','14:00:00','out','2022-05-25 10:53:54','2022-05-30 09:14:40'),(1456,170,NULL,3,NULL,'2022-05-25',100,NULL,NULL,NULL,NULL,NULL,'out',0,0,NULL,NULL,'12:00:00','14:00:00','out','2022-05-25 10:53:54','2022-05-30 09:14:40'),(1457,170,NULL,3,NULL,'2022-05-25',100,NULL,NULL,NULL,NULL,NULL,'out',0,0,NULL,NULL,'12:00:00','14:00:00','out','2022-05-25 10:53:54','2022-05-30 09:14:40'),(1458,170,NULL,3,NULL,'2022-05-25',100,NULL,NULL,NULL,NULL,NULL,'out',0,0,NULL,NULL,'12:00:00','14:00:00','out','2022-05-25 10:53:54','2022-05-30 09:14:40'),(1459,170,NULL,3,NULL,'2022-05-25',100,NULL,NULL,NULL,NULL,NULL,'out',0,0,NULL,NULL,'12:00:00','14:00:00','out','2022-05-25 10:53:54','2022-05-30 09:14:40'),(1460,170,NULL,3,NULL,'2022-05-25',100,NULL,NULL,NULL,NULL,NULL,'out',0,0,NULL,NULL,'12:00:00','14:00:00','out','2022-05-25 10:53:54','2022-05-30 09:14:40'),(1461,170,NULL,3,NULL,'2022-05-25',100,NULL,NULL,NULL,NULL,NULL,'out',0,0,NULL,NULL,'12:00:00','14:00:00','out','2022-05-25 10:53:54','2022-05-30 09:14:40'),(1462,170,NULL,3,NULL,'2022-05-25',100,NULL,NULL,NULL,NULL,NULL,'out',0,0,NULL,NULL,'12:00:00','14:00:00','out','2022-05-25 10:53:54','2022-05-30 09:14:40'),(1463,170,NULL,3,NULL,'2022-05-25',100,NULL,NULL,NULL,NULL,NULL,'out',0,0,NULL,NULL,'12:00:00','14:00:00','out','2022-05-25 10:53:54','2022-05-30 09:14:40'),(1464,170,NULL,3,NULL,'2022-05-25',100,NULL,NULL,NULL,NULL,NULL,'out',0,0,NULL,NULL,'12:00:00','14:00:00','out','2022-05-25 10:53:54','2022-05-30 09:14:40'),(1465,170,NULL,3,NULL,'2022-05-25',100,NULL,NULL,NULL,NULL,NULL,'out',0,0,NULL,NULL,'12:00:00','14:00:00','out','2022-05-25 10:53:54','2022-05-30 09:14:40'),(1466,170,NULL,3,NULL,'2022-05-25',100,NULL,NULL,NULL,NULL,NULL,'out',0,0,NULL,NULL,'12:00:00','14:00:00','out','2022-05-25 10:53:54','2022-05-30 09:14:40'),(1467,170,NULL,3,NULL,'2022-05-25',100,NULL,NULL,NULL,NULL,NULL,'out',0,0,NULL,NULL,'12:00:00','14:00:00','out','2022-05-25 10:53:54','2022-05-30 09:14:40'),(1468,170,NULL,3,NULL,'2022-05-25',100,NULL,NULL,NULL,NULL,NULL,'out',0,0,NULL,NULL,'12:00:00','14:00:00','out','2022-05-25 10:53:54','2022-05-30 09:14:40'),(1469,170,NULL,3,NULL,'2022-05-25',100,NULL,NULL,NULL,NULL,NULL,'out',0,0,NULL,NULL,'12:00:00','14:00:00','out','2022-05-25 10:53:54','2022-05-30 09:14:40'),(1470,170,NULL,3,NULL,'2022-05-25',100,NULL,NULL,NULL,NULL,NULL,'out',0,0,NULL,NULL,'12:00:00','14:00:00','out','2022-05-25 10:53:54','2022-05-30 09:14:40'),(1471,170,NULL,3,NULL,'2022-05-25',100,NULL,NULL,NULL,NULL,NULL,'out',0,0,NULL,NULL,'12:00:00','14:00:00','out','2022-05-25 10:53:54','2022-05-30 09:14:40'),(1472,170,NULL,3,NULL,'2022-05-25',100,NULL,NULL,NULL,NULL,NULL,'out',0,0,NULL,NULL,'12:00:00','14:00:00','out','2022-05-25 10:53:54','2022-05-30 09:14:40'),(1473,170,NULL,3,NULL,'2022-05-25',100,NULL,NULL,NULL,NULL,NULL,'out',0,0,NULL,NULL,'12:00:00','14:00:00','out','2022-05-25 10:53:54','2022-05-30 09:14:40'),(1474,170,NULL,3,NULL,'2022-05-25',100,NULL,NULL,NULL,NULL,NULL,'out',0,0,NULL,NULL,'12:00:00','14:00:00','out','2022-05-25 10:53:54','2022-05-30 09:14:40'),(1475,170,NULL,3,NULL,'2022-05-25',100,NULL,NULL,NULL,NULL,NULL,'out',0,0,NULL,NULL,'12:00:00','14:00:00','out','2022-05-25 10:53:54','2022-05-30 09:14:40'),(1476,170,NULL,3,NULL,'2022-05-25',100,NULL,NULL,NULL,NULL,NULL,'out',0,0,NULL,NULL,'12:00:00','14:00:00','out','2022-05-25 10:53:54','2022-05-30 09:14:40'),(1477,170,NULL,3,NULL,'2022-05-25',100,NULL,NULL,NULL,NULL,NULL,'out',0,0,NULL,NULL,'12:00:00','14:00:00','out','2022-05-25 10:53:54','2022-05-30 09:14:40'),(1478,170,NULL,3,NULL,'2022-05-25',100,NULL,NULL,NULL,NULL,NULL,'out',0,0,NULL,NULL,'12:00:00','14:00:00','out','2022-05-25 10:53:54','2022-05-30 09:14:40'),(1479,170,NULL,3,NULL,'2022-05-25',100,NULL,NULL,NULL,NULL,NULL,'out',0,0,NULL,NULL,'12:00:00','14:00:00','out','2022-05-25 10:53:54','2022-05-30 09:14:40'),(1480,170,NULL,3,NULL,'2022-05-25',100,NULL,NULL,NULL,NULL,NULL,'out',0,0,NULL,NULL,'12:00:00','14:00:00','out','2022-05-25 10:53:54','2022-05-30 09:14:40'),(1481,170,NULL,3,NULL,'2022-05-25',100,NULL,NULL,NULL,NULL,NULL,'out',0,0,NULL,NULL,'12:00:00','14:00:00','out','2022-05-25 10:53:54','2022-05-30 09:14:40'),(1482,170,NULL,3,NULL,'2022-05-25',100,NULL,NULL,NULL,NULL,NULL,'out',0,0,NULL,NULL,'12:00:00','14:00:00','out','2022-05-25 10:53:54','2022-05-30 09:14:40'),(1483,170,NULL,3,NULL,'2022-05-25',100,NULL,NULL,NULL,NULL,NULL,'out',0,0,NULL,NULL,'12:00:00','14:00:00','out','2022-05-25 10:53:54','2022-05-30 09:14:40'),(1484,170,NULL,3,NULL,'2022-05-25',100,NULL,NULL,NULL,NULL,NULL,'out',0,0,NULL,NULL,'12:00:00','14:00:00','out','2022-05-25 10:53:54','2022-05-30 09:14:40'),(1485,170,NULL,3,NULL,'2022-05-25',100,NULL,NULL,NULL,NULL,NULL,'out',0,0,NULL,NULL,'12:00:00','14:00:00','out','2022-05-25 10:53:54','2022-05-30 09:14:40'),(1486,170,NULL,3,NULL,'2022-05-25',100,NULL,NULL,NULL,NULL,NULL,'out',0,0,NULL,NULL,'12:00:00','14:00:00','out','2022-05-25 10:53:54','2022-05-30 09:14:40'),(1487,170,NULL,3,NULL,'2022-05-25',100,NULL,NULL,NULL,NULL,NULL,'out',0,0,NULL,NULL,'12:00:00','14:00:00','out','2022-05-25 10:53:54','2022-05-30 09:14:40'),(1488,170,NULL,3,NULL,'2022-05-25',100,NULL,NULL,NULL,NULL,NULL,'out',0,0,NULL,NULL,'12:00:00','14:00:00','out','2022-05-25 10:53:54','2022-05-30 09:14:40'),(1489,170,NULL,3,NULL,'2022-05-25',100,NULL,NULL,NULL,NULL,NULL,'out',0,0,NULL,NULL,'12:00:00','14:00:00','out','2022-05-25 10:53:54','2022-05-30 09:14:40'),(1490,170,NULL,3,NULL,'2022-05-25',100,NULL,NULL,NULL,NULL,NULL,'out',0,0,NULL,NULL,'12:00:00','14:00:00','out','2022-05-25 10:53:54','2022-05-30 09:14:40'),(1491,170,NULL,3,NULL,'2022-05-25',100,NULL,NULL,NULL,NULL,NULL,'out',0,0,NULL,NULL,'12:00:00','14:00:00','out','2022-05-25 10:53:54','2022-05-30 09:14:40'),(1492,170,NULL,3,NULL,'2022-05-25',100,NULL,NULL,NULL,NULL,NULL,'out',0,0,NULL,NULL,'12:00:00','14:00:00','out','2022-05-25 10:53:54','2022-05-30 09:14:40'),(1493,170,NULL,3,NULL,'2022-05-25',100,NULL,NULL,NULL,NULL,NULL,'out',0,0,NULL,NULL,'12:00:00','14:00:00','out','2022-05-25 10:53:54','2022-05-30 09:14:40'),(1494,170,NULL,3,NULL,'2022-05-25',100,NULL,NULL,NULL,NULL,NULL,'out',0,0,NULL,NULL,'12:00:00','14:00:00','out','2022-05-25 10:53:54','2022-05-30 09:14:40'),(1495,170,NULL,3,NULL,'2022-05-25',100,NULL,NULL,NULL,NULL,NULL,'out',0,0,NULL,NULL,'12:00:00','14:00:00','out','2022-05-25 10:53:54','2022-05-30 09:14:40'),(1496,170,NULL,3,NULL,'2022-05-25',100,NULL,NULL,NULL,NULL,NULL,'out',0,0,NULL,NULL,'12:00:00','14:00:00','out','2022-05-25 10:53:54','2022-05-30 09:14:40'),(1497,170,NULL,3,NULL,'2022-05-25',100,NULL,NULL,NULL,NULL,NULL,'out',0,0,NULL,NULL,'12:00:00','14:00:00','out','2022-05-25 10:53:54','2022-05-30 09:14:40'),(1498,170,NULL,3,NULL,'2022-05-25',100,NULL,NULL,NULL,NULL,NULL,'out',0,0,NULL,NULL,'12:00:00','14:00:00','out','2022-05-25 10:53:54','2022-05-30 09:14:40'),(1499,170,NULL,3,NULL,'2022-05-25',100,NULL,NULL,NULL,NULL,NULL,'out',0,0,NULL,NULL,'12:00:00','14:00:00','out','2022-05-25 10:53:54','2022-05-30 09:14:40'),(1500,170,NULL,3,NULL,'2022-05-25',100,NULL,NULL,NULL,NULL,NULL,'out',0,0,NULL,NULL,'12:00:00','14:00:00','out','2022-05-25 10:53:54','2022-05-30 09:14:40'),(1501,170,NULL,3,NULL,'2022-05-25',100,NULL,NULL,NULL,NULL,NULL,'out',0,0,NULL,NULL,'12:00:00','14:00:00','out','2022-05-25 10:53:54','2022-05-30 09:14:40'),(1502,170,NULL,3,NULL,'2022-05-25',100,NULL,NULL,NULL,NULL,NULL,'out',0,0,NULL,NULL,'12:00:00','14:00:00','out','2022-05-25 10:53:54','2022-05-30 09:14:40'),(1503,170,NULL,3,NULL,'2022-05-25',100,NULL,NULL,NULL,NULL,NULL,'out',0,0,NULL,NULL,'12:00:00','14:00:00','out','2022-05-25 10:53:54','2022-05-30 09:14:40'),(1504,170,NULL,3,NULL,'2022-05-25',100,NULL,NULL,NULL,NULL,NULL,'out',0,0,NULL,NULL,'12:00:00','14:00:00','out','2022-05-25 10:53:54','2022-05-30 09:14:40'),(1505,170,NULL,3,NULL,'2022-05-25',100,NULL,NULL,NULL,NULL,NULL,'out',0,0,NULL,NULL,'12:00:00','14:00:00','out','2022-05-25 10:53:54','2022-05-30 09:14:40'),(1506,170,NULL,3,NULL,'2022-05-25',100,NULL,NULL,NULL,NULL,NULL,'out',0,0,NULL,NULL,'12:00:00','14:00:00','out','2022-05-25 10:53:54','2022-05-30 09:14:40'),(1507,170,NULL,3,NULL,'2022-05-25',100,NULL,NULL,NULL,NULL,NULL,'out',0,0,NULL,NULL,'12:00:00','14:00:00','out','2022-05-25 10:53:54','2022-05-30 09:14:40'),(1508,170,NULL,3,NULL,'2022-05-25',100,NULL,NULL,NULL,NULL,NULL,'out',0,0,NULL,NULL,'12:00:00','14:00:00','out','2022-05-25 10:53:54','2022-05-30 09:14:40'),(1509,170,NULL,3,NULL,'2022-05-25',100,NULL,NULL,NULL,NULL,NULL,'out',0,0,NULL,NULL,'12:00:00','14:00:00','out','2022-05-25 10:53:54','2022-05-30 09:14:40'),(1510,170,NULL,3,NULL,'2022-05-25',100,NULL,NULL,NULL,NULL,NULL,'out',0,0,NULL,NULL,'12:00:00','14:00:00','out','2022-05-25 10:53:54','2022-05-30 09:14:40'),(1511,170,NULL,3,NULL,'2022-05-25',100,NULL,NULL,NULL,NULL,NULL,'out',0,0,NULL,NULL,'12:00:00','14:00:00','out','2022-05-25 10:53:54','2022-05-30 09:14:40'),(1512,170,NULL,3,NULL,'2022-05-25',100,NULL,NULL,NULL,NULL,NULL,'out',0,0,NULL,NULL,'12:00:00','14:00:00','out','2022-05-25 10:53:54','2022-05-30 09:14:40'),(1513,170,NULL,3,NULL,'2022-05-25',100,NULL,NULL,NULL,NULL,NULL,'out',0,0,NULL,NULL,'12:00:00','14:00:00','out','2022-05-25 10:53:54','2022-05-30 09:14:40'),(1514,170,NULL,3,NULL,'2022-05-25',100,NULL,NULL,NULL,NULL,NULL,'out',0,0,NULL,NULL,'12:00:00','14:00:00','out','2022-05-25 10:53:54','2022-05-30 09:14:40'),(1515,170,NULL,3,NULL,'2022-05-25',100,NULL,NULL,NULL,NULL,NULL,'out',0,0,NULL,NULL,'12:00:00','14:00:00','out','2022-05-25 10:53:54','2022-05-30 09:14:40'),(1516,170,NULL,3,NULL,'2022-05-25',100,NULL,NULL,NULL,NULL,NULL,'out',0,0,NULL,NULL,'12:00:00','14:00:00','out','2022-05-25 10:53:54','2022-05-30 09:14:40'),(1517,170,NULL,3,NULL,'2022-05-25',100,NULL,NULL,NULL,NULL,NULL,'out',0,0,NULL,NULL,'12:00:00','14:00:00','out','2022-05-25 10:53:54','2022-05-30 09:14:40'),(1518,170,NULL,3,NULL,'2022-05-25',100,NULL,NULL,NULL,NULL,NULL,'out',0,0,NULL,NULL,'12:00:00','14:00:00','out','2022-05-25 10:53:54','2022-05-30 09:14:40'),(1519,170,NULL,3,NULL,'2022-05-25',100,NULL,NULL,NULL,NULL,NULL,'out',0,0,NULL,NULL,'12:00:00','14:00:00','out','2022-05-25 10:53:54','2022-05-30 09:14:40'),(1520,170,NULL,3,NULL,'2022-05-25',100,NULL,NULL,NULL,NULL,NULL,'out',0,0,NULL,NULL,'12:00:00','14:00:00','out','2022-05-25 10:53:54','2022-05-30 09:14:40'),(1521,170,NULL,3,NULL,'2022-05-25',100,NULL,NULL,NULL,NULL,NULL,'out',0,0,NULL,NULL,'12:00:00','14:00:00','out','2022-05-25 10:53:54','2022-05-30 09:14:40'),(1522,170,NULL,3,NULL,'2022-05-25',100,NULL,NULL,NULL,NULL,NULL,'out',0,0,NULL,NULL,'12:00:00','14:00:00','out','2022-05-25 10:53:54','2022-05-30 09:14:40'),(1523,170,NULL,3,NULL,'2022-05-25',100,NULL,NULL,NULL,NULL,NULL,'out',0,0,NULL,NULL,'12:00:00','14:00:00','out','2022-05-25 10:53:54','2022-05-30 09:14:40'),(1524,170,NULL,3,NULL,'2022-05-25',100,NULL,NULL,NULL,NULL,NULL,'out',0,0,NULL,NULL,'12:00:00','14:00:00','out','2022-05-25 10:53:54','2022-05-30 09:14:40'),(1525,170,NULL,3,NULL,'2022-05-25',100,NULL,NULL,NULL,NULL,NULL,'out',0,0,NULL,NULL,'12:00:00','14:00:00','out','2022-05-25 10:53:54','2022-05-30 09:14:40'),(1526,170,NULL,3,NULL,'2022-05-25',100,NULL,NULL,NULL,NULL,NULL,'out',0,0,NULL,NULL,'12:00:00','14:00:00','out','2022-05-25 10:53:54','2022-05-30 09:14:40'),(1527,170,NULL,3,NULL,'2022-05-25',100,NULL,NULL,NULL,NULL,NULL,'out',0,0,NULL,NULL,'12:00:00','14:00:00','out','2022-05-25 10:53:54','2022-05-30 09:14:40'),(1528,170,NULL,3,NULL,'2022-05-25',100,NULL,NULL,NULL,NULL,NULL,'out',0,0,NULL,NULL,'12:00:00','14:00:00','out','2022-05-25 10:53:54','2022-05-30 09:14:40'),(1529,170,NULL,3,NULL,'2022-05-25',100,NULL,NULL,NULL,NULL,NULL,'out',0,0,NULL,NULL,'12:00:00','14:00:00','out','2022-05-25 10:53:54','2022-05-30 09:14:40'),(1530,170,NULL,3,NULL,'2022-05-25',100,NULL,NULL,NULL,NULL,NULL,'out',0,0,NULL,NULL,'12:00:00','14:00:00','out','2022-05-25 10:53:54','2022-05-30 09:14:40'),(1531,170,NULL,3,NULL,'2022-05-25',100,NULL,NULL,NULL,NULL,NULL,'out',0,0,NULL,NULL,'12:00:00','14:00:00','out','2022-05-25 10:53:54','2022-05-30 09:14:40'),(1532,170,NULL,3,NULL,'2022-05-25',100,NULL,NULL,NULL,NULL,NULL,'out',0,0,NULL,NULL,'12:00:00','14:00:00','out','2022-05-25 10:53:54','2022-05-30 09:14:40'),(1533,170,NULL,3,NULL,'2022-05-25',100,NULL,NULL,NULL,NULL,NULL,'out',0,0,NULL,NULL,'12:00:00','14:00:00','out','2022-05-25 10:53:54','2022-05-30 09:14:40'),(1534,170,NULL,3,NULL,'2022-05-25',100,NULL,NULL,NULL,NULL,NULL,'out',0,0,NULL,NULL,'12:00:00','14:00:00','out','2022-05-25 10:53:54','2022-05-30 09:14:40'),(1535,170,NULL,3,NULL,'2022-05-25',100,NULL,NULL,NULL,NULL,NULL,'out',0,0,NULL,NULL,'12:00:00','14:00:00','out','2022-05-25 10:53:54','2022-05-30 09:14:40'),(1536,170,NULL,3,NULL,'2022-05-25',100,NULL,NULL,NULL,NULL,NULL,'out',0,0,NULL,NULL,'12:00:00','14:00:00','out','2022-05-25 10:53:54','2022-05-30 09:14:40'),(1537,170,NULL,3,NULL,'2022-05-25',100,NULL,NULL,NULL,NULL,NULL,'out',0,0,NULL,NULL,'12:00:00','14:00:00','out','2022-05-25 10:53:54','2022-05-30 09:14:40'),(1538,170,NULL,3,NULL,'2022-05-25',100,NULL,NULL,NULL,NULL,NULL,'out',0,0,NULL,NULL,'12:00:00','14:00:00','out','2022-05-25 10:53:54','2022-05-30 09:14:40'),(1539,170,NULL,3,NULL,'2022-05-25',100,NULL,NULL,NULL,NULL,NULL,'out',0,0,NULL,NULL,'12:00:00','14:00:00','out','2022-05-25 10:53:54','2022-05-30 09:14:40'),(1540,170,NULL,3,NULL,'2022-05-25',100,NULL,NULL,NULL,NULL,NULL,'out',0,0,NULL,NULL,'12:00:00','14:00:00','out','2022-05-25 10:53:54','2022-05-30 09:14:40'),(1541,170,NULL,3,NULL,'2022-05-25',100,NULL,NULL,NULL,NULL,NULL,'out',0,0,NULL,NULL,'12:00:00','14:00:00','out','2022-05-25 10:53:54','2022-05-30 09:14:40'),(1542,170,NULL,3,NULL,'2022-05-25',100,NULL,NULL,NULL,NULL,NULL,'out',0,0,NULL,NULL,'12:00:00','14:00:00','out','2022-05-25 10:53:54','2022-05-30 09:14:40'),(1543,170,NULL,3,NULL,'2022-05-25',100,NULL,NULL,NULL,NULL,NULL,'out',0,0,NULL,NULL,'12:00:00','14:00:00','out','2022-05-25 10:53:54','2022-05-30 09:14:40'),(1544,170,NULL,3,NULL,'2022-05-25',100,NULL,NULL,NULL,NULL,NULL,'out',0,0,NULL,NULL,'12:00:00','14:00:00','out','2022-05-25 10:53:54','2022-05-30 09:14:40'),(1545,170,NULL,3,NULL,'2022-05-25',100,NULL,NULL,NULL,NULL,NULL,'out',0,0,NULL,NULL,'12:00:00','14:00:00','out','2022-05-25 10:53:54','2022-05-30 09:14:40'),(1546,170,NULL,3,NULL,'2022-05-25',100,NULL,NULL,NULL,NULL,NULL,'out',0,0,NULL,NULL,'12:00:00','14:00:00','out','2022-05-25 10:53:54','2022-05-30 09:14:40'),(1547,170,NULL,3,NULL,'2022-05-25',100,NULL,NULL,NULL,NULL,NULL,'out',0,0,NULL,NULL,'12:00:00','14:00:00','out','2022-05-25 10:53:54','2022-05-30 09:14:40'),(1548,170,NULL,3,NULL,'2022-05-25',100,NULL,NULL,NULL,NULL,NULL,'out',0,0,NULL,NULL,'12:00:00','14:00:00','out','2022-05-25 10:53:54','2022-05-30 09:14:40'),(1549,170,NULL,3,NULL,'2022-05-25',100,NULL,NULL,NULL,NULL,NULL,'out',0,0,NULL,NULL,'12:00:00','14:00:00','out','2022-05-25 10:53:54','2022-05-30 09:14:40'),(1550,170,NULL,3,NULL,'2022-05-25',100,NULL,NULL,NULL,NULL,NULL,'out',0,0,NULL,NULL,'12:00:00','14:00:00','out','2022-05-25 10:53:54','2022-05-30 09:14:40'),(1551,170,NULL,3,NULL,'2022-05-25',100,NULL,NULL,NULL,NULL,NULL,'out',0,0,NULL,NULL,'12:00:00','14:00:00','out','2022-05-25 10:53:54','2022-05-30 09:14:40'),(1552,170,NULL,3,NULL,'2022-05-25',100,NULL,NULL,NULL,NULL,NULL,'out',0,0,NULL,NULL,'12:00:00','14:00:00','out','2022-05-25 10:53:54','2022-05-30 09:14:40'),(1553,170,NULL,3,NULL,'2022-05-25',100,NULL,NULL,NULL,NULL,NULL,'out',0,0,NULL,NULL,'12:00:00','14:00:00','out','2022-05-25 10:53:54','2022-05-30 09:14:40'),(1554,170,NULL,3,NULL,'2022-05-25',100,NULL,NULL,NULL,NULL,NULL,'out',0,0,NULL,NULL,'12:00:00','14:00:00','out','2022-05-25 10:53:54','2022-05-30 09:14:40'),(1555,170,NULL,3,NULL,'2022-05-25',100,NULL,NULL,NULL,NULL,NULL,'out',0,0,NULL,NULL,'12:00:00','14:00:00','out','2022-05-25 10:53:54','2022-05-30 09:14:40'),(1556,170,NULL,3,NULL,'2022-05-25',100,NULL,NULL,NULL,NULL,NULL,'out',0,0,NULL,NULL,'12:00:00','14:00:00','out','2022-05-25 10:53:54','2022-05-30 09:14:40'),(1557,170,NULL,3,NULL,'2022-05-25',100,NULL,NULL,NULL,NULL,NULL,'out',0,0,NULL,NULL,'12:00:00','14:00:00','out','2022-05-25 10:53:54','2022-05-30 09:14:40'),(1558,170,NULL,3,NULL,'2022-05-25',100,NULL,NULL,NULL,NULL,NULL,'out',0,0,NULL,NULL,'12:00:00','14:00:00','out','2022-05-25 10:53:54','2022-05-30 09:14:40'),(1559,170,NULL,3,NULL,'2022-05-25',100,NULL,NULL,NULL,NULL,NULL,'out',0,0,NULL,NULL,'12:00:00','14:00:00','out','2022-05-25 10:53:54','2022-05-30 09:14:40'),(1560,170,NULL,3,NULL,'2022-05-25',100,NULL,NULL,NULL,NULL,NULL,'out',0,0,NULL,NULL,'12:00:00','14:00:00','out','2022-05-25 10:53:54','2022-05-30 09:14:40'),(1561,170,NULL,3,NULL,'2022-05-25',100,NULL,NULL,NULL,NULL,NULL,'out',0,0,NULL,NULL,'12:00:00','14:00:00','out','2022-05-25 10:53:54','2022-05-30 09:14:40'),(1562,170,NULL,3,NULL,'2022-05-25',100,NULL,NULL,NULL,NULL,NULL,'out',0,0,NULL,NULL,'12:00:00','14:00:00','out','2022-05-25 10:53:54','2022-05-30 09:14:40'),(1563,170,NULL,3,NULL,'2022-05-25',100,NULL,NULL,NULL,NULL,NULL,'out',0,0,NULL,NULL,'12:00:00','14:00:00','out','2022-05-25 10:53:54','2022-05-30 09:14:40'),(1564,170,NULL,3,NULL,'2022-05-25',100,NULL,NULL,NULL,NULL,NULL,'out',0,0,NULL,NULL,'12:00:00','14:00:00','out','2022-05-25 10:53:54','2022-05-30 09:14:40'),(1565,170,NULL,3,NULL,'2022-05-25',100,NULL,NULL,NULL,NULL,NULL,'out',0,0,NULL,NULL,'12:00:00','14:00:00','out','2022-05-25 10:53:54','2022-05-30 09:14:40'),(1566,170,NULL,3,NULL,'2022-05-25',100,NULL,NULL,NULL,NULL,NULL,'out',0,0,NULL,NULL,'12:00:00','14:00:00','out','2022-05-25 10:53:54','2022-05-30 09:14:40'),(1567,170,NULL,3,NULL,'2022-05-25',100,NULL,NULL,NULL,NULL,NULL,'out',0,0,NULL,NULL,'12:00:00','14:00:00','out','2022-05-25 10:53:54','2022-05-30 09:14:40'),(1568,170,NULL,3,NULL,'2022-05-25',100,NULL,NULL,NULL,NULL,NULL,'out',0,0,NULL,NULL,'12:00:00','14:00:00','out','2022-05-25 10:53:54','2022-05-30 09:14:40'),(1569,170,NULL,3,NULL,'2022-05-25',100,NULL,NULL,NULL,NULL,NULL,'out',0,0,NULL,NULL,'12:00:00','14:00:00','out','2022-05-25 10:53:54','2022-05-30 09:14:40'),(1570,170,NULL,3,NULL,'2022-05-25',100,NULL,NULL,NULL,NULL,NULL,'out',0,0,NULL,NULL,'12:00:00','14:00:00','out','2022-05-25 10:53:54','2022-05-30 09:14:40'),(1571,170,NULL,3,NULL,'2022-05-25',100,NULL,NULL,NULL,NULL,NULL,'out',0,0,NULL,NULL,'12:00:00','14:00:00','out','2022-05-25 10:53:54','2022-05-30 09:14:40'),(1572,170,NULL,3,NULL,'2022-05-25',100,NULL,NULL,NULL,NULL,NULL,'out',0,0,NULL,NULL,'12:00:00','14:00:00','out','2022-05-25 10:53:54','2022-05-30 09:14:40'),(1573,170,NULL,3,NULL,'2022-05-25',100,NULL,NULL,NULL,NULL,NULL,'out',0,0,NULL,NULL,'12:00:00','14:00:00','out','2022-05-25 10:53:54','2022-05-30 09:14:40'),(1574,170,NULL,3,NULL,'2022-05-25',100,NULL,NULL,NULL,NULL,NULL,'out',0,0,NULL,NULL,'12:00:00','14:00:00','out','2022-05-25 10:53:54','2022-05-30 09:14:40'),(1575,170,NULL,3,NULL,'2022-05-25',100,NULL,NULL,NULL,NULL,NULL,'out',0,0,NULL,NULL,'12:00:00','14:00:00','out','2022-05-25 10:53:54','2022-05-30 09:14:40'),(1576,170,NULL,3,NULL,'2022-05-25',100,NULL,NULL,NULL,NULL,NULL,'out',0,0,NULL,NULL,'12:00:00','14:00:00','out','2022-05-25 10:53:54','2022-05-30 09:14:40'),(1577,170,NULL,3,NULL,'2022-05-25',100,NULL,NULL,NULL,NULL,NULL,'out',0,0,NULL,NULL,'12:00:00','14:00:00','out','2022-05-25 10:53:54','2022-05-30 09:14:40'),(1578,170,NULL,3,NULL,'2022-05-25',100,NULL,NULL,NULL,NULL,NULL,'out',0,0,NULL,NULL,'12:00:00','14:00:00','out','2022-05-25 10:53:54','2022-05-30 09:14:40'),(1579,170,NULL,3,NULL,'2022-05-25',100,NULL,NULL,NULL,NULL,NULL,'out',0,0,NULL,NULL,'12:00:00','14:00:00','out','2022-05-25 10:53:54','2022-05-30 09:14:40'),(1580,170,NULL,3,NULL,'2022-05-25',100,NULL,NULL,NULL,NULL,NULL,'out',0,0,NULL,NULL,'12:00:00','14:00:00','out','2022-05-25 10:53:54','2022-05-30 09:14:40'),(1581,170,NULL,3,NULL,'2022-05-25',100,NULL,NULL,NULL,NULL,NULL,'out',0,0,NULL,NULL,'12:00:00','14:00:00','out','2022-05-25 10:53:54','2022-05-30 09:14:40'),(1582,170,NULL,3,NULL,'2022-05-25',100,NULL,NULL,NULL,NULL,NULL,'out',0,0,NULL,NULL,'12:00:00','14:00:00','out','2022-05-25 10:53:54','2022-05-30 09:14:40'),(1583,170,NULL,3,NULL,'2022-05-25',100,NULL,NULL,NULL,NULL,NULL,'out',0,0,NULL,NULL,'12:00:00','14:00:00','out','2022-05-25 10:53:54','2022-05-30 09:14:40'),(1584,170,NULL,3,NULL,'2022-05-25',100,NULL,NULL,NULL,NULL,NULL,'out',0,0,NULL,NULL,'12:00:00','14:00:00','out','2022-05-25 10:53:54','2022-05-30 09:14:40'),(1585,170,NULL,3,NULL,'2022-05-25',100,NULL,NULL,NULL,NULL,NULL,'out',0,0,NULL,NULL,'12:00:00','14:00:00','out','2022-05-25 10:53:54','2022-05-30 09:14:40'),(1586,170,NULL,3,NULL,'2022-05-25',100,NULL,NULL,NULL,NULL,NULL,'out',0,0,NULL,NULL,'12:00:00','14:00:00','out','2022-05-25 10:53:54','2022-05-30 09:14:40'),(1587,170,NULL,3,NULL,'2022-05-25',100,NULL,NULL,NULL,NULL,NULL,'out',0,0,NULL,NULL,'12:00:00','14:00:00','out','2022-05-25 10:53:54','2022-05-30 09:14:40'),(1588,170,NULL,3,NULL,'2022-05-25',100,NULL,NULL,NULL,NULL,NULL,'out',0,0,NULL,NULL,'12:00:00','14:00:00','out','2022-05-25 10:53:54','2022-05-30 09:14:40'),(1589,170,NULL,3,NULL,'2022-05-25',100,NULL,NULL,NULL,NULL,NULL,'out',0,0,NULL,NULL,'12:00:00','14:00:00','out','2022-05-25 10:53:54','2022-05-30 09:14:40'),(1590,170,NULL,3,NULL,'2022-05-25',100,NULL,NULL,NULL,NULL,NULL,'out',0,0,NULL,NULL,'12:00:00','14:00:00','out','2022-05-25 10:53:54','2022-05-30 09:14:40'),(1591,170,NULL,3,NULL,'2022-05-25',100,NULL,NULL,NULL,NULL,NULL,'out',0,0,NULL,NULL,'12:00:00','14:00:00','out','2022-05-25 10:53:54','2022-05-30 09:14:40'),(1592,170,NULL,3,NULL,'2022-05-25',100,NULL,NULL,NULL,NULL,NULL,'out',0,0,NULL,NULL,'12:00:00','14:00:00','out','2022-05-25 10:53:54','2022-05-30 09:14:40'),(1593,170,NULL,3,NULL,'2022-05-25',100,NULL,NULL,NULL,NULL,NULL,'out',0,0,NULL,NULL,'12:00:00','14:00:00','out','2022-05-25 10:53:54','2022-05-30 09:14:40'),(1594,170,NULL,3,NULL,'2022-05-25',100,NULL,NULL,NULL,NULL,NULL,'out',0,0,NULL,NULL,'12:00:00','14:00:00','out','2022-05-25 10:53:54','2022-05-30 09:14:40'),(1595,170,NULL,3,NULL,'2022-05-25',100,NULL,NULL,NULL,NULL,NULL,'out',0,0,NULL,NULL,'12:00:00','14:00:00','out','2022-05-25 10:53:54','2022-05-30 09:14:40'),(1596,170,NULL,3,NULL,'2022-05-25',100,NULL,NULL,NULL,NULL,NULL,'out',0,0,NULL,NULL,'12:00:00','14:00:00','out','2022-05-25 10:53:54','2022-05-30 09:14:40'),(1597,170,NULL,3,NULL,'2022-05-25',100,NULL,NULL,NULL,NULL,NULL,'out',0,0,NULL,NULL,'12:00:00','14:00:00','out','2022-05-25 10:53:54','2022-05-30 09:14:40'),(1598,170,NULL,3,NULL,'2022-05-25',100,NULL,NULL,NULL,NULL,NULL,'out',0,0,NULL,NULL,'12:00:00','14:00:00','out','2022-05-25 10:53:54','2022-05-30 09:14:40'),(1599,170,NULL,3,NULL,'2022-05-25',100,NULL,NULL,NULL,NULL,NULL,'out',0,0,NULL,NULL,'12:00:00','14:00:00','out','2022-05-25 10:53:54','2022-05-30 09:14:40'),(1600,170,NULL,3,NULL,'2022-05-25',100,NULL,NULL,NULL,NULL,NULL,'out',0,0,NULL,NULL,'12:00:00','14:00:00','out','2022-05-25 10:53:54','2022-05-30 09:14:40'),(1601,170,NULL,3,NULL,'2022-05-25',100,NULL,NULL,NULL,NULL,NULL,'out',0,0,NULL,NULL,'12:00:00','14:00:00','out','2022-05-25 10:53:54','2022-05-30 09:14:40'),(1602,170,NULL,3,NULL,'2022-05-25',100,NULL,NULL,NULL,NULL,NULL,'out',0,0,NULL,NULL,'12:00:00','14:00:00','out','2022-05-25 10:53:54','2022-05-30 09:14:40'),(1603,170,NULL,3,NULL,'2022-05-25',100,NULL,NULL,NULL,NULL,NULL,'out',0,0,NULL,NULL,'12:00:00','14:00:00','out','2022-05-25 10:53:54','2022-05-30 09:14:40'),(1604,170,NULL,3,NULL,'2022-05-25',100,NULL,NULL,NULL,NULL,NULL,'out',0,0,NULL,NULL,'12:00:00','14:00:00','out','2022-05-25 10:53:54','2022-05-30 09:14:40'),(1605,170,NULL,3,NULL,'2022-05-25',100,NULL,NULL,NULL,NULL,NULL,'out',0,0,NULL,NULL,'12:00:00','14:00:00','out','2022-05-25 10:53:54','2022-05-30 09:14:40'),(1606,170,NULL,3,NULL,'2022-05-25',100,NULL,NULL,NULL,NULL,NULL,'out',0,0,NULL,NULL,'12:00:00','14:00:00','out','2022-05-25 10:53:54','2022-05-30 09:14:40'),(1607,170,NULL,3,NULL,'2022-05-25',100,NULL,NULL,NULL,NULL,NULL,'out',0,0,NULL,NULL,'12:00:00','14:00:00','out','2022-05-25 10:53:54','2022-05-30 09:14:40'),(1608,170,NULL,3,NULL,'2022-05-25',100,NULL,NULL,NULL,NULL,NULL,'out',0,0,NULL,NULL,'12:00:00','14:00:00','out','2022-05-25 10:53:54','2022-05-30 09:14:40'),(1609,170,NULL,3,NULL,'2022-05-25',100,NULL,NULL,NULL,NULL,NULL,'out',0,0,NULL,NULL,'12:00:00','14:00:00','out','2022-05-25 10:53:54','2022-05-30 09:14:40'),(1610,170,NULL,3,NULL,'2022-05-25',100,NULL,NULL,NULL,NULL,NULL,'out',0,0,NULL,NULL,'12:00:00','14:00:00','out','2022-05-25 10:53:54','2022-05-30 09:14:40'),(1611,170,NULL,3,NULL,'2022-05-25',100,NULL,NULL,NULL,NULL,NULL,'out',0,0,NULL,NULL,'12:00:00','14:00:00','out','2022-05-25 10:53:54','2022-05-30 09:14:40'),(1612,170,NULL,3,NULL,'2022-05-25',100,NULL,NULL,NULL,NULL,NULL,'out',0,0,NULL,NULL,'12:00:00','14:00:00','out','2022-05-25 10:53:54','2022-05-30 09:14:40'),(1613,170,NULL,3,NULL,'2022-05-25',100,NULL,NULL,NULL,NULL,NULL,'out',0,0,NULL,NULL,'12:00:00','14:00:00','out','2022-05-25 10:53:54','2022-05-30 09:14:40'),(1614,170,NULL,3,NULL,'2022-05-25',100,NULL,NULL,NULL,NULL,NULL,'out',0,0,NULL,NULL,'12:00:00','14:00:00','out','2022-05-25 10:53:54','2022-05-30 09:14:40'),(1615,170,NULL,3,NULL,'2022-05-25',100,NULL,NULL,NULL,NULL,NULL,'out',0,0,NULL,NULL,'12:00:00','14:00:00','out','2022-05-25 10:53:54','2022-05-30 09:14:40'),(1616,170,NULL,3,NULL,'2022-05-25',100,NULL,NULL,NULL,NULL,NULL,'out',0,0,NULL,NULL,'12:00:00','14:00:00','out','2022-05-25 10:53:54','2022-05-30 09:14:40'),(1617,170,NULL,3,NULL,'2022-05-25',100,NULL,NULL,NULL,NULL,NULL,'out',0,0,NULL,NULL,'12:00:00','14:00:00','out','2022-05-25 10:53:54','2022-05-30 09:14:40'),(1618,170,NULL,3,NULL,'2022-05-25',100,NULL,NULL,NULL,NULL,NULL,'out',0,0,NULL,NULL,'12:00:00','14:00:00','out','2022-05-25 10:53:54','2022-05-30 09:14:40'),(1619,170,NULL,3,NULL,'2022-05-25',100,NULL,NULL,NULL,NULL,NULL,'out',0,0,NULL,NULL,'12:00:00','14:00:00','out','2022-05-25 10:53:54','2022-05-30 09:14:40'),(1620,170,NULL,3,NULL,'2022-05-25',100,NULL,NULL,NULL,NULL,NULL,'out',0,0,NULL,NULL,'12:00:00','14:00:00','out','2022-05-25 10:53:54','2022-05-30 09:14:40'),(1621,170,NULL,3,NULL,'2022-05-25',100,NULL,NULL,NULL,NULL,NULL,'out',0,0,NULL,NULL,'12:00:00','14:00:00','out','2022-05-25 10:53:54','2022-05-30 09:14:40'),(1622,170,NULL,3,NULL,'2022-05-25',100,NULL,NULL,NULL,NULL,NULL,'out',0,0,NULL,NULL,'12:00:00','14:00:00','out','2022-05-25 10:53:54','2022-05-30 09:14:40'),(1623,170,NULL,3,NULL,'2022-05-25',100,NULL,NULL,NULL,NULL,NULL,'out',0,0,NULL,NULL,'12:00:00','14:00:00','out','2022-05-25 10:53:54','2022-05-30 09:14:40'),(1624,170,NULL,3,NULL,'2022-05-25',100,NULL,NULL,NULL,NULL,NULL,'out',0,0,NULL,NULL,'12:00:00','14:00:00','out','2022-05-25 10:53:54','2022-05-30 09:14:40'),(1625,170,NULL,3,NULL,'2022-05-25',100,NULL,NULL,NULL,NULL,NULL,'out',0,0,NULL,NULL,'12:00:00','14:00:00','out','2022-05-25 10:53:54','2022-05-30 09:14:40'),(1626,170,NULL,3,NULL,'2022-05-25',100,NULL,NULL,NULL,NULL,NULL,'out',0,0,NULL,NULL,'12:00:00','14:00:00','out','2022-05-25 10:53:54','2022-05-30 09:14:40'),(1627,170,NULL,3,NULL,'2022-05-25',100,NULL,NULL,NULL,NULL,NULL,'out',0,0,NULL,NULL,'12:00:00','14:00:00','out','2022-05-25 10:53:54','2022-05-30 09:14:40'),(1628,170,NULL,3,NULL,'2022-05-25',100,NULL,NULL,NULL,NULL,NULL,'out',0,0,NULL,NULL,'12:00:00','14:00:00','out','2022-05-25 10:53:54','2022-05-30 09:14:40'),(1629,170,NULL,3,NULL,'2022-05-25',100,NULL,NULL,NULL,NULL,NULL,'out',0,0,NULL,NULL,'12:00:00','14:00:00','out','2022-05-25 10:53:54','2022-05-30 09:14:40'),(1630,170,NULL,3,NULL,'2022-05-25',100,NULL,NULL,NULL,NULL,NULL,'out',0,0,NULL,NULL,'12:00:00','14:00:00','out','2022-05-25 10:53:54','2022-05-30 09:14:40'),(1631,170,NULL,3,NULL,'2022-05-25',100,NULL,NULL,NULL,NULL,NULL,'out',0,0,NULL,NULL,'12:00:00','14:00:00','out','2022-05-25 10:53:54','2022-05-30 09:14:40'),(1632,170,NULL,3,NULL,'2022-05-25',100,NULL,NULL,NULL,NULL,NULL,'out',0,0,NULL,NULL,'12:00:00','14:00:00','out','2022-05-25 10:53:54','2022-05-30 09:14:40'),(1633,170,NULL,3,NULL,'2022-05-25',100,NULL,NULL,NULL,NULL,NULL,'out',0,0,NULL,NULL,'12:00:00','14:00:00','out','2022-05-25 10:53:54','2022-05-30 09:14:40'),(1634,170,NULL,3,NULL,'2022-05-25',100,NULL,NULL,NULL,NULL,NULL,'out',0,0,NULL,NULL,'12:00:00','14:00:00','out','2022-05-25 10:53:54','2022-05-30 09:14:40'),(1635,170,NULL,3,NULL,'2022-05-25',100,NULL,NULL,NULL,NULL,NULL,'out',0,0,NULL,NULL,'12:00:00','14:00:00','out','2022-05-25 10:53:54','2022-05-30 09:14:40'),(1636,170,NULL,3,NULL,'2022-05-25',100,NULL,NULL,NULL,NULL,NULL,'out',0,0,NULL,NULL,'12:00:00','14:00:00','out','2022-05-25 10:53:54','2022-05-30 09:14:40'),(1637,170,NULL,3,NULL,'2022-05-25',100,NULL,NULL,NULL,NULL,NULL,'out',0,0,NULL,NULL,'12:00:00','14:00:00','out','2022-05-25 10:53:54','2022-05-30 09:14:40'),(1638,170,NULL,3,NULL,'2022-05-25',100,NULL,NULL,NULL,NULL,NULL,'out',0,0,NULL,NULL,'12:00:00','14:00:00','out','2022-05-25 10:53:54','2022-05-30 09:14:40'),(1639,170,NULL,3,NULL,'2022-05-25',100,NULL,NULL,NULL,NULL,NULL,'out',0,0,NULL,NULL,'12:00:00','14:00:00','out','2022-05-25 10:53:54','2022-05-30 09:14:40'),(1640,170,NULL,3,NULL,'2022-05-25',100,NULL,NULL,NULL,NULL,NULL,'out',0,0,NULL,NULL,'12:00:00','14:00:00','out','2022-05-25 10:53:54','2022-05-30 09:14:40'),(1641,170,NULL,3,NULL,'2022-05-25',100,NULL,NULL,NULL,NULL,NULL,'out',0,0,NULL,NULL,'12:00:00','14:00:00','out','2022-05-25 10:53:54','2022-05-30 09:14:40'),(1642,170,NULL,3,NULL,'2022-05-25',100,NULL,NULL,NULL,NULL,NULL,'out',0,0,NULL,NULL,'12:00:00','14:00:00','out','2022-05-25 10:53:54','2022-05-30 09:14:40'),(1643,170,NULL,3,NULL,'2022-05-25',100,NULL,NULL,NULL,NULL,NULL,'out',0,0,NULL,NULL,'12:00:00','14:00:00','out','2022-05-25 10:53:54','2022-05-30 09:14:40'),(1644,170,NULL,3,NULL,'2022-05-25',100,NULL,NULL,NULL,NULL,NULL,'out',0,0,NULL,NULL,'12:00:00','14:00:00','out','2022-05-25 10:53:54','2022-05-30 09:14:40'),(1645,170,NULL,3,NULL,'2022-05-25',100,NULL,NULL,NULL,NULL,NULL,'out',0,0,NULL,NULL,'12:00:00','14:00:00','out','2022-05-25 10:53:54','2022-05-30 09:14:40'),(1646,170,NULL,3,NULL,'2022-05-25',100,NULL,NULL,NULL,NULL,NULL,'out',0,0,NULL,NULL,'12:00:00','14:00:00','out','2022-05-25 10:53:54','2022-05-30 09:14:40'),(1647,170,NULL,3,NULL,'2022-05-25',100,NULL,NULL,NULL,NULL,NULL,'out',0,0,NULL,NULL,'12:00:00','14:00:00','out','2022-05-25 10:53:54','2022-05-30 09:14:40'),(1648,170,NULL,3,NULL,'2022-05-25',100,NULL,NULL,NULL,NULL,NULL,'out',0,0,NULL,NULL,'12:00:00','14:00:00','out','2022-05-25 10:53:54','2022-05-30 09:14:40'),(1649,170,NULL,3,NULL,'2022-05-25',100,NULL,NULL,NULL,NULL,NULL,'out',0,0,NULL,NULL,'12:00:00','14:00:00','out','2022-05-25 10:53:54','2022-05-30 09:14:40'),(1650,170,NULL,3,NULL,'2022-05-25',100,NULL,NULL,NULL,NULL,NULL,'out',0,0,NULL,NULL,'12:00:00','14:00:00','out','2022-05-25 10:53:54','2022-05-30 09:14:40'),(1651,170,NULL,3,NULL,'2022-05-25',100,NULL,NULL,NULL,NULL,NULL,'out',0,0,NULL,NULL,'12:00:00','14:00:00','out','2022-05-25 10:53:54','2022-05-30 09:14:40'),(1652,170,NULL,3,NULL,'2022-05-25',100,NULL,NULL,NULL,NULL,NULL,'out',0,0,NULL,NULL,'12:00:00','14:00:00','out','2022-05-25 10:53:54','2022-05-30 09:14:40'),(1653,170,NULL,3,NULL,'2022-05-25',100,NULL,NULL,NULL,NULL,NULL,'out',0,0,NULL,NULL,'12:00:00','14:00:00','out','2022-05-25 10:53:54','2022-05-30 09:14:40'),(1654,170,NULL,3,NULL,'2022-05-25',100,NULL,NULL,NULL,NULL,NULL,'out',0,0,NULL,NULL,'12:00:00','14:00:00','out','2022-05-25 10:53:54','2022-05-30 09:14:40'),(1655,170,NULL,3,NULL,'2022-05-25',100,NULL,NULL,NULL,NULL,NULL,'out',0,0,NULL,NULL,'12:00:00','14:00:00','out','2022-05-25 10:53:54','2022-05-30 09:14:40'),(1656,170,NULL,3,NULL,'2022-05-25',100,NULL,NULL,NULL,NULL,NULL,'out',0,0,NULL,NULL,'12:00:00','14:00:00','out','2022-05-25 10:53:54','2022-05-30 09:14:40'),(1657,170,NULL,3,NULL,'2022-05-25',100,NULL,NULL,NULL,NULL,NULL,'out',0,0,NULL,NULL,'12:00:00','14:00:00','out','2022-05-25 10:53:54','2022-05-30 09:14:40'),(1658,170,NULL,3,NULL,'2022-05-25',100,NULL,NULL,NULL,NULL,NULL,'out',0,0,NULL,NULL,'12:00:00','14:00:00','out','2022-05-25 10:53:54','2022-05-30 09:14:40'),(1659,170,NULL,3,NULL,'2022-05-25',100,NULL,NULL,NULL,NULL,NULL,'out',0,0,NULL,NULL,'12:00:00','14:00:00','out','2022-05-25 10:53:54','2022-05-30 09:14:40'),(1660,170,NULL,3,NULL,'2022-05-25',100,NULL,NULL,NULL,NULL,NULL,'out',0,0,NULL,NULL,'12:00:00','14:00:00','out','2022-05-25 10:53:54','2022-05-30 09:14:40'),(1661,170,NULL,3,NULL,'2022-05-25',100,NULL,NULL,NULL,NULL,NULL,'out',0,0,NULL,NULL,'12:00:00','14:00:00','out','2022-05-25 10:53:54','2022-05-30 09:14:40'),(1662,170,NULL,3,NULL,'2022-05-25',100,NULL,NULL,NULL,NULL,NULL,'out',0,0,NULL,NULL,'12:00:00','14:00:00','out','2022-05-25 10:53:54','2022-05-30 09:14:40'),(1663,170,NULL,3,NULL,'2022-05-25',100,NULL,NULL,NULL,NULL,NULL,'out',0,0,NULL,NULL,'12:00:00','14:00:00','out','2022-05-25 10:53:54','2022-05-30 09:14:40'),(1664,170,NULL,3,NULL,'2022-05-25',100,NULL,NULL,NULL,NULL,NULL,'out',0,0,NULL,NULL,'12:00:00','14:00:00','out','2022-05-25 10:53:54','2022-05-30 09:14:40'),(1665,170,NULL,3,NULL,'2022-05-25',100,NULL,NULL,NULL,NULL,NULL,'out',0,0,NULL,NULL,'12:00:00','14:00:00','out','2022-05-25 10:53:54','2022-05-30 09:14:40'),(1666,170,NULL,3,NULL,'2022-05-25',100,NULL,NULL,NULL,NULL,NULL,'out',0,0,NULL,NULL,'12:00:00','14:00:00','out','2022-05-25 10:53:54','2022-05-30 09:14:40'),(1667,170,NULL,3,NULL,'2022-05-25',100,NULL,NULL,NULL,NULL,NULL,'out',0,0,NULL,NULL,'12:00:00','14:00:00','out','2022-05-25 10:53:54','2022-05-30 09:14:40'),(1668,170,NULL,3,NULL,'2022-05-25',100,NULL,NULL,NULL,NULL,NULL,'out',0,0,NULL,NULL,'12:00:00','14:00:00','out','2022-05-25 10:53:54','2022-05-30 09:14:40'),(1669,170,NULL,3,NULL,'2022-05-25',100,NULL,NULL,NULL,NULL,NULL,'out',0,0,NULL,NULL,'12:00:00','14:00:00','out','2022-05-25 10:53:54','2022-05-30 09:14:40'),(1670,170,NULL,3,NULL,'2022-05-25',100,NULL,NULL,NULL,NULL,NULL,'out',0,0,NULL,NULL,'12:00:00','14:00:00','out','2022-05-25 10:53:54','2022-05-30 09:14:40'),(1671,170,NULL,3,NULL,'2022-05-25',100,NULL,NULL,NULL,NULL,NULL,'out',0,0,NULL,NULL,'12:00:00','14:00:00','out','2022-05-25 10:53:54','2022-05-30 09:14:40'),(1672,170,NULL,3,NULL,'2022-05-25',100,NULL,NULL,NULL,NULL,NULL,'out',0,0,NULL,NULL,'12:00:00','14:00:00','out','2022-05-25 10:53:54','2022-05-30 09:14:40'),(1673,170,NULL,3,NULL,'2022-05-25',100,NULL,NULL,NULL,NULL,NULL,'out',0,0,NULL,NULL,'12:00:00','14:00:00','out','2022-05-25 10:53:54','2022-05-30 09:14:40'),(1674,170,NULL,3,NULL,'2022-05-25',100,NULL,NULL,NULL,NULL,NULL,'out',0,0,NULL,NULL,'12:00:00','14:00:00','out','2022-05-25 10:53:54','2022-05-30 09:14:40'),(1675,170,NULL,3,NULL,'2022-05-25',100,NULL,NULL,NULL,NULL,NULL,'out',0,0,NULL,NULL,'12:00:00','14:00:00','out','2022-05-25 10:53:54','2022-05-30 09:14:40'),(1676,170,NULL,3,NULL,'2022-05-25',100,NULL,NULL,NULL,NULL,NULL,'out',0,0,NULL,NULL,'12:00:00','14:00:00','out','2022-05-25 10:53:54','2022-05-30 09:14:40'),(1677,170,NULL,3,NULL,'2022-05-25',100,NULL,NULL,NULL,NULL,NULL,'out',0,0,NULL,NULL,'12:00:00','14:00:00','out','2022-05-25 10:53:54','2022-05-30 09:14:40'),(1678,170,NULL,3,NULL,'2022-05-25',100,NULL,NULL,NULL,NULL,NULL,'out',0,0,NULL,NULL,'12:00:00','14:00:00','out','2022-05-25 10:53:54','2022-05-30 09:14:40'),(1679,170,NULL,3,NULL,'2022-05-25',100,NULL,NULL,NULL,NULL,NULL,'out',0,0,NULL,NULL,'12:00:00','14:00:00','out','2022-05-25 10:53:54','2022-05-30 09:14:40'),(1680,170,NULL,3,NULL,'2022-05-25',100,NULL,NULL,NULL,NULL,NULL,'out',0,0,NULL,NULL,'12:00:00','14:00:00','out','2022-05-25 10:53:54','2022-05-30 09:14:40'),(1681,170,NULL,3,NULL,'2022-05-25',100,NULL,NULL,NULL,NULL,NULL,'out',0,0,NULL,NULL,'12:00:00','14:00:00','out','2022-05-25 10:53:54','2022-05-30 09:14:40'),(1682,170,NULL,3,NULL,'2022-05-25',100,NULL,NULL,NULL,NULL,NULL,'out',0,0,NULL,NULL,'12:00:00','14:00:00','out','2022-05-25 10:53:54','2022-05-30 09:14:40'),(1683,170,NULL,3,NULL,'2022-05-25',100,NULL,NULL,NULL,NULL,NULL,'out',0,0,NULL,NULL,'12:00:00','14:00:00','out','2022-05-25 10:53:54','2022-05-30 09:14:40'),(1684,170,NULL,3,NULL,'2022-05-25',100,NULL,NULL,NULL,NULL,NULL,'out',0,0,NULL,NULL,'12:00:00','14:00:00','out','2022-05-25 10:53:54','2022-05-30 09:14:40'),(1685,170,NULL,3,NULL,'2022-05-25',100,NULL,NULL,NULL,NULL,NULL,'out',0,0,NULL,NULL,'12:00:00','14:00:00','out','2022-05-25 10:53:54','2022-05-30 09:14:40'),(1686,170,NULL,3,NULL,'2022-05-25',100,NULL,NULL,NULL,NULL,NULL,'out',0,0,NULL,NULL,'12:00:00','14:00:00','out','2022-05-25 10:53:54','2022-05-30 09:14:40'),(1687,170,NULL,3,NULL,'2022-05-25',100,NULL,NULL,NULL,NULL,NULL,'out',0,0,NULL,NULL,'12:00:00','14:00:00','out','2022-05-25 10:53:54','2022-05-30 09:14:40'),(1688,170,NULL,3,NULL,'2022-05-25',100,NULL,NULL,NULL,NULL,NULL,'out',0,0,NULL,NULL,'12:00:00','14:00:00','out','2022-05-25 10:53:54','2022-05-30 09:14:40'),(1689,170,NULL,3,NULL,'2022-05-25',100,NULL,NULL,NULL,NULL,NULL,'out',0,0,NULL,NULL,'12:00:00','14:00:00','out','2022-05-25 10:53:54','2022-05-30 09:14:40'),(1690,170,NULL,3,NULL,'2022-05-25',100,NULL,NULL,NULL,NULL,NULL,'out',0,0,NULL,NULL,'12:00:00','14:00:00','out','2022-05-25 10:53:54','2022-05-30 09:14:40'),(1691,170,NULL,3,NULL,'2022-05-25',100,NULL,NULL,NULL,NULL,NULL,'out',0,0,NULL,NULL,'12:00:00','14:00:00','out','2022-05-25 10:53:54','2022-05-30 09:14:40'),(1692,170,NULL,3,NULL,'2022-05-25',100,NULL,NULL,NULL,NULL,NULL,'out',0,0,NULL,NULL,'12:00:00','14:00:00','out','2022-05-25 10:53:54','2022-05-30 09:14:40'),(1693,170,NULL,3,NULL,'2022-05-25',100,NULL,NULL,NULL,NULL,NULL,'out',0,0,NULL,NULL,'12:00:00','14:00:00','out','2022-05-25 10:53:54','2022-05-30 09:14:40'),(1694,170,NULL,3,NULL,'2022-05-25',100,NULL,NULL,NULL,NULL,NULL,'out',0,0,NULL,NULL,'12:00:00','14:00:00','out','2022-05-25 10:53:54','2022-05-30 09:14:40'),(1695,170,NULL,3,NULL,'2022-05-25',100,NULL,NULL,NULL,NULL,NULL,'out',0,0,NULL,NULL,'12:00:00','14:00:00','out','2022-05-25 10:53:54','2022-05-30 09:14:40'),(1696,170,NULL,3,NULL,'2022-05-25',100,NULL,NULL,NULL,NULL,NULL,'out',0,0,NULL,NULL,'12:00:00','14:00:00','out','2022-05-25 10:53:54','2022-05-30 09:14:40'),(1697,170,NULL,3,NULL,'2022-05-25',100,NULL,NULL,NULL,NULL,NULL,'out',0,0,NULL,NULL,'12:00:00','14:00:00','out','2022-05-25 10:53:54','2022-05-30 09:14:40'),(1698,170,NULL,3,NULL,'2022-05-25',100,NULL,NULL,NULL,NULL,NULL,'out',0,0,NULL,NULL,'12:00:00','14:00:00','out','2022-05-25 10:53:54','2022-05-30 09:14:40'),(1699,170,NULL,3,NULL,'2022-05-25',100,NULL,NULL,NULL,NULL,NULL,'out',0,0,NULL,NULL,'12:00:00','14:00:00','out','2022-05-25 10:53:54','2022-05-30 09:14:40'),(1700,170,NULL,3,NULL,'2022-05-25',100,NULL,NULL,NULL,NULL,NULL,'out',0,0,NULL,NULL,'12:00:00','14:00:00','out','2022-05-25 10:53:54','2022-05-30 09:14:40'),(1701,170,NULL,3,NULL,'2022-05-25',100,NULL,NULL,NULL,NULL,NULL,'out',0,0,NULL,NULL,'12:00:00','14:00:00','out','2022-05-25 10:53:54','2022-05-30 09:14:40'),(1702,170,NULL,3,NULL,'2022-05-25',100,NULL,NULL,NULL,NULL,NULL,'out',0,0,NULL,NULL,'12:00:00','14:00:00','out','2022-05-25 10:53:54','2022-05-30 09:14:40'),(1703,170,NULL,3,NULL,'2022-05-25',100,NULL,NULL,NULL,NULL,NULL,'out',0,0,NULL,NULL,'12:00:00','14:00:00','out','2022-05-25 10:53:54','2022-05-30 09:14:40'),(1704,170,NULL,3,NULL,'2022-05-25',100,NULL,NULL,NULL,NULL,NULL,'out',0,0,NULL,NULL,'12:00:00','14:00:00','out','2022-05-25 10:53:54','2022-05-30 09:14:40'),(1705,170,NULL,3,NULL,'2022-05-25',100,NULL,NULL,NULL,NULL,NULL,'out',0,0,NULL,NULL,'12:00:00','14:00:00','out','2022-05-25 10:53:54','2022-05-30 09:14:40'),(1706,170,NULL,3,NULL,'2022-05-25',100,NULL,NULL,NULL,NULL,NULL,'out',0,0,NULL,NULL,'12:00:00','14:00:00','out','2022-05-25 10:53:54','2022-05-30 09:14:40'),(1707,170,NULL,3,NULL,'2022-05-25',100,NULL,NULL,NULL,NULL,NULL,'out',0,0,NULL,NULL,'12:00:00','14:00:00','out','2022-05-25 10:53:54','2022-05-30 09:14:40'),(1708,170,NULL,3,NULL,'2022-05-25',100,NULL,NULL,NULL,NULL,NULL,'out',0,0,NULL,NULL,'12:00:00','14:00:00','out','2022-05-25 10:53:54','2022-05-30 09:14:40'),(1709,170,NULL,3,NULL,'2022-05-25',100,NULL,NULL,NULL,NULL,NULL,'out',0,0,NULL,NULL,'12:00:00','14:00:00','out','2022-05-25 10:53:54','2022-05-30 09:14:40'),(1710,170,NULL,3,NULL,'2022-05-25',100,NULL,NULL,NULL,NULL,NULL,'out',0,0,NULL,NULL,'12:00:00','14:00:00','out','2022-05-25 10:53:54','2022-05-30 09:14:40'),(1711,170,NULL,3,NULL,'2022-05-25',100,NULL,NULL,NULL,NULL,NULL,'out',0,0,NULL,NULL,'12:00:00','14:00:00','out','2022-05-25 10:53:54','2022-05-30 09:14:40'),(1712,170,NULL,3,NULL,'2022-05-25',100,NULL,NULL,NULL,NULL,NULL,'out',0,0,NULL,NULL,'12:00:00','14:00:00','out','2022-05-25 10:53:54','2022-05-30 09:14:40'),(1713,170,NULL,3,NULL,'2022-05-25',100,NULL,NULL,NULL,NULL,NULL,'out',0,0,NULL,NULL,'12:00:00','14:00:00','out','2022-05-25 10:53:54','2022-05-30 09:14:40'),(1714,170,NULL,3,NULL,'2022-05-25',100,NULL,NULL,NULL,NULL,NULL,'out',0,0,NULL,NULL,'12:00:00','14:00:00','out','2022-05-25 10:53:54','2022-05-30 09:14:40'),(1715,170,NULL,3,NULL,'2022-05-25',100,NULL,NULL,NULL,NULL,NULL,'out',0,0,NULL,NULL,'12:00:00','14:00:00','out','2022-05-25 10:53:54','2022-05-30 09:14:40'),(1716,170,NULL,3,NULL,'2022-05-25',100,NULL,NULL,NULL,NULL,NULL,'out',0,0,NULL,NULL,'12:00:00','14:00:00','out','2022-05-25 10:53:54','2022-05-30 09:14:40'),(1717,170,NULL,3,NULL,'2022-05-25',100,NULL,NULL,NULL,NULL,NULL,'out',0,0,NULL,NULL,'12:00:00','14:00:00','out','2022-05-25 10:53:54','2022-05-30 09:14:40'),(1718,170,NULL,3,NULL,'2022-05-25',100,NULL,NULL,NULL,NULL,NULL,'out',0,0,NULL,NULL,'12:00:00','14:00:00','out','2022-05-25 10:53:54','2022-05-30 09:14:40'),(1719,170,NULL,3,NULL,'2022-05-25',100,NULL,NULL,NULL,NULL,NULL,'out',0,0,NULL,NULL,'12:00:00','14:00:00','out','2022-05-25 10:53:54','2022-05-30 09:14:40'),(1720,170,NULL,3,NULL,'2022-05-25',100,NULL,NULL,NULL,NULL,NULL,'out',0,0,NULL,NULL,'12:00:00','14:00:00','out','2022-05-25 10:53:54','2022-05-30 09:14:40'),(1721,170,NULL,3,NULL,'2022-05-25',100,NULL,NULL,NULL,NULL,NULL,'out',0,0,NULL,NULL,'12:00:00','14:00:00','out','2022-05-25 10:53:54','2022-05-30 09:14:40'),(1722,170,NULL,3,NULL,'2022-05-25',100,NULL,NULL,NULL,NULL,NULL,'out',0,0,NULL,NULL,'12:00:00','14:00:00','out','2022-05-25 10:53:54','2022-05-30 09:14:40'),(1723,170,NULL,3,NULL,'2022-05-25',100,NULL,NULL,NULL,NULL,NULL,'out',0,0,NULL,NULL,'12:00:00','14:00:00','out','2022-05-25 10:53:54','2022-05-30 09:14:40'),(1724,170,NULL,3,NULL,'2022-05-25',100,NULL,NULL,NULL,NULL,NULL,'out',0,0,NULL,NULL,'12:00:00','14:00:00','out','2022-05-25 10:53:54','2022-05-30 09:14:40'),(1725,170,NULL,3,NULL,'2022-05-25',100,NULL,NULL,NULL,NULL,NULL,'out',0,0,NULL,NULL,'12:00:00','14:00:00','out','2022-05-25 10:53:54','2022-05-30 09:14:40'),(1726,170,NULL,3,NULL,'2022-05-25',100,NULL,NULL,NULL,NULL,NULL,'out',0,0,NULL,NULL,'12:00:00','14:00:00','out','2022-05-25 10:53:54','2022-05-30 09:14:40'),(1727,170,NULL,3,NULL,'2022-05-25',100,NULL,NULL,NULL,NULL,NULL,'out',0,0,NULL,NULL,'12:00:00','14:00:00','out','2022-05-25 10:53:54','2022-05-30 09:14:40'),(1728,170,NULL,3,NULL,'2022-05-25',100,NULL,NULL,NULL,NULL,NULL,'out',0,0,NULL,NULL,'12:00:00','14:00:00','out','2022-05-25 10:53:54','2022-05-30 09:14:40'),(1729,170,NULL,3,NULL,'2022-05-25',100,NULL,NULL,NULL,NULL,NULL,'out',0,0,NULL,NULL,'12:00:00','14:00:00','out','2022-05-25 10:53:54','2022-05-30 09:14:40'),(1730,170,NULL,3,NULL,'2022-05-25',100,NULL,NULL,NULL,NULL,NULL,'out',0,0,NULL,NULL,'12:00:00','14:00:00','out','2022-05-25 10:53:54','2022-05-30 09:14:40'),(1731,170,NULL,3,NULL,'2022-05-25',100,NULL,NULL,NULL,NULL,NULL,'out',0,0,NULL,NULL,'12:00:00','14:00:00','out','2022-05-25 10:53:54','2022-05-30 09:14:40'),(1732,170,NULL,3,NULL,'2022-05-25',100,NULL,NULL,NULL,NULL,NULL,'out',0,0,NULL,NULL,'12:00:00','14:00:00','out','2022-05-25 10:53:54','2022-05-30 09:14:40'),(1733,170,NULL,3,NULL,'2022-05-25',100,NULL,NULL,NULL,NULL,NULL,'out',0,0,NULL,NULL,'12:00:00','14:00:00','out','2022-05-25 10:53:54','2022-05-30 09:14:40'),(1734,170,NULL,3,NULL,'2022-05-25',100,NULL,NULL,NULL,NULL,NULL,'out',0,0,NULL,NULL,'12:00:00','14:00:00','out','2022-05-25 10:53:54','2022-05-30 09:14:40'),(1735,170,NULL,3,NULL,'2022-05-25',100,NULL,NULL,NULL,NULL,NULL,'out',0,0,NULL,NULL,'12:00:00','14:00:00','out','2022-05-25 10:53:54','2022-05-30 09:14:40'),(1736,170,NULL,3,NULL,'2022-05-25',100,NULL,NULL,NULL,NULL,NULL,'out',0,0,NULL,NULL,'12:00:00','14:00:00','out','2022-05-25 10:53:54','2022-05-30 09:14:40'),(1737,170,NULL,3,NULL,'2022-05-25',100,NULL,NULL,'moh',NULL,NULL,'out',0,0,NULL,NULL,'12:00:00','14:00:00','out','2022-05-25 10:53:54','2022-05-30 09:14:40'),(1738,170,NULL,3,NULL,'2022-05-25',100,NULL,NULL,NULL,NULL,NULL,'out',0,0,NULL,NULL,'12:00:00','14:00:00','out','2022-05-25 10:53:54','2022-05-30 09:14:40'),(1739,170,NULL,3,NULL,'2022-05-25',100,NULL,NULL,NULL,NULL,NULL,'out',0,0,NULL,NULL,'12:00:00','14:00:00','out','2022-05-25 10:53:54','2022-05-30 09:14:40'),(1740,170,NULL,3,NULL,'2022-05-25',100,NULL,NULL,NULL,NULL,NULL,'out',0,0,NULL,NULL,'12:00:00','14:00:00','out','2022-05-25 10:53:54','2022-05-30 09:14:40'),(1741,170,NULL,3,NULL,'2022-05-25',100,NULL,NULL,NULL,NULL,NULL,'out',0,0,NULL,NULL,'12:00:00','14:00:00','out','2022-05-25 10:53:54','2022-05-30 09:14:40'),(1742,170,NULL,3,NULL,'2022-05-25',100,NULL,NULL,NULL,NULL,NULL,'out',0,0,NULL,NULL,'12:00:00','14:00:00','out','2022-05-25 10:53:54','2022-05-30 09:14:40'),(1743,170,NULL,3,NULL,'2022-05-25',100,NULL,NULL,NULL,NULL,NULL,'out',0,0,NULL,NULL,'12:00:00','14:00:00','out','2022-05-25 10:53:54','2022-05-30 09:14:40'),(1744,170,NULL,3,NULL,'2022-05-25',100,NULL,NULL,NULL,NULL,NULL,'out',0,0,NULL,NULL,'12:00:00','14:00:00','out','2022-05-25 10:53:54','2022-05-30 09:14:40'),(1745,170,NULL,3,NULL,'2022-05-25',100,NULL,NULL,NULL,NULL,NULL,'out',0,0,NULL,NULL,'12:00:00','14:00:00','out','2022-05-25 10:53:54','2022-05-30 09:14:40'),(1746,170,NULL,3,NULL,'2022-05-25',100,NULL,NULL,NULL,NULL,NULL,'out',0,0,NULL,NULL,'12:00:00','14:00:00','out','2022-05-25 10:53:54','2022-05-30 09:14:40'),(1747,170,NULL,3,NULL,'2022-05-25',100,NULL,NULL,NULL,NULL,NULL,'out',0,0,NULL,NULL,'12:00:00','14:00:00','out','2022-05-25 10:53:54','2022-05-30 09:14:40'),(1748,170,NULL,3,NULL,'2022-05-25',100,NULL,NULL,NULL,NULL,NULL,'out',0,0,NULL,NULL,'12:00:00','14:00:00','out','2022-05-25 10:53:54','2022-05-30 09:14:40'),(1749,170,NULL,3,NULL,'2022-05-25',100,NULL,NULL,NULL,NULL,NULL,'out',0,0,NULL,NULL,'12:00:00','14:00:00','out','2022-05-25 10:53:54','2022-05-30 09:14:40'),(1750,170,NULL,3,NULL,'2022-05-25',100,NULL,NULL,NULL,NULL,NULL,'out',0,0,NULL,NULL,'12:00:00','14:00:00','out','2022-05-25 10:53:54','2022-05-30 09:14:40'),(1751,170,NULL,3,NULL,'2022-05-25',100,NULL,NULL,NULL,NULL,NULL,'out',0,0,NULL,NULL,'12:00:00','14:00:00','out','2022-05-25 10:53:54','2022-05-30 09:14:40'),(1752,170,NULL,3,NULL,'2022-05-25',100,NULL,NULL,NULL,NULL,NULL,'out',0,0,NULL,NULL,'12:00:00','14:00:00','out','2022-05-25 10:53:54','2022-05-30 09:14:40'),(1753,170,NULL,3,NULL,'2022-05-25',100,NULL,NULL,NULL,NULL,NULL,'out',0,0,NULL,NULL,'12:00:00','14:00:00','out','2022-05-25 10:53:54','2022-05-30 09:14:40'),(1754,170,NULL,3,NULL,'2022-05-25',100,NULL,NULL,NULL,NULL,NULL,'out',0,0,NULL,NULL,'12:00:00','14:00:00','out','2022-05-25 10:53:54','2022-05-30 09:14:40'),(1755,170,NULL,3,NULL,'2022-05-25',100,NULL,NULL,NULL,NULL,NULL,'out',0,0,NULL,NULL,'12:00:00','14:00:00','out','2022-05-25 10:53:54','2022-05-30 09:14:40'),(1756,170,NULL,3,NULL,'2022-05-25',100,NULL,NULL,NULL,NULL,NULL,'out',0,0,NULL,NULL,'12:00:00','14:00:00','out','2022-05-25 10:53:54','2022-05-30 09:14:40'),(1757,170,NULL,3,NULL,'2022-05-25',100,NULL,NULL,NULL,NULL,NULL,'out',0,0,NULL,NULL,'12:00:00','14:00:00','out','2022-05-25 10:53:54','2022-05-30 09:14:40'),(1758,170,NULL,3,NULL,'2022-05-25',100,NULL,NULL,NULL,NULL,NULL,'out',0,0,NULL,NULL,'12:00:00','14:00:00','out','2022-05-25 10:53:54','2022-05-30 09:14:40'),(1759,170,NULL,3,NULL,'2022-05-25',100,NULL,NULL,NULL,NULL,NULL,'out',0,0,NULL,NULL,'12:00:00','14:00:00','out','2022-05-25 10:53:54','2022-05-30 09:14:40'),(1760,170,NULL,3,NULL,'2022-05-25',100,NULL,NULL,NULL,NULL,NULL,'out',0,0,NULL,NULL,'12:00:00','14:00:00','out','2022-05-25 10:53:54','2022-05-30 09:14:40'),(1761,170,NULL,3,NULL,'2022-05-25',100,NULL,NULL,NULL,NULL,NULL,'out',0,0,NULL,NULL,'12:00:00','14:00:00','out','2022-05-25 10:53:54','2022-05-30 09:14:40'),(1762,170,NULL,3,NULL,'2022-05-25',100,NULL,NULL,NULL,NULL,NULL,'out',0,0,NULL,NULL,'12:00:00','14:00:00','out','2022-05-25 10:53:54','2022-05-30 09:14:40'),(1763,170,NULL,3,NULL,'2022-05-25',100,NULL,NULL,NULL,NULL,NULL,'out',0,0,NULL,NULL,'12:00:00','14:00:00','out','2022-05-25 10:53:54','2022-05-30 09:14:40'),(1764,170,NULL,3,NULL,'2022-05-25',100,NULL,NULL,NULL,NULL,NULL,'out',0,0,NULL,NULL,'12:00:00','14:00:00','out','2022-05-25 10:53:54','2022-05-30 09:14:40'),(1765,170,NULL,3,NULL,'2022-05-25',100,NULL,NULL,NULL,NULL,NULL,'out',0,0,NULL,NULL,'12:00:00','14:00:00','out','2022-05-25 10:53:54','2022-05-30 09:14:40'),(1766,170,NULL,3,NULL,'2022-05-25',100,NULL,NULL,NULL,NULL,NULL,'out',0,0,NULL,NULL,'12:00:00','14:00:00','out','2022-05-25 10:53:54','2022-05-30 09:14:40'),(1767,170,NULL,3,NULL,'2022-05-25',100,NULL,NULL,NULL,NULL,NULL,'out',0,0,NULL,NULL,'12:00:00','14:00:00','out','2022-05-25 10:53:54','2022-05-30 09:14:40'),(1768,170,NULL,3,NULL,'2022-05-25',100,NULL,NULL,NULL,NULL,NULL,'out',0,0,NULL,NULL,'12:00:00','14:00:00','out','2022-05-25 10:53:54','2022-05-30 09:14:40'),(1769,170,NULL,3,NULL,'2022-05-25',100,NULL,NULL,NULL,NULL,NULL,'out',0,0,NULL,NULL,'12:00:00','14:00:00','out','2022-05-25 10:53:54','2022-05-30 09:14:40'),(1770,170,NULL,3,NULL,'2022-05-25',100,NULL,NULL,NULL,NULL,NULL,'out',0,0,NULL,NULL,'12:00:00','14:00:00','out','2022-05-25 10:53:54','2022-05-30 09:14:40'),(1771,170,NULL,3,NULL,'2022-05-25',100,NULL,NULL,NULL,NULL,NULL,'out',0,0,NULL,NULL,'12:00:00','14:00:00','out','2022-05-25 10:53:54','2022-05-30 09:14:40'),(1772,170,NULL,3,NULL,'2022-05-25',100,NULL,NULL,NULL,NULL,NULL,'out',0,0,NULL,NULL,'12:00:00','14:00:00','out','2022-05-25 10:53:54','2022-05-30 09:14:40'),(1773,170,NULL,3,NULL,'2022-05-25',100,NULL,NULL,NULL,NULL,NULL,'out',0,0,NULL,NULL,'12:00:00','14:00:00','out','2022-05-25 10:53:54','2022-05-30 09:14:40'),(1774,170,NULL,3,NULL,'2022-05-25',100,NULL,NULL,NULL,NULL,NULL,'out',0,0,NULL,NULL,'12:00:00','14:00:00','out','2022-05-25 10:53:54','2022-05-30 09:14:40'),(1775,170,NULL,3,NULL,'2022-05-25',100,NULL,NULL,NULL,NULL,NULL,'out',0,0,NULL,NULL,'12:00:00','14:00:00','out','2022-05-25 10:53:54','2022-05-30 09:14:40'),(1776,170,NULL,3,NULL,'2022-05-25',100,NULL,NULL,NULL,NULL,NULL,'out',0,0,NULL,NULL,'12:00:00','14:00:00','out','2022-05-25 10:53:54','2022-05-30 09:14:40'),(1777,170,NULL,3,NULL,'2022-05-25',100,NULL,NULL,NULL,NULL,NULL,'out',0,0,NULL,NULL,'12:00:00','14:00:00','out','2022-05-25 10:53:54','2022-05-30 09:14:40'),(1778,170,NULL,3,NULL,'2022-05-25',100,NULL,NULL,NULL,NULL,NULL,'out',0,0,NULL,NULL,'12:00:00','14:00:00','out','2022-05-25 10:53:54','2022-05-30 09:14:40'),(1779,170,NULL,3,NULL,'2022-05-25',100,NULL,NULL,NULL,NULL,NULL,'out',0,0,NULL,NULL,'12:00:00','14:00:00','out','2022-05-25 10:53:54','2022-05-30 09:14:40'),(1780,170,NULL,3,NULL,'2022-05-25',100,NULL,NULL,NULL,NULL,NULL,'out',0,0,NULL,NULL,'12:00:00','14:00:00','out','2022-05-25 10:53:54','2022-05-30 09:14:40'),(1781,170,NULL,3,NULL,'2022-05-25',100,NULL,NULL,NULL,NULL,NULL,'out',0,0,NULL,NULL,'12:00:00','14:00:00','out','2022-05-25 10:53:54','2022-05-30 09:14:40'),(1782,170,NULL,3,NULL,'2022-05-25',100,NULL,NULL,NULL,NULL,NULL,'out',0,0,NULL,NULL,'12:00:00','14:00:00','out','2022-05-25 10:53:54','2022-05-30 09:14:40'),(1783,170,NULL,3,NULL,'2022-05-25',100,NULL,NULL,NULL,NULL,NULL,'out',0,0,NULL,NULL,'12:00:00','14:00:00','out','2022-05-25 10:53:54','2022-05-30 09:14:40'),(1784,170,NULL,3,NULL,'2022-05-25',100,NULL,NULL,NULL,NULL,NULL,'out',0,0,NULL,NULL,'12:00:00','14:00:00','out','2022-05-25 10:53:54','2022-05-30 09:14:40'),(1785,170,NULL,3,NULL,'2022-05-25',100,NULL,NULL,NULL,NULL,NULL,'out',0,0,NULL,NULL,'12:00:00','14:00:00','out','2022-05-25 10:53:54','2022-05-30 09:14:40'),(1786,170,NULL,3,NULL,'2022-05-25',100,NULL,NULL,NULL,NULL,NULL,'out',0,0,NULL,NULL,'12:00:00','14:00:00','out','2022-05-25 10:53:54','2022-05-30 09:14:40'),(1787,170,NULL,3,NULL,'2022-05-25',100,NULL,NULL,NULL,NULL,NULL,'out',0,0,NULL,NULL,'12:00:00','14:00:00','out','2022-05-25 10:53:54','2022-05-30 09:14:40'),(1788,170,NULL,3,NULL,'2022-05-25',100,NULL,NULL,NULL,NULL,NULL,'out',0,0,NULL,NULL,'12:00:00','14:00:00','out','2022-05-25 10:53:54','2022-05-30 09:14:40'),(1789,170,NULL,3,NULL,'2022-05-25',100,NULL,NULL,NULL,NULL,NULL,'out',0,0,NULL,NULL,'12:00:00','14:00:00','out','2022-05-25 10:53:54','2022-05-30 09:14:40'),(1790,170,NULL,3,NULL,'2022-05-25',100,NULL,NULL,NULL,NULL,NULL,'out',0,0,NULL,NULL,'12:00:00','14:00:00','out','2022-05-25 10:53:54','2022-05-30 09:14:40'),(1791,170,NULL,3,NULL,'2022-05-25',100,NULL,NULL,NULL,NULL,NULL,'out',0,0,NULL,NULL,'12:00:00','14:00:00','out','2022-05-25 10:53:54','2022-05-30 09:14:40'),(1792,170,NULL,3,NULL,'2022-05-25',100,NULL,NULL,NULL,NULL,NULL,'out',0,0,NULL,NULL,'12:00:00','14:00:00','out','2022-05-25 10:53:54','2022-05-30 09:14:40'),(1793,170,NULL,3,NULL,'2022-05-25',100,NULL,NULL,NULL,NULL,NULL,'out',0,0,NULL,NULL,'12:00:00','14:00:00','out','2022-05-25 10:53:54','2022-05-30 09:14:40'),(1794,170,NULL,3,NULL,'2022-05-25',100,NULL,NULL,NULL,NULL,NULL,'out',0,0,NULL,NULL,'12:00:00','14:00:00','out','2022-05-25 10:53:54','2022-05-30 09:14:40'),(1795,170,NULL,3,NULL,'2022-05-25',100,NULL,NULL,NULL,NULL,NULL,'out',0,0,NULL,NULL,'12:00:00','14:00:00','out','2022-05-25 10:53:54','2022-05-30 09:14:40'),(1796,170,NULL,3,NULL,'2022-05-25',100,NULL,NULL,NULL,NULL,NULL,'out',0,0,NULL,NULL,'12:00:00','14:00:00','out','2022-05-25 10:53:54','2022-05-30 09:14:40'),(1797,170,NULL,3,NULL,'2022-05-25',100,NULL,NULL,NULL,NULL,NULL,'out',0,0,NULL,NULL,'12:00:00','14:00:00','out','2022-05-25 10:53:54','2022-05-30 09:14:40'),(1798,170,NULL,1,NULL,'2022-05-25',60,NULL,NULL,NULL,NULL,NULL,'out',0,0,NULL,NULL,'12:00:00','14:00:00','out','2022-05-25 10:53:54','2022-05-30 09:14:40'),(1799,171,NULL,3,NULL,'2022-05-29',100,NULL,NULL,NULL,NULL,NULL,'out',0,0,NULL,NULL,'11:00:00','13:00:00','out','2022-05-29 11:59:42','2022-05-30 09:14:40'),(1800,171,NULL,4,NULL,'2022-05-29',70,NULL,NULL,NULL,NULL,NULL,'out',0,0,NULL,NULL,'11:00:00','13:00:00','out','2022-05-29 11:59:42','2022-05-30 09:14:40'),(1801,171,NULL,2,NULL,'2022-05-29',80,NULL,NULL,NULL,NULL,NULL,'out',0,0,NULL,NULL,'11:00:00','13:00:00','out','2022-05-29 11:59:42','2022-05-30 09:14:40'),(1802,NULL,131,3,NULL,'2022-05-29',100,NULL,NULL,NULL,NULL,NULL,'out',0,0,NULL,NULL,'12:00:00','14:00:00','out','2022-05-29 12:00:35','2022-05-30 09:14:39'),(1803,NULL,131,3,NULL,'2022-05-29',100,NULL,NULL,NULL,NULL,NULL,'out',0,0,NULL,NULL,'12:00:00','14:00:00','out','2022-05-29 12:00:35','2022-05-30 09:14:39'),(1804,NULL,131,4,NULL,'2022-05-29',70,NULL,NULL,NULL,NULL,NULL,'out',0,0,NULL,NULL,'12:00:00','14:00:00','out','2022-05-29 12:00:35','2022-05-30 09:14:39'),(1805,NULL,131,2,NULL,'2022-05-29',80,NULL,NULL,NULL,NULL,NULL,'out',0,0,NULL,NULL,'12:00:00','14:00:00','out','2022-05-29 12:00:35','2022-05-30 09:14:39'),(1806,NULL,132,3,NULL,'2022-05-30',150,NULL,NULL,NULL,NULL,NULL,'out',0,0,NULL,NULL,'14:00:00','17:00:00','out','2022-05-30 14:36:44','2022-05-31 15:15:24'),(1807,NULL,132,3,NULL,'2022-05-30',150,NULL,NULL,NULL,NULL,NULL,'out',0,0,NULL,NULL,'14:00:00','17:00:00','out','2022-05-30 14:36:44','2022-05-31 15:15:24'),(1808,NULL,132,3,NULL,'2022-05-30',150,NULL,NULL,NULL,NULL,NULL,'out',0,0,NULL,NULL,'14:00:00','17:00:00','out','2022-05-30 14:36:44','2022-05-31 15:15:24'),(1809,NULL,133,3,NULL,'2022-06-06',60,NULL,NULL,'Abdullah',NULL,'male','out',0,0,'15:50:41',NULL,'16:00:00','17:00:00','out','2022-06-06 15:47:51','2022-06-06 16:31:33'),(1810,NULL,133,2,NULL,'2022-06-06',50,NULL,NULL,'sdf',NULL,'male','out',0,0,'15:50:42',NULL,'16:00:00','17:00:00','out','2022-06-06 15:47:51','2022-06-06 16:31:33'),(1811,NULL,134,3,NULL,'2022-06-06',120,NULL,NULL,'sameh',NULL,'male','out',0,0,NULL,NULL,'17:00:00','19:00:00','out','2022-06-06 17:08:53','2022-06-06 17:09:25'),(1812,NULL,134,3,NULL,'2022-06-06',120,NULL,NULL,'aliaa',NULL,'female','out',0,0,NULL,NULL,'17:00:00','19:00:00','out','2022-06-06 17:08:53','2022-06-06 17:09:25'),(1813,NULL,134,2,NULL,'2022-06-06',100,NULL,NULL,'zain',NULL,'male','out',0,0,NULL,NULL,'17:00:00','19:00:00','out','2022-06-06 17:08:53','2022-06-06 17:09:25'),(1814,NULL,134,2,NULL,'2022-06-06',100,NULL,NULL,'wadida',NULL,'female','out',0,0,NULL,NULL,'17:00:00','19:00:00','out','2022-06-06 17:08:53','2022-06-06 17:09:25'),(1815,NULL,134,1,NULL,'2022-06-06',80,NULL,NULL,'amgad',NULL,'male','out',0,0,NULL,NULL,'17:00:00','19:00:00','out','2022-06-06 17:08:53','2022-06-06 17:09:25'),(1816,NULL,135,3,NULL,'2022-06-06',180,NULL,NULL,'aa058',NULL,'male','out',0,0,NULL,NULL,'17:00:00','20:00:00','out','2022-06-06 17:16:50','2022-06-06 18:02:49'),(1817,NULL,135,3,NULL,'2022-06-06',180,NULL,NULL,'aa75',NULL,'female','out',0,0,NULL,NULL,'17:00:00','20:00:00','out','2022-06-06 17:16:50','2022-06-06 18:02:49'),(1818,NULL,135,2,NULL,'2022-06-06',150,NULL,NULL,'g050',NULL,'male','out',0,0,NULL,NULL,'17:00:00','20:00:00','out','2022-06-06 17:16:50','2022-06-06 18:02:49'),(1819,NULL,135,2,NULL,'2022-06-06',150,NULL,NULL,'r001',NULL,'female','out',0,0,NULL,NULL,'17:00:00','20:00:00','out','2022-06-06 17:16:50','2022-06-06 18:02:49'),(1820,172,NULL,3,NULL,'2022-06-06',180,NULL,NULL,NULL,NULL,NULL,'out',0,0,NULL,NULL,'20:00:00','23:00:00','out','2022-06-06 18:27:37','2022-06-06 18:32:23'),(1821,172,NULL,3,NULL,'2022-06-06',180,NULL,NULL,NULL,NULL,NULL,'out',0,0,NULL,NULL,'20:00:00','23:00:00','out','2022-06-06 18:27:37','2022-06-06 18:32:23'),(1822,172,NULL,3,NULL,'2022-06-06',180,NULL,NULL,NULL,NULL,NULL,'out',0,0,NULL,NULL,'20:00:00','23:00:00','out','2022-06-06 18:27:37','2022-06-06 18:32:23'),(1823,172,NULL,3,NULL,'2022-06-06',180,NULL,NULL,NULL,NULL,NULL,'out',0,0,NULL,NULL,'20:00:00','23:00:00','out','2022-06-06 18:27:37','2022-06-06 18:32:23'),(1824,172,NULL,3,NULL,'2022-06-06',180,NULL,NULL,NULL,NULL,NULL,'out',0,0,NULL,NULL,'20:00:00','23:00:00','out','2022-06-06 18:27:37','2022-06-06 18:32:23'),(1825,172,NULL,3,NULL,'2022-06-06',180,NULL,NULL,NULL,NULL,NULL,'out',0,0,NULL,NULL,'20:00:00','23:00:00','out','2022-06-06 18:27:37','2022-06-06 18:32:23'),(1826,172,NULL,3,NULL,'2022-06-06',180,NULL,NULL,NULL,NULL,NULL,'out',0,0,NULL,NULL,'20:00:00','23:00:00','out','2022-06-06 18:27:37','2022-06-06 18:32:23'),(1827,172,NULL,3,NULL,'2022-06-06',180,NULL,NULL,NULL,NULL,NULL,'out',0,0,NULL,NULL,'20:00:00','23:00:00','out','2022-06-06 18:27:37','2022-06-06 18:32:23'),(1828,172,NULL,3,NULL,'2022-06-06',180,NULL,NULL,NULL,NULL,NULL,'out',0,0,NULL,NULL,'20:00:00','23:00:00','out','2022-06-06 18:27:37','2022-06-06 18:32:23'),(1829,172,NULL,3,NULL,'2022-06-06',180,NULL,NULL,NULL,NULL,NULL,'out',0,0,NULL,NULL,'20:00:00','23:00:00','out','2022-06-06 18:27:37','2022-06-06 18:32:23'),(1830,172,NULL,3,NULL,'2022-06-06',180,NULL,NULL,NULL,NULL,NULL,'out',0,0,NULL,NULL,'20:00:00','23:00:00','out','2022-06-06 18:27:37','2022-06-06 18:32:23'),(1831,172,NULL,2,NULL,'2022-06-06',150,NULL,NULL,NULL,NULL,NULL,'out',0,0,NULL,NULL,'20:00:00','23:00:00','out','2022-06-06 18:27:37','2022-06-06 18:32:23'),(1832,172,NULL,2,NULL,'2022-06-06',150,NULL,NULL,NULL,NULL,NULL,'out',0,0,NULL,NULL,'20:00:00','23:00:00','out','2022-06-06 18:27:37','2022-06-06 18:32:23'),(1833,172,NULL,2,NULL,'2022-06-06',150,NULL,NULL,NULL,NULL,NULL,'out',0,0,NULL,NULL,'20:00:00','23:00:00','out','2022-06-06 18:27:37','2022-06-06 18:32:23'),(1834,172,NULL,2,NULL,'2022-06-06',150,NULL,NULL,NULL,NULL,NULL,'out',0,0,NULL,NULL,'20:00:00','23:00:00','out','2022-06-06 18:27:37','2022-06-06 18:32:23'),(1835,172,NULL,2,NULL,'2022-06-06',150,NULL,NULL,NULL,NULL,NULL,'out',0,0,NULL,NULL,'20:00:00','23:00:00','out','2022-06-06 18:27:37','2022-06-06 18:32:23'),(1836,172,NULL,2,NULL,'2022-06-06',150,NULL,NULL,NULL,NULL,NULL,'out',0,0,NULL,NULL,'20:00:00','23:00:00','out','2022-06-06 18:27:37','2022-06-06 18:32:23'),(1837,172,NULL,2,NULL,'2022-06-06',150,NULL,NULL,NULL,NULL,NULL,'out',0,0,NULL,NULL,'20:00:00','23:00:00','out','2022-06-06 18:27:37','2022-06-06 18:32:23'),(1838,172,NULL,2,NULL,'2022-06-06',150,NULL,NULL,NULL,NULL,NULL,'out',0,0,NULL,NULL,'20:00:00','23:00:00','out','2022-06-06 18:27:37','2022-06-06 18:32:23'),(1839,172,NULL,2,NULL,'2022-06-06',150,NULL,NULL,NULL,NULL,NULL,'out',0,0,NULL,NULL,'20:00:00','23:00:00','out','2022-06-06 18:27:37','2022-06-06 18:32:23'),(1840,172,NULL,2,NULL,'2022-06-06',150,NULL,NULL,NULL,NULL,NULL,'out',0,0,NULL,NULL,'20:00:00','23:00:00','out','2022-06-06 18:27:37','2022-06-06 18:32:23'),(1841,172,NULL,2,NULL,'2022-06-06',150,NULL,NULL,NULL,NULL,NULL,'out',0,0,NULL,NULL,'20:00:00','23:00:00','out','2022-06-06 18:27:37','2022-06-06 18:32:23'),(1842,172,NULL,2,NULL,'2022-06-06',150,NULL,NULL,NULL,NULL,NULL,'out',0,0,NULL,NULL,'20:00:00','23:00:00','out','2022-06-06 18:27:37','2022-06-06 18:32:23'),(1843,172,NULL,2,NULL,'2022-06-06',150,NULL,NULL,NULL,NULL,NULL,'out',0,0,NULL,NULL,'20:00:00','23:00:00','out','2022-06-06 18:27:37','2022-06-06 18:32:23'),(1844,172,NULL,2,NULL,'2022-06-06',150,NULL,NULL,NULL,NULL,NULL,'out',0,0,NULL,NULL,'20:00:00','23:00:00','out','2022-06-06 18:27:37','2022-06-06 18:32:23'),(1845,172,NULL,2,NULL,'2022-06-06',150,NULL,NULL,NULL,NULL,NULL,'out',0,0,NULL,NULL,'20:00:00','23:00:00','out','2022-06-06 18:27:37','2022-06-06 18:32:23'),(1846,172,NULL,2,NULL,'2022-06-06',150,NULL,NULL,NULL,NULL,NULL,'out',0,0,NULL,NULL,'20:00:00','23:00:00','out','2022-06-06 18:27:37','2022-06-06 18:32:23'),(1847,172,NULL,2,NULL,'2022-06-06',150,NULL,NULL,NULL,NULL,NULL,'out',0,0,NULL,NULL,'20:00:00','23:00:00','out','2022-06-06 18:27:37','2022-06-06 18:32:23'),(1848,172,NULL,2,NULL,'2022-06-06',150,NULL,NULL,NULL,NULL,NULL,'out',0,0,NULL,NULL,'20:00:00','23:00:00','out','2022-06-06 18:27:37','2022-06-06 18:32:23'),(1849,172,NULL,2,NULL,'2022-06-06',150,NULL,NULL,NULL,NULL,NULL,'out',0,0,NULL,NULL,'20:00:00','23:00:00','out','2022-06-06 18:27:37','2022-06-06 18:32:23'),(1850,172,NULL,2,NULL,'2022-06-06',150,NULL,NULL,NULL,NULL,NULL,'out',0,0,NULL,NULL,'20:00:00','23:00:00','out','2022-06-06 18:27:37','2022-06-06 18:32:23'),(1851,172,NULL,2,NULL,'2022-06-06',150,NULL,NULL,NULL,NULL,NULL,'out',0,0,NULL,NULL,'20:00:00','23:00:00','out','2022-06-06 18:27:37','2022-06-06 18:32:24'),(1852,172,NULL,2,NULL,'2022-06-06',150,NULL,NULL,NULL,NULL,NULL,'out',0,0,NULL,NULL,'20:00:00','23:00:00','out','2022-06-06 18:27:37','2022-06-06 18:32:24'),(1853,172,NULL,2,NULL,'2022-06-06',150,NULL,NULL,NULL,NULL,NULL,'out',0,0,NULL,NULL,'20:00:00','23:00:00','out','2022-06-06 18:27:37','2022-06-06 18:32:24'),(1854,172,NULL,2,NULL,'2022-06-06',150,NULL,NULL,NULL,NULL,NULL,'out',0,0,NULL,NULL,'20:00:00','23:00:00','out','2022-06-06 18:27:37','2022-06-06 18:32:24'),(1855,172,NULL,2,NULL,'2022-06-06',150,NULL,NULL,NULL,NULL,NULL,'out',0,0,NULL,NULL,'20:00:00','23:00:00','out','2022-06-06 18:27:37','2022-06-06 18:32:24'),(1856,172,NULL,2,NULL,'2022-06-06',150,NULL,NULL,NULL,NULL,NULL,'out',0,0,NULL,NULL,'20:00:00','23:00:00','out','2022-06-06 18:27:37','2022-06-06 18:32:24'),(1857,172,NULL,1,NULL,'2022-06-06',120,NULL,NULL,NULL,NULL,NULL,'out',0,0,NULL,NULL,'20:00:00','23:00:00','out','2022-06-06 18:27:37','2022-06-06 18:32:24'),(1858,172,NULL,1,NULL,'2022-06-06',120,NULL,NULL,NULL,NULL,NULL,'out',0,0,NULL,NULL,'20:00:00','23:00:00','out','2022-06-06 18:27:37','2022-06-06 18:32:24'),(1859,NULL,136,3,NULL,'2022-06-07',100,NULL,NULL,'aa001',NULL,NULL,'out',0,0,NULL,NULL,'10:00:00','12:00:00','out','2022-06-07 10:50:39','2022-06-07 10:51:54'),(1860,NULL,136,2,NULL,'2022-06-07',80,NULL,NULL,'g002',NULL,NULL,'out',0,0,NULL,NULL,'10:00:00','12:00:00','out','2022-06-07 10:50:39','2022-06-07 10:51:54'),(1861,NULL,136,2,NULL,'2022-06-07',80,NULL,NULL,'rr003',NULL,NULL,'out',0,0,NULL,NULL,'10:00:00','12:00:00','out','2022-06-07 10:50:39','2022-06-07 10:51:54'),(1862,NULL,137,3,NULL,'2022-06-07',150,NULL,NULL,'aa001',NULL,'male','out',0,0,NULL,NULL,'10:00:00','13:00:00','out','2022-06-07 10:53:19','2022-06-07 10:56:54'),(1863,NULL,137,3,NULL,'2022-06-07',150,NULL,NULL,'aa003',NULL,'female','out',0,0,NULL,NULL,'10:00:00','13:00:00','out','2022-06-07 10:53:19','2022-06-07 10:56:54'),(1864,NULL,137,2,NULL,'2022-06-07',120,NULL,NULL,'g0004',NULL,'male','out',0,0,NULL,NULL,'10:00:00','13:00:00','out','2022-06-07 10:53:19','2022-06-07 10:56:54'),(1865,NULL,137,2,NULL,'2022-06-07',120,NULL,NULL,'r002',NULL,'female','out',0,0,NULL,NULL,'10:00:00','13:00:00','out','2022-06-07 10:53:19','2022-06-07 10:56:54'),(1866,NULL,138,3,NULL,'2022-06-07',100,NULL,NULL,NULL,NULL,NULL,'out',0,0,'11:02:59',NULL,'11:00:00','13:00:00','out','2022-06-07 11:02:03','2022-06-07 11:34:04'),(1867,NULL,138,2,NULL,'2022-06-07',80,NULL,NULL,NULL,NULL,NULL,'out',0,0,'11:03:02',NULL,'11:00:00','13:00:00','out','2022-06-07 11:02:03','2022-06-07 11:34:04'),(1868,NULL,139,3,NULL,'2022-06-07',50,NULL,NULL,NULL,NULL,NULL,'out',0,0,'11:07:46',NULL,'11:00:00','12:00:00','out','2022-06-07 11:05:44','2022-06-07 11:34:04'),(1869,NULL,139,2,NULL,'2022-06-07',40,NULL,NULL,NULL,NULL,NULL,'out',1,40,'11:07:47',NULL,'11:00:00','13:00:00','out','2022-06-07 11:05:44','2022-06-07 11:34:04'),(1873,NULL,140,3,NULL,'2022-06-07',100,NULL,NULL,NULL,NULL,'','out',0,0,NULL,NULL,'11:00:00','13:00:00','out','2022-06-07 11:14:14','2022-06-07 11:34:04'),(1874,NULL,140,2,NULL,'2022-06-07',80,NULL,NULL,NULL,NULL,NULL,'out',0,0,NULL,NULL,'11:00:00','13:00:00','out','2022-06-07 11:14:14','2022-06-07 11:34:04'),(1875,173,NULL,2,NULL,'2022-06-09',150,NULL,NULL,NULL,NULL,NULL,'out',0,0,NULL,NULL,'16:00:00','19:00:00','out','2022-06-07 11:19:36','2022-06-12 13:52:48'),(1876,173,NULL,2,NULL,'2022-06-09',150,NULL,NULL,NULL,NULL,NULL,'out',0,0,NULL,NULL,'16:00:00','19:00:00','out','2022-06-07 11:19:36','2022-06-12 13:52:48'),(1877,173,NULL,2,NULL,'2022-06-09',150,NULL,NULL,NULL,NULL,NULL,'out',0,0,NULL,NULL,'16:00:00','19:00:00','out','2022-06-07 11:19:36','2022-06-12 13:52:48'),(1878,173,NULL,2,NULL,'2022-06-09',150,NULL,NULL,NULL,NULL,NULL,'out',0,0,NULL,NULL,'16:00:00','19:00:00','out','2022-06-07 11:19:36','2022-06-12 13:52:48'),(1879,173,NULL,2,NULL,'2022-06-09',150,NULL,NULL,NULL,NULL,NULL,'out',0,0,NULL,NULL,'16:00:00','19:00:00','out','2022-06-07 11:19:36','2022-06-12 13:52:48'),(1880,173,NULL,2,NULL,'2022-06-09',150,NULL,NULL,NULL,NULL,NULL,'out',0,0,NULL,NULL,'16:00:00','19:00:00','out','2022-06-07 11:19:36','2022-06-12 13:52:48'),(1881,173,NULL,2,NULL,'2022-06-09',150,NULL,NULL,NULL,NULL,NULL,'out',0,0,NULL,NULL,'16:00:00','19:00:00','out','2022-06-07 11:19:36','2022-06-12 13:52:48'),(1882,173,NULL,2,NULL,'2022-06-09',150,NULL,NULL,NULL,NULL,NULL,'out',0,0,NULL,NULL,'16:00:00','19:00:00','out','2022-06-07 11:19:36','2022-06-12 13:52:48'),(1883,173,NULL,2,NULL,'2022-06-09',150,NULL,NULL,NULL,NULL,NULL,'out',0,0,NULL,NULL,'16:00:00','19:00:00','out','2022-06-07 11:19:36','2022-06-12 13:52:48'),(1884,173,NULL,2,NULL,'2022-06-09',150,NULL,NULL,NULL,NULL,NULL,'out',0,0,NULL,NULL,'16:00:00','19:00:00','out','2022-06-07 11:19:36','2022-06-12 13:52:48'),(1885,173,NULL,2,NULL,'2022-06-09',150,NULL,NULL,NULL,NULL,NULL,'out',0,0,NULL,NULL,'16:00:00','19:00:00','out','2022-06-07 11:19:36','2022-06-12 13:52:48'),(1886,173,NULL,2,NULL,'2022-06-09',150,NULL,NULL,NULL,NULL,NULL,'out',0,0,NULL,NULL,'16:00:00','19:00:00','out','2022-06-07 11:19:36','2022-06-12 13:52:48'),(1887,173,NULL,2,NULL,'2022-06-09',150,NULL,NULL,NULL,NULL,NULL,'out',0,0,NULL,NULL,'16:00:00','19:00:00','out','2022-06-07 11:19:36','2022-06-12 13:52:48'),(1888,173,NULL,2,NULL,'2022-06-09',150,NULL,NULL,NULL,NULL,NULL,'out',0,0,NULL,NULL,'16:00:00','19:00:00','out','2022-06-07 11:19:36','2022-06-12 13:52:48'),(1889,173,NULL,2,NULL,'2022-06-09',150,NULL,NULL,NULL,NULL,NULL,'out',0,0,NULL,NULL,'16:00:00','19:00:00','out','2022-06-07 11:19:36','2022-06-12 13:52:48'),(1890,173,NULL,2,NULL,'2022-06-09',150,NULL,NULL,NULL,NULL,NULL,'out',0,0,NULL,NULL,'16:00:00','19:00:00','out','2022-06-07 11:19:36','2022-06-12 13:52:48'),(1891,173,NULL,2,NULL,'2022-06-09',150,NULL,NULL,NULL,NULL,NULL,'out',0,0,NULL,NULL,'16:00:00','19:00:00','out','2022-06-07 11:19:36','2022-06-12 13:52:48'),(1892,173,NULL,2,NULL,'2022-06-09',150,NULL,NULL,NULL,NULL,NULL,'out',0,0,NULL,NULL,'16:00:00','19:00:00','out','2022-06-07 11:19:36','2022-06-12 13:52:48'),(1893,173,NULL,2,NULL,'2022-06-09',150,NULL,NULL,NULL,NULL,NULL,'out',0,0,NULL,NULL,'16:00:00','19:00:00','out','2022-06-07 11:19:36','2022-06-12 13:52:48'),(1894,173,NULL,2,NULL,'2022-06-09',150,NULL,NULL,NULL,NULL,NULL,'out',0,0,NULL,NULL,'16:00:00','19:00:00','out','2022-06-07 11:19:36','2022-06-12 13:52:48'),(1902,175,NULL,3,NULL,'2022-06-07',180,NULL,NULL,'',NULL,'','out',0,0,'11:31:05',NULL,'15:00:00','18:00:00','out','2022-06-07 11:28:32','2022-06-07 11:34:05'),(1903,175,NULL,3,NULL,'2022-06-07',180,NULL,NULL,'',NULL,'','out',0,0,'11:31:05',NULL,'15:00:00','18:00:00','out','2022-06-07 11:28:32','2022-06-07 11:34:05'),(1904,175,NULL,2,NULL,'2022-06-07',150,NULL,NULL,'',NULL,'','out',0,0,'11:31:05',NULL,'15:00:00','18:00:00','out','2022-06-07 11:28:32','2022-06-07 11:34:05'),(1905,175,NULL,2,NULL,'2022-06-07',150,NULL,NULL,'',NULL,'','out',0,0,'11:31:06',NULL,'15:00:00','18:00:00','out','2022-06-07 11:28:32','2022-06-07 11:34:05'),(1906,175,NULL,2,NULL,'2022-06-07',150,NULL,NULL,'',NULL,'','out',0,0,'11:31:06',NULL,'15:00:00','18:00:00','out','2022-06-07 11:28:32','2022-06-07 11:34:05'),(1907,175,NULL,2,NULL,'2022-06-07',150,NULL,NULL,'',NULL,'','out',0,0,'11:31:06',NULL,'15:00:00','18:00:00','out','2022-06-07 11:28:32','2022-06-07 11:34:05'),(1908,175,NULL,2,NULL,'2022-06-07',150,NULL,NULL,'',NULL,'','out',0,0,'11:31:06',NULL,'15:00:00','18:00:00','out','2022-06-07 11:28:32','2022-06-07 11:34:05'),(1909,NULL,141,3,NULL,'2022-06-08',60,NULL,NULL,NULL,NULL,NULL,'out',0,0,'19:58:45',NULL,'19:00:00','20:00:00','out','2022-06-08 19:58:10','2022-06-12 13:52:48'),(1910,NULL,141,2,NULL,'2022-06-08',50,NULL,NULL,NULL,NULL,NULL,'out',0,0,'19:58:42',NULL,'19:00:00','20:00:00','out','2022-06-08 19:58:10','2022-06-12 13:52:48'),(1914,NULL,142,3,NULL,'2022-06-08',60,NULL,NULL,NULL,NULL,'','out',0,0,NULL,NULL,'20:00:00','21:00:00','out','2022-06-08 20:06:56','2022-06-12 13:52:48'),(1915,NULL,142,2,NULL,'2022-06-08',50,NULL,NULL,NULL,NULL,NULL,'out',0,0,NULL,NULL,'20:00:00','21:00:00','out','2022-06-08 20:06:56','2022-06-12 13:52:48'),(1916,177,NULL,NULL,'WED9824CO04',NULL,0,NULL,NULL,NULL,NULL,NULL,'append',0,0,NULL,NULL,NULL,NULL,'in','2022-06-08 20:15:04','2022-06-08 20:15:04'),(1917,177,NULL,NULL,'WED8090CO04',NULL,0,NULL,NULL,NULL,NULL,NULL,'append',0,0,NULL,NULL,NULL,NULL,'in','2022-06-08 20:15:04','2022-06-08 20:15:04'),(1918,177,NULL,NULL,'WED6325CO04',NULL,0,NULL,NULL,NULL,NULL,NULL,'append',0,0,NULL,NULL,NULL,NULL,'in','2022-06-08 20:15:04','2022-06-08 20:15:04'),(1919,177,NULL,NULL,'WED4630CO04',NULL,0,NULL,NULL,NULL,NULL,NULL,'append',0,0,NULL,NULL,NULL,NULL,'in','2022-06-08 20:15:04','2022-06-08 20:15:04'),(1920,177,NULL,NULL,'WED7682CO04',NULL,0,NULL,NULL,NULL,NULL,NULL,'append',0,0,NULL,NULL,NULL,NULL,'in','2022-06-08 20:15:04','2022-06-08 20:15:04'),(1921,177,NULL,NULL,'WED7172CO04',NULL,0,NULL,NULL,NULL,NULL,NULL,'append',0,0,NULL,NULL,NULL,NULL,'in','2022-06-08 20:15:04','2022-06-08 20:15:04'),(1922,177,NULL,NULL,'WED4523CO04',NULL,0,NULL,NULL,NULL,NULL,NULL,'append',0,0,NULL,NULL,NULL,NULL,'in','2022-06-08 20:15:04','2022-06-08 20:15:04'),(1923,177,NULL,NULL,'WED2137CO04',NULL,0,NULL,NULL,NULL,NULL,NULL,'append',0,0,NULL,NULL,NULL,NULL,'in','2022-06-08 20:15:04','2022-06-08 20:15:04'),(1924,177,NULL,NULL,'WED7167CO04',NULL,0,NULL,NULL,NULL,NULL,NULL,'append',0,0,NULL,NULL,NULL,NULL,'in','2022-06-08 20:15:04','2022-06-08 20:15:04'),(1925,177,NULL,NULL,'WED8894CO04',NULL,0,NULL,NULL,NULL,NULL,NULL,'append',0,0,NULL,NULL,NULL,NULL,'in','2022-06-08 20:15:04','2022-06-08 20:15:04'),(1926,NULL,143,4,NULL,'2022-06-12',70,NULL,NULL,NULL,NULL,NULL,'out',0,0,NULL,NULL,'16:00:00','17:00:00','out','2022-06-12 16:58:01','2022-06-13 10:54:24'),(1927,NULL,144,4,NULL,'2022-06-12',70,NULL,NULL,NULL,NULL,NULL,'out',0,0,NULL,NULL,'17:00:00','18:00:00','out','2022-06-12 17:00:24','2022-06-13 10:54:24'),(1928,NULL,145,4,NULL,'2022-06-12',70,NULL,NULL,NULL,NULL,NULL,'out',0,0,NULL,NULL,'17:00:00','18:00:00','out','2022-06-12 17:03:37','2022-06-13 10:54:24'),(1929,NULL,146,3,NULL,'2022-06-13',150,NULL,NULL,NULL,NULL,NULL,'out',0,0,NULL,NULL,'10:00:00','13:00:00','out','2022-06-13 10:44:13','2022-06-13 10:54:24'),(1930,NULL,147,4,NULL,'2022-06-13',35,NULL,NULL,NULL,NULL,'male','out',0,0,NULL,NULL,'10:00:00','11:00:00','out','2022-06-13 10:53:53','2022-06-13 16:06:29'),(1931,NULL,148,3,NULL,'2022-06-13',50,NULL,NULL,NULL,NULL,NULL,'out',0,0,NULL,NULL,'11:00:00','12:00:00','out','2022-06-13 11:01:58','2022-06-13 16:06:29'),(1932,NULL,149,3,NULL,'2022-06-13',60,NULL,NULL,NULL,NULL,NULL,'out',0,0,NULL,NULL,'16:00:00','17:00:00','out','2022-06-13 16:25:21','2022-06-13 16:26:28'),(1933,NULL,149,2,NULL,'2022-06-13',50,NULL,NULL,NULL,NULL,NULL,'out',0,0,NULL,NULL,'16:00:00','17:00:00','out','2022-06-13 16:25:21','2022-06-13 16:26:28'),(1934,NULL,150,3,NULL,'2022-06-13',60,NULL,NULL,NULL,NULL,'female','out',0,0,'16:34:14',NULL,'16:00:00','17:00:00','out','2022-06-13 16:32:13','2022-06-14 10:04:33'),(1935,NULL,150,2,NULL,'2022-06-13',50,NULL,NULL,NULL,NULL,'male','out',0,0,'16:34:13',NULL,'16:00:00','17:00:00','out','2022-06-13 16:32:13','2022-06-14 10:04:33'),(1936,178,NULL,4,NULL,'2022-06-14',NULL,NULL,NULL,'',NULL,'','out',0,0,'13:05:30',NULL,'11:00:00','12:00:00','out','2022-06-14 11:31:55','2022-06-14 16:36:37'),(1937,NULL,151,4,NULL,'2022-06-14',NULL,NULL,NULL,NULL,NULL,NULL,'out',0,0,'12:14:55',NULL,'11:00:00','12:00:00','out','2022-06-14 11:40:42','2022-06-14 16:36:37'),(1938,NULL,151,4,NULL,'2022-06-14',NULL,NULL,NULL,NULL,NULL,NULL,'out',0,0,'12:15:08',NULL,'11:00:00','12:00:00','out','2022-06-14 11:40:42','2022-06-14 16:36:37'),(1939,178,NULL,4,NULL,'2022-06-14',NULL,NULL,NULL,'',NULL,'','out',0,0,'13:05:30',NULL,'11:00:00','12:00:00','out','2022-06-14 11:31:55','2022-06-14 16:36:37'),(1940,NULL,152,3,NULL,'2022-06-15',120,NULL,NULL,NULL,NULL,NULL,'out',0,0,NULL,NULL,'17:00:00','19:00:00','out','2022-06-15 17:23:29','2022-06-16 00:40:06'),(1941,NULL,153,4,NULL,'2022-06-16',70,NULL,NULL,NULL,NULL,NULL,'out',0,0,NULL,NULL,'10:00:00','12:00:00','out','2022-06-16 10:40:17','2022-06-19 15:29:50'),(1948,NULL,162,4,NULL,'2022-06-20',70,NULL,NULL,NULL,NULL,NULL,'out',0,0,NULL,NULL,'16:00:00','17:00:00','out','2022-06-20 17:19:49','2022-06-20 17:33:38'),(1949,NULL,163,4,NULL,'2022-06-20',70,NULL,NULL,NULL,NULL,NULL,'out',0,0,NULL,NULL,'16:00:00','17:00:00','out','2022-06-20 17:23:41','2022-06-20 17:33:38'),(1950,179,NULL,3,NULL,'2022-06-20',60,NULL,NULL,NULL,NULL,NULL,'append',0,0,NULL,NULL,'17:00:00','18:00:00','out','2022-06-20 17:30:50','2022-06-20 17:33:38'),(1951,179,NULL,3,NULL,'2022-06-20',60,NULL,NULL,NULL,NULL,NULL,'append',0,0,NULL,NULL,'17:00:00','18:00:00','out','2022-06-20 17:30:50','2022-06-20 17:33:38'),(1952,179,NULL,3,NULL,'2022-06-20',60,NULL,NULL,NULL,NULL,NULL,'append',0,0,NULL,NULL,'17:00:00','18:00:00','out','2022-06-20 17:30:50','2022-06-20 17:33:38'),(1953,179,NULL,3,NULL,'2022-06-20',60,NULL,NULL,NULL,NULL,NULL,'append',0,0,NULL,NULL,'17:00:00','18:00:00','out','2022-06-20 17:30:50','2022-06-20 17:33:38'),(1954,179,NULL,3,NULL,'2022-06-20',60,NULL,NULL,NULL,NULL,NULL,'append',0,0,NULL,NULL,'17:00:00','18:00:00','out','2022-06-20 17:30:50','2022-06-20 17:33:38'),(1955,179,NULL,3,NULL,'2022-06-20',60,NULL,NULL,NULL,NULL,NULL,'append',0,0,NULL,NULL,'17:00:00','18:00:00','out','2022-06-20 17:30:51','2022-06-20 17:33:38'),(1956,179,NULL,3,NULL,'2022-06-20',60,NULL,NULL,NULL,NULL,NULL,'append',0,0,NULL,NULL,'17:00:00','18:00:00','out','2022-06-20 17:30:51','2022-06-20 17:33:38'),(1957,179,NULL,3,NULL,'2022-06-20',60,NULL,NULL,NULL,NULL,NULL,'append',0,0,NULL,NULL,'17:00:00','18:00:00','out','2022-06-20 17:30:51','2022-06-20 17:33:38'),(1958,179,NULL,3,NULL,'2022-06-20',60,NULL,NULL,NULL,NULL,NULL,'append',0,0,NULL,NULL,'17:00:00','18:00:00','out','2022-06-20 17:30:51','2022-06-20 17:33:38'),(1959,179,NULL,3,NULL,'2022-06-20',60,NULL,NULL,NULL,NULL,NULL,'append',0,0,NULL,NULL,'17:00:00','18:00:00','out','2022-06-20 17:30:52','2022-06-20 17:33:38'),(1960,179,NULL,3,NULL,'2022-06-20',60,NULL,NULL,NULL,NULL,NULL,'append',0,0,NULL,NULL,'17:00:00','18:00:00','out','2022-06-20 17:30:52','2022-06-20 17:33:38'),(1961,179,NULL,3,NULL,'2022-06-20',60,NULL,NULL,NULL,NULL,NULL,'append',0,0,NULL,NULL,'17:00:00','18:00:00','out','2022-06-20 17:30:52','2022-06-20 17:33:38'),(1962,179,NULL,3,NULL,'2022-06-20',60,NULL,NULL,NULL,NULL,NULL,'append',0,0,NULL,NULL,'17:00:00','18:00:00','out','2022-06-20 17:30:52','2022-06-20 17:33:38'),(1963,179,NULL,3,NULL,'2022-06-20',60,NULL,NULL,NULL,NULL,NULL,'append',0,0,NULL,NULL,'17:00:00','18:00:00','out','2022-06-20 17:30:52','2022-06-20 17:33:38'),(1964,179,NULL,3,NULL,'2022-06-20',60,NULL,NULL,NULL,NULL,NULL,'append',0,0,NULL,NULL,'17:00:00','18:00:00','out','2022-06-20 17:30:52','2022-06-20 17:33:38'),(1965,179,NULL,3,NULL,'2022-06-20',60,NULL,NULL,NULL,NULL,NULL,'append',0,0,NULL,NULL,'17:00:00','18:00:00','out','2022-06-20 17:30:53','2022-06-20 17:33:38'),(1966,179,NULL,3,NULL,'2022-06-20',60,NULL,NULL,NULL,NULL,NULL,'append',0,0,NULL,NULL,'17:00:00','18:00:00','out','2022-06-20 17:30:53','2022-06-20 17:33:38'),(1967,179,NULL,3,NULL,'2022-06-20',60,NULL,NULL,NULL,NULL,NULL,'append',0,0,NULL,NULL,'17:00:00','18:00:00','out','2022-06-20 17:30:53','2022-06-20 17:33:38'),(1968,179,NULL,3,NULL,'2022-06-20',60,NULL,NULL,NULL,NULL,NULL,'append',0,0,NULL,NULL,'17:00:00','18:00:00','out','2022-06-20 17:30:53','2022-06-20 17:33:38'),(1969,179,NULL,3,NULL,'2022-06-20',60,NULL,NULL,NULL,NULL,NULL,'append',0,0,NULL,NULL,'17:00:00','18:00:00','out','2022-06-20 17:30:54','2022-06-20 17:33:38'),(1970,179,NULL,3,NULL,'2022-06-20',60,NULL,NULL,NULL,NULL,NULL,'append',0,0,NULL,NULL,'17:00:00','18:00:00','out','2022-06-20 17:30:54','2022-06-20 17:33:38'),(1971,179,NULL,3,NULL,'2022-06-20',60,NULL,NULL,NULL,NULL,NULL,'append',0,0,NULL,NULL,'17:00:00','18:00:00','out','2022-06-20 17:30:54','2022-06-20 17:33:38'),(1972,179,NULL,3,NULL,'2022-06-20',60,NULL,NULL,NULL,NULL,NULL,'append',0,0,NULL,NULL,'17:00:00','18:00:00','out','2022-06-20 17:30:54','2022-06-20 17:33:38'),(1973,179,NULL,3,NULL,'2022-06-20',60,NULL,NULL,NULL,NULL,NULL,'append',0,0,NULL,NULL,'17:00:00','18:00:00','out','2022-06-20 17:30:54','2022-06-20 17:33:38'),(1974,179,NULL,3,NULL,'2022-06-20',60,NULL,NULL,NULL,NULL,NULL,'append',0,0,NULL,NULL,'17:00:00','18:00:00','out','2022-06-20 17:30:55','2022-06-20 17:33:38'),(1975,179,NULL,3,NULL,'2022-06-20',60,NULL,NULL,NULL,NULL,NULL,'append',0,0,NULL,NULL,'17:00:00','18:00:00','out','2022-06-20 17:30:55','2022-06-20 17:33:38'),(1976,179,NULL,3,NULL,'2022-06-20',60,NULL,NULL,NULL,NULL,NULL,'append',0,0,NULL,NULL,'17:00:00','18:00:00','out','2022-06-20 17:30:55','2022-06-20 17:33:38'),(1977,179,NULL,3,NULL,'2022-06-20',60,NULL,NULL,NULL,NULL,NULL,'append',0,0,NULL,NULL,'17:00:00','18:00:00','out','2022-06-20 17:30:55','2022-06-20 17:33:38'),(1978,179,NULL,3,NULL,'2022-06-20',60,NULL,NULL,NULL,NULL,NULL,'append',0,0,NULL,NULL,'17:00:00','18:00:00','out','2022-06-20 17:30:55','2022-06-20 17:33:38'),(1979,179,NULL,3,NULL,'2022-06-20',60,NULL,NULL,NULL,NULL,NULL,'append',0,0,NULL,NULL,'17:00:00','18:00:00','out','2022-06-20 17:30:56','2022-06-20 17:33:38'),(1980,179,NULL,3,NULL,'2022-06-20',60,NULL,NULL,NULL,NULL,NULL,'append',0,0,NULL,NULL,'17:00:00','18:00:00','out','2022-06-20 17:30:56','2022-06-20 17:33:38'),(1981,179,NULL,3,NULL,'2022-06-20',60,NULL,NULL,NULL,NULL,NULL,'append',0,0,NULL,NULL,'17:00:00','18:00:00','out','2022-06-20 17:30:56','2022-06-20 17:33:38'),(1982,179,NULL,3,NULL,'2022-06-20',60,NULL,NULL,NULL,NULL,NULL,'append',0,0,NULL,NULL,'17:00:00','18:00:00','out','2022-06-20 17:30:56','2022-06-20 17:33:38'),(1983,179,NULL,3,NULL,'2022-06-20',60,NULL,NULL,NULL,NULL,NULL,'append',0,0,NULL,NULL,'17:00:00','18:00:00','out','2022-06-20 17:30:56','2022-06-20 17:33:38'),(1984,179,NULL,3,NULL,'2022-06-20',60,NULL,NULL,NULL,NULL,NULL,'append',0,0,NULL,NULL,'17:00:00','18:00:00','out','2022-06-20 17:30:57','2022-06-20 17:33:38'),(1985,179,NULL,3,NULL,'2022-06-20',60,NULL,NULL,NULL,NULL,NULL,'append',0,0,NULL,NULL,'17:00:00','18:00:00','out','2022-06-20 17:30:57','2022-06-20 17:33:38'),(1986,179,NULL,3,NULL,'2022-06-20',60,NULL,NULL,NULL,NULL,NULL,'append',0,0,NULL,NULL,'17:00:00','18:00:00','out','2022-06-20 17:30:57','2022-06-20 17:33:38'),(1987,179,NULL,3,NULL,'2022-06-20',60,NULL,NULL,NULL,NULL,NULL,'append',0,0,NULL,NULL,'17:00:00','18:00:00','out','2022-06-20 17:30:57','2022-06-20 17:33:38'),(1988,179,NULL,3,NULL,'2022-06-20',60,NULL,NULL,NULL,NULL,NULL,'append',0,0,NULL,NULL,'17:00:00','18:00:00','out','2022-06-20 17:30:57','2022-06-20 17:33:38'),(1989,179,NULL,3,NULL,'2022-06-20',60,NULL,NULL,NULL,NULL,NULL,'append',0,0,NULL,NULL,'17:00:00','18:00:00','out','2022-06-20 17:30:58','2022-06-20 17:33:38'),(1990,179,NULL,3,NULL,'2022-06-20',60,NULL,NULL,NULL,NULL,NULL,'append',0,0,NULL,NULL,'17:00:00','18:00:00','out','2022-06-20 17:30:58','2022-06-20 17:33:38'),(1991,179,NULL,3,NULL,'2022-06-20',60,NULL,NULL,NULL,NULL,NULL,'append',0,0,NULL,NULL,'17:00:00','18:00:00','out','2022-06-20 17:30:58','2022-06-20 17:33:38'),(1992,179,NULL,3,NULL,'2022-06-20',60,NULL,NULL,NULL,NULL,NULL,'append',0,0,NULL,NULL,'17:00:00','18:00:00','out','2022-06-20 17:30:58','2022-06-20 17:33:38'),(1993,179,NULL,3,NULL,'2022-06-20',60,NULL,NULL,NULL,NULL,NULL,'append',0,0,NULL,NULL,'17:00:00','18:00:00','out','2022-06-20 17:30:58','2022-06-20 17:33:38'),(1994,179,NULL,3,NULL,'2022-06-20',60,NULL,NULL,NULL,NULL,NULL,'append',0,0,NULL,NULL,'17:00:00','18:00:00','out','2022-06-20 17:30:59','2022-06-20 17:33:38'),(1995,179,NULL,3,NULL,'2022-06-20',60,NULL,NULL,NULL,NULL,NULL,'append',0,0,NULL,NULL,'17:00:00','18:00:00','out','2022-06-20 17:30:59','2022-06-20 17:33:38'),(1996,179,NULL,3,NULL,'2022-06-20',60,NULL,NULL,NULL,NULL,NULL,'append',0,0,NULL,NULL,'17:00:00','18:00:00','out','2022-06-20 17:30:59','2022-06-20 17:33:38'),(1997,179,NULL,3,NULL,'2022-06-20',60,NULL,NULL,NULL,NULL,NULL,'append',0,0,NULL,NULL,'17:00:00','18:00:00','out','2022-06-20 17:30:59','2022-06-20 17:33:38'),(1998,179,NULL,3,NULL,'2022-06-20',60,NULL,NULL,NULL,NULL,NULL,'append',0,0,NULL,NULL,'17:00:00','18:00:00','out','2022-06-20 17:30:59','2022-06-20 17:33:38'),(1999,179,NULL,3,NULL,'2022-06-20',60,NULL,NULL,NULL,NULL,NULL,'append',0,0,NULL,NULL,'17:00:00','18:00:00','out','2022-06-20 17:31:00','2022-06-20 17:33:38'),(2000,180,NULL,3,NULL,'2022-06-20',60,NULL,NULL,NULL,NULL,NULL,'append',0,0,NULL,NULL,'17:00:00','18:00:00','in','2022-06-20 17:43:28','2022-06-20 17:43:28'),(2001,180,NULL,3,NULL,'2022-06-20',60,NULL,NULL,NULL,NULL,NULL,'append',0,0,NULL,NULL,'17:00:00','18:00:00','in','2022-06-20 17:43:28','2022-06-20 17:43:28'),(2002,180,NULL,3,NULL,'2022-06-20',60,NULL,NULL,NULL,NULL,NULL,'append',0,0,NULL,NULL,'17:00:00','18:00:00','in','2022-06-20 17:43:28','2022-06-20 17:43:28'),(2003,180,NULL,3,NULL,'2022-06-20',60,NULL,NULL,NULL,NULL,NULL,'append',0,0,NULL,NULL,'17:00:00','18:00:00','in','2022-06-20 17:43:28','2022-06-20 17:43:28'),(2004,180,NULL,3,NULL,'2022-06-20',60,NULL,NULL,NULL,NULL,NULL,'append',0,0,NULL,NULL,'17:00:00','18:00:00','in','2022-06-20 17:43:28','2022-06-20 17:43:28');
/*!40000 ALTER TABLE `ticket_rev_models` ENABLE KEYS */;
UNLOCK TABLES;
COMMIT;

-- Dumped table `ticket_rev_models` with 1109 row(s)
--

--
-- Table structure for table `admins`
--

/*!40101 SET @saved_cs_client     = @@character_set_client */;
/*!40101 SET character_set_client = utf8 */;
CREATE TABLE `admins` (
  `id` bigint(20) unsigned NOT NULL AUTO_INCREMENT,
  `name` varchar(255) COLLATE utf8mb4_unicode_ci DEFAULT NULL,
  `email` varchar(255) COLLATE utf8mb4_unicode_ci DEFAULT NULL,
  `password` varchar(255) COLLATE utf8mb4_unicode_ci DEFAULT NULL,
  `photo` varchar(255) COLLATE utf8mb4_unicode_ci DEFAULT NULL,
  `created_at` timestamp NULL DEFAULT NULL,
  `updated_at` timestamp NULL DEFAULT NULL,
  PRIMARY KEY (`id`),
  UNIQUE KEY `admins_email_unique` (`email`)
) ENGINE=InnoDB AUTO_INCREMENT=17 DEFAULT CHARSET=utf8mb4 COLLATE=utf8mb4_unicode_ci;
/*!40101 SET character_set_client = @saved_cs_client */;

--
-- Dumping data for table `admins`
--

LOCK TABLES `admins` WRITE;
/*!40000 ALTER TABLE `admins` DISABLE KEYS */;
SET autocommit=0;
INSERT INTO `admins` VALUES (1,'admin','admin@admin.com','$2y$10$.JU9IVY4Tf5LvpN2UFxh3upmuTgpzWSX7Ddoqtx.k78jD5nKeWLNC',NULL,'2022-02-21 14:30:06','2022-03-06 05:57:53'),(8,'Christian Compton','bykogofi@mailinator.com','$2y$10$n7skrXAiEgdYuzroqZdqt.QJ0s4fqMxG4uewXxPrPe6lC59FgjneW','assets/uploads/admins/98411645539298.jpg','2022-02-22 12:14:58','2022-02-22 12:14:58'),(10,'Wynne Gutierrez','lyxuzapo@mailinator.com','$2y$10$4ACs1Cs5zWN8SNwXtV9s7.3GqsHmdOFl5zLOry71ZgNh6o43AgBjO','assets/uploads/admins/3321645539392.jpg','2022-02-22 12:16:33','2022-02-22 12:16:33'),(11,'Noelle Barker','hasal@mailinator.com','$2y$10$LwOsMgZKAOofXm5/JVIZUeMmNh957yeE8MNasQOZ85piuHHfTewNa',NULL,'2022-02-22 12:25:16','2022-02-22 12:25:16'),(12,'Mohamed','mohamed@yahoo.com','$2y$10$CzCvP8Fa3KRImfHyyvyXYOd6faoV/UBx3LuuOTuu3AoJZ7tLw8drS',NULL,'2022-02-23 05:03:48','2022-02-23 05:03:48'),(16,'Hayden Huber','donyt@mailinator.com','$2y$10$koJ74E4k27KVzZSSzGUC3uld/iM6iVnxB7cetPmNPNKr0zaIurLkq',NULL,'2022-06-16 00:42:00','2022-06-16 00:42:00');
/*!40000 ALTER TABLE `admins` ENABLE KEYS */;
UNLOCK TABLES;
COMMIT;

-- Dumped table `admins` with 6 row(s)
--

--
-- Table structure for table `capacity_days`
--

/*!40101 SET @saved_cs_client     = @@character_set_client */;
/*!40101 SET character_set_client = utf8 */;
CREATE TABLE `capacity_days` (
  `id` bigint(20) unsigned NOT NULL AUTO_INCREMENT,
  `count` bigint(20) DEFAULT 1250,
  `status` varchar(5) COLLATE utf8mb4_unicode_ci DEFAULT '1',
  `day` date NOT NULL,
  `created_at` timestamp NULL DEFAULT NULL,
  `updated_at` timestamp NULL DEFAULT NULL,
  PRIMARY KEY (`id`)
) ENGINE=InnoDB AUTO_INCREMENT=1768 DEFAULT CHARSET=utf8mb4 COLLATE=utf8mb4_unicode_ci;
/*!40101 SET character_set_client = @saved_cs_client */;

--
-- Dumping data for table `capacity_days`
--

LOCK TABLES `capacity_days` WRITE;
/*!40000 ALTER TABLE `capacity_days` DISABLE KEYS */;
SET autocommit=0;
INSERT INTO `capacity_days` VALUES (1,60,'1','2022-02-20','2022-02-12 09:28:04','2022-02-12 09:28:04'),(2,1250,'1','2022-03-02','2022-02-12 09:28:04','2022-02-12 09:28:04'),(3,1250,'1','2022-03-03','2022-02-12 09:28:04','2022-02-12 09:28:04'),(4,1250,'1','2022-03-04','2022-02-12 09:28:04','2022-02-12 09:28:04'),(5,10,'1','2022-03-05','2022-02-12 09:28:04','2022-02-12 09:28:04'),(6,1250,'1','2022-03-06','2022-02-12 09:28:04','2022-02-12 09:28:04'),(7,1250,'1','2022-03-07','2022-02-12 09:28:04','2022-02-12 09:28:04'),(8,1250,'1','2022-03-08','2022-02-12 09:28:04','2022-02-12 09:28:04'),(9,1250,'1','2022-03-09','2022-02-12 09:28:04','2022-02-12 09:28:04'),(10,1250,'1','2022-03-10','2022-02-12 09:28:04','2022-02-12 09:28:04'),(11,1250,'1','2022-03-11','2022-02-12 09:28:04','2022-02-12 09:28:04'),(12,1250,'1','2022-03-12','2022-02-12 09:28:04','2022-02-12 09:28:04'),(13,1250,'1','2022-03-13','2022-02-12 09:28:04','2022-02-12 09:28:04'),(14,1250,'1','2022-03-14','2022-02-12 09:28:04','2022-02-12 09:28:04'),(15,1250,'1','2022-03-15','2022-02-12 09:28:04','2022-02-12 09:28:04'),(16,1250,'1','2022-03-16','2022-02-12 09:28:04','2022-02-12 09:28:04'),(17,1250,'1','2022-03-17','2022-02-12 09:28:04','2022-02-12 09:28:04'),(18,1250,'1','2022-03-18','2022-02-12 09:28:04','2022-02-12 09:28:04'),(19,1250,'1','2022-03-19','2022-02-12 09:28:04','2022-02-12 09:28:04'),(20,1250,'1','2022-03-20','2022-02-12 09:28:04','2022-02-12 09:28:04'),(21,1250,'1','2022-03-21','2022-02-12 09:28:04','2022-02-12 09:28:04'),(22,1250,'1','2022-03-22','2022-02-12 09:28:04','2022-02-12 09:28:04'),(23,1250,'1','2022-03-23','2022-02-12 09:28:04','2022-02-12 09:28:04'),(24,1250,'1','2022-03-24','2022-02-12 09:28:04','2022-02-12 09:28:04'),(25,1250,'1','2022-03-25','2022-02-12 09:28:04','2022-02-12 09:28:04'),(26,1250,'1','2022-03-26','2022-02-12 09:28:04','2022-02-12 09:28:04'),(27,1250,'1','2022-03-27','2022-02-12 09:28:04','2022-02-12 09:28:04'),(28,1250,'1','2022-03-28','2022-02-12 09:28:04','2022-02-12 09:28:04'),(29,1250,'1','2022-03-29','2022-02-12 09:28:04','2022-02-12 09:28:04'),(30,1250,'1','2022-03-30','2022-02-12 09:28:04','2022-02-12 09:28:04'),(31,1250,'1','2022-03-31','2022-02-12 09:28:04','2022-02-12 09:28:04'),(32,1250,'1','2022-04-01','2022-02-12 09:28:04','2022-02-12 09:28:04'),(33,1250,'1','2022-04-02','2022-02-12 09:28:04','2022-02-12 09:28:04'),(34,1250,'1','2022-04-03','2022-02-12 09:28:04','2022-02-12 09:28:04'),(35,1250,'1','2022-04-04','2022-02-12 09:28:04','2022-02-12 09:28:04'),(36,1250,'1','2022-04-05','2022-02-12 09:28:04','2022-02-12 09:28:04'),(37,1250,'1','2022-04-06','2022-02-12 09:28:04','2022-02-12 09:28:04'),(38,1250,'1','2022-04-07','2022-02-12 09:28:04','2022-02-12 09:28:04'),(39,1250,'1','2022-04-08','2022-02-12 09:28:04','2022-02-12 09:28:04'),(40,1250,'1','2022-04-09','2022-02-12 09:28:04','2022-02-12 09:28:04'),(41,1250,'1','2022-04-10','2022-02-12 09:28:04','2022-02-12 09:28:04'),(42,1250,'1','2022-04-11','2022-02-12 09:28:04','2022-02-12 09:28:04'),(43,1250,'1','2022-04-12','2022-02-12 09:28:04','2022-02-12 09:28:04'),(44,1250,'1','2022-04-13','2022-02-12 09:28:04','2022-02-12 09:28:04'),(45,1250,'1','2022-04-14','2022-02-12 09:28:04','2022-02-12 09:28:04'),(46,1250,'1','2022-04-15','2022-02-12 09:28:04','2022-02-12 09:28:04'),(47,1250,'1','2022-04-16','2022-02-12 09:28:04','2022-02-12 09:28:04'),(48,1250,'1','2022-04-17','2022-02-12 09:28:04','2022-02-12 09:28:04'),(49,1250,'1','2022-04-18','2022-02-12 09:28:04','2022-02-12 09:28:04'),(50,1250,'1','2022-04-19','2022-02-12 09:28:04','2022-02-12 09:28:04'),(51,1250,'1','2022-04-20','2022-02-12 09:28:04','2022-02-12 09:28:04'),(52,1250,'1','2022-04-21','2022-02-12 09:28:04','2022-02-12 09:28:04'),(53,1250,'1','2022-04-22','2022-02-12 09:28:04','2022-02-12 09:28:04'),(54,1250,'1','2022-04-23','2022-02-12 09:28:04','2022-02-12 09:28:04'),(55,1250,'1','2022-04-24','2022-02-12 09:28:04','2022-02-12 09:28:04'),(56,1250,'1','2022-04-25','2022-02-12 09:28:04','2022-02-12 09:28:04'),(57,1250,'1','2022-04-26','2022-02-12 09:28:04','2022-02-12 09:28:04'),(58,1250,'1','2022-04-27','2022-02-12 09:28:04','2022-02-12 09:28:04'),(59,1250,'1','2022-04-28','2022-02-12 09:28:04','2022-02-12 09:28:04'),(60,1250,'1','2022-04-29','2022-02-12 09:28:04','2022-02-12 09:28:04'),(61,1250,'1','2022-04-30','2022-02-12 09:28:04','2022-02-12 09:28:04'),(62,1250,'1','2022-05-01','2022-02-12 09:28:04','2022-02-12 09:28:04'),(63,1250,'1','2022-05-02','2022-02-12 09:28:04','2022-02-12 09:28:04'),(64,1250,'1','2022-05-03','2022-02-12 09:28:04','2022-02-12 09:28:04'),(65,1250,'1','2022-05-04','2022-02-12 09:28:04','2022-02-12 09:28:04'),(66,1250,'1','2022-05-05','2022-02-12 09:28:04','2022-02-12 09:28:04'),(67,1250,'1','2022-05-06','2022-02-12 09:28:04','2022-02-12 09:28:04'),(68,1250,'1','2022-05-07','2022-02-12 09:28:04','2022-02-12 09:28:04'),(69,1250,'1','2022-05-08','2022-02-12 09:28:04','2022-02-12 09:28:04'),(70,1250,'1','2022-05-09','2022-02-12 09:28:04','2022-02-12 09:28:04'),(71,1250,'1','2022-05-10','2022-02-12 09:28:04','2022-02-12 09:28:04'),(72,1250,'1','2022-05-11','2022-02-12 09:28:04','2022-02-12 09:28:04'),(73,1250,'1','2022-05-12','2022-02-12 09:28:04','2022-02-12 09:28:04'),(74,1250,'1','2022-05-13','2022-02-12 09:28:04','2022-02-12 09:28:04'),(75,1250,'1','2022-05-14','2022-02-12 09:28:04','2022-02-12 09:28:04'),(76,1250,'1','2022-05-15','2022-02-12 09:28:04','2022-02-12 09:28:04'),(77,1250,'1','2022-05-16','2022-02-12 09:28:04','2022-02-12 09:28:04'),(78,1250,'1','2022-05-17','2022-02-12 09:28:04','2022-02-12 09:28:04'),(79,1250,'1','2022-05-18','2022-02-12 09:28:04','2022-02-12 09:28:04'),(80,1250,'1','2022-05-19','2022-02-12 09:28:04','2022-02-12 09:28:04'),(81,1250,'1','2022-05-20','2022-02-12 09:28:04','2022-02-12 09:28:04'),(82,1250,'1','2022-05-21','2022-02-12 09:28:04','2022-02-12 09:28:04'),(83,1250,'1','2022-05-22','2022-02-12 09:28:04','2022-02-12 09:28:04'),(84,1250,'1','2022-05-23','2022-02-12 09:28:04','2022-02-12 09:28:04'),(85,1250,'1','2022-05-24','2022-02-12 09:28:04','2022-02-12 09:28:04'),(86,1250,'1','2022-05-25','2022-02-12 09:28:04','2022-02-12 09:28:04'),(87,1250,'1','2022-05-26','2022-02-12 09:28:04','2022-02-12 09:28:04'),(88,1250,'1','2022-05-27','2022-02-12 09:28:04','2022-02-12 09:28:04'),(89,1250,'1','2022-05-28','2022-02-12 09:28:04','2022-02-12 09:28:04'),(90,1250,'1','2022-05-29','2022-02-12 09:28:04','2022-02-12 09:28:04'),(91,1250,'1','2022-05-30','2022-02-12 09:28:04','2022-02-12 09:28:04'),(92,1250,'1','2022-05-31','2022-02-12 09:28:04','2022-02-12 09:28:04'),(93,1250,'1','2022-06-01','2022-02-12 09:28:04','2022-02-12 09:28:04'),(94,1250,'1','2022-06-02','2022-02-12 09:28:04','2022-02-12 09:28:04'),(95,1250,'1','2022-06-03','2022-02-12 09:28:04','2022-02-12 09:28:04'),(96,1250,'1','2022-06-04','2022-02-12 09:28:04','2022-02-12 09:28:04'),(97,1250,'1','2022-06-05','2022-02-12 09:28:04','2022-02-12 09:28:04'),(98,1250,'1','2022-06-06','2022-02-12 09:28:04','2022-02-12 09:28:04'),(99,1250,'1','2022-06-07','2022-02-12 09:28:04','2022-02-12 09:28:04'),(100,1250,'1','2022-06-08','2022-02-12 09:28:04','2022-02-12 09:28:04'),(101,1250,'1','2022-06-09','2022-02-12 09:28:04','2022-02-12 09:28:04'),(102,1250,'1','2022-06-10','2022-02-12 09:28:04','2022-02-12 09:28:04'),(103,1250,'1','2022-06-11','2022-02-12 09:28:04','2022-02-12 09:28:04'),(104,1250,'1','2022-06-12','2022-02-12 09:28:04','2022-02-12 09:28:04'),(105,1250,'1','2022-06-13','2022-02-12 09:28:04','2022-02-12 09:28:04'),(106,1250,'1','2022-06-14','2022-02-12 09:28:04','2022-02-12 09:28:04'),(107,1250,'1','2022-06-15','2022-02-12 09:28:04','2022-02-12 09:28:04'),(108,1250,'1','2022-06-16','2022-02-12 09:28:04','2022-02-12 09:28:04'),(109,1250,'1','2022-06-17','2022-02-12 09:28:04','2022-02-12 09:28:04'),(110,1250,'1','2022-06-18','2022-02-12 09:28:04','2022-02-12 09:28:04'),(111,1250,'1','2022-06-19','2022-02-12 09:28:04','2022-02-12 09:28:04'),(112,1250,'1','2022-06-20','2022-02-12 09:28:05','2022-02-12 09:28:05'),(113,1250,'1','2022-06-21','2022-02-12 09:28:05','2022-02-12 09:28:05'),(114,1250,'1','2022-06-22','2022-02-12 09:28:05','2022-02-12 09:28:05'),(115,1250,'1','2022-06-23','2022-02-12 09:28:05','2022-02-12 09:28:05'),(116,1250,'1','2022-06-24','2022-02-12 09:28:05','2022-02-12 09:28:05'),(117,1250,'1','2022-06-25','2022-02-12 09:28:05','2022-02-12 09:28:05'),(118,1250,'1','2022-06-26','2022-02-12 09:28:05','2022-02-12 09:28:05'),(119,1250,'1','2022-06-27','2022-02-12 09:28:05','2022-02-12 09:28:05'),(120,1250,'1','2022-06-28','2022-02-12 09:28:05','2022-02-12 09:28:05'),(121,1250,'1','2022-06-29','2022-02-12 09:28:05','2022-02-12 09:28:05'),(122,1250,'1','2022-06-30','2022-02-12 09:28:05','2022-02-12 09:28:05'),(123,1250,'1','2022-07-01','2022-02-12 09:28:05','2022-02-12 09:28:05'),(124,1250,'1','2022-07-02','2022-02-12 09:28:05','2022-02-12 09:28:05'),(125,1250,'1','2022-07-03','2022-02-12 09:28:05','2022-02-12 09:28:05'),(126,1250,'1','2022-07-04','2022-02-12 09:28:05','2022-02-12 09:28:05'),(127,1250,'1','2022-07-05','2022-02-12 09:28:05','2022-02-12 09:28:05'),(128,1250,'1','2022-07-06','2022-02-12 09:28:05','2022-02-12 09:28:05'),(129,1250,'1','2022-07-07','2022-02-12 09:28:05','2022-02-12 09:28:05'),(130,1250,'1','2022-07-08','2022-02-12 09:28:05','2022-02-12 09:28:05'),(131,1250,'1','2022-07-09','2022-02-12 09:28:05','2022-02-12 09:28:05'),(132,1250,'1','2022-07-10','2022-02-12 09:28:05','2022-02-12 09:28:05'),(133,1250,'1','2022-07-11','2022-02-12 09:28:05','2022-02-12 09:28:05'),(134,1250,'1','2022-07-12','2022-02-12 09:28:05','2022-02-12 09:28:05'),(135,1250,'1','2022-07-13','2022-02-12 09:28:05','2022-02-12 09:28:05'),(136,1250,'1','2022-07-14','2022-02-12 09:28:05','2022-02-12 09:28:05'),(137,1250,'1','2022-07-15','2022-02-12 09:28:05','2022-02-12 09:28:05'),(138,1250,'1','2022-07-16','2022-02-12 09:28:05','2022-02-12 09:28:05'),(139,1250,'1','2022-07-17','2022-02-12 09:28:05','2022-02-12 09:28:05'),(140,1250,'1','2022-07-18','2022-02-12 09:28:05','2022-02-12 09:28:05'),(141,1250,'1','2022-07-19','2022-02-12 09:28:05','2022-02-12 09:28:05'),(142,1250,'1','2022-07-20','2022-02-12 09:28:05','2022-02-12 09:28:05'),(143,1250,'1','2022-07-21','2022-02-12 09:28:05','2022-02-12 09:28:05'),(144,1250,'1','2022-07-22','2022-02-12 09:28:05','2022-02-12 09:28:05'),(145,1250,'1','2022-07-23','2022-02-12 09:28:05','2022-02-12 09:28:05'),(146,1250,'1','2022-07-24','2022-02-12 09:28:05','2022-02-12 09:28:05'),(147,1250,'1','2022-07-25','2022-02-12 09:28:05','2022-02-12 09:28:05'),(148,1250,'1','2022-07-26','2022-02-12 09:28:05','2022-02-12 09:28:05'),(149,1250,'1','2022-07-27','2022-02-12 09:28:05','2022-02-12 09:28:05'),(150,1250,'1','2022-07-28','2022-02-12 09:28:05','2022-02-12 09:28:05'),(151,1250,'1','2022-07-29','2022-02-12 09:28:05','2022-02-12 09:28:05'),(152,1250,'1','2022-07-30','2022-02-12 09:28:05','2022-02-12 09:28:05'),(153,1250,'1','2022-07-31','2022-02-12 09:28:05','2022-02-12 09:28:05'),(154,1250,'1','2022-08-01','2022-02-12 09:28:05','2022-02-12 09:28:05'),(155,1250,'1','2022-08-02','2022-02-12 09:28:05','2022-02-12 09:28:05'),(156,1250,'1','2022-08-03','2022-02-12 09:28:05','2022-02-12 09:28:05'),(157,1250,'1','2022-08-04','2022-02-12 09:28:05','2022-02-12 09:28:05'),(158,1250,'1','2022-08-05','2022-02-12 09:28:05','2022-02-12 09:28:05'),(159,1250,'1','2022-08-06','2022-02-12 09:28:05','2022-02-12 09:28:05'),(160,1250,'1','2022-08-07','2022-02-12 09:28:05','2022-02-12 09:28:05'),(161,1250,'1','2022-08-08','2022-02-12 09:28:05','2022-02-12 09:28:05'),(162,1250,'1','2022-08-09','2022-02-12 09:28:05','2022-02-12 09:28:05'),(163,1250,'1','2022-08-10','2022-02-12 09:28:05','2022-02-12 09:28:05'),(164,1250,'1','2022-08-11','2022-02-12 09:28:05','2022-02-12 09:28:05'),(165,1250,'1','2022-08-12','2022-02-12 09:28:05','2022-02-12 09:28:05'),(166,1250,'1','2022-08-13','2022-02-12 09:28:05','2022-02-12 09:28:05'),(167,1250,'1','2022-08-14','2022-02-12 09:28:05','2022-02-12 09:28:05'),(168,1250,'1','2022-08-15','2022-02-12 09:28:05','2022-02-12 09:28:05'),(169,1250,'1','2022-08-16','2022-02-12 09:28:05','2022-02-12 09:28:05'),(170,1250,'1','2022-08-17','2022-02-12 09:28:05','2022-02-12 09:28:05'),(171,1250,'1','2022-08-18','2022-02-12 09:28:05','2022-02-12 09:28:05'),(172,1250,'1','2022-08-19','2022-02-12 09:28:05','2022-02-12 09:28:05'),(173,1250,'1','2022-08-20','2022-02-12 09:28:05','2022-02-12 09:28:05'),(174,1250,'1','2022-08-21','2022-02-12 09:28:05','2022-02-12 09:28:05'),(175,1250,'1','2022-08-22','2022-02-12 09:28:05','2022-02-12 09:28:05'),(176,1250,'1','2022-08-23','2022-02-12 09:28:05','2022-02-12 09:28:05'),(177,1250,'1','2022-08-24','2022-02-12 09:28:05','2022-02-12 09:28:05'),(178,1250,'1','2022-08-25','2022-02-12 09:28:05','2022-02-12 09:28:05'),(179,1250,'1','2022-08-26','2022-02-12 09:28:05','2022-02-12 09:28:05'),(180,1250,'1','2022-08-27','2022-02-12 09:28:05','2022-02-12 09:28:05'),(181,1250,'1','2022-08-28','2022-02-12 09:28:05','2022-02-12 09:28:05'),(182,1250,'1','2022-08-29','2022-02-12 09:28:05','2022-02-12 09:28:05'),(183,1250,'1','2022-08-30','2022-02-12 09:28:05','2022-02-12 09:28:05'),(184,1250,'1','2022-08-31','2022-02-12 09:28:05','2022-02-12 09:28:05'),(185,1250,'1','2022-09-01','2022-02-12 09:28:05','2022-02-12 09:28:05'),(186,1250,'1','2022-09-02','2022-02-12 09:28:05','2022-02-12 09:28:05'),(187,1250,'1','2022-09-03','2022-02-12 09:28:05','2022-02-12 09:28:05'),(188,1250,'1','2022-09-04','2022-02-12 09:28:05','2022-02-12 09:28:05'),(189,1250,'1','2022-09-05','2022-02-12 09:28:05','2022-02-12 09:28:05'),(190,1250,'1','2022-09-06','2022-02-12 09:28:05','2022-02-12 09:28:05'),(191,1250,'1','2022-09-07','2022-02-12 09:28:05','2022-02-12 09:28:05'),(192,1250,'1','2022-09-08','2022-02-12 09:28:05','2022-02-12 09:28:05'),(193,1250,'1','2022-09-09','2022-02-12 09:28:05','2022-02-12 09:28:05'),(194,1250,'1','2022-09-10','2022-02-12 09:28:05','2022-02-12 09:28:05'),(195,1250,'1','2022-09-11','2022-02-12 09:28:05','2022-02-12 09:28:05'),(196,1250,'1','2022-09-12','2022-02-12 09:28:05','2022-02-12 09:28:05'),(197,1250,'1','2022-09-13','2022-02-12 09:28:05','2022-02-12 09:28:05'),(198,1250,'1','2022-09-14','2022-02-12 09:28:05','2022-02-12 09:28:05'),(199,1250,'1','2022-09-15','2022-02-12 09:28:05','2022-02-12 09:28:05'),(200,1250,'1','2022-09-16','2022-02-12 09:28:05','2022-02-12 09:28:05'),(201,1250,'1','2022-09-17','2022-02-12 09:28:05','2022-02-12 09:28:05'),(202,1250,'1','2022-09-18','2022-02-12 09:28:05','2022-02-12 09:28:05'),(203,1250,'1','2022-09-19','2022-02-12 09:28:05','2022-02-12 09:28:05'),(204,1250,'1','2022-09-20','2022-02-12 09:28:05','2022-02-12 09:28:05'),(205,1250,'1','2022-09-21','2022-02-12 09:28:05','2022-02-12 09:28:05'),(206,1250,'1','2022-09-22','2022-02-12 09:28:05','2022-02-12 09:28:05'),(207,1250,'1','2022-09-23','2022-02-12 09:28:05','2022-02-12 09:28:05'),(208,1250,'1','2022-09-24','2022-02-12 09:28:05','2022-02-12 09:28:05'),(209,1250,'1','2022-09-25','2022-02-12 09:28:05','2022-02-12 09:28:05'),(210,1250,'1','2022-09-26','2022-02-12 09:28:05','2022-02-12 09:28:05'),(211,1250,'1','2022-09-27','2022-02-12 09:28:05','2022-02-12 09:28:05'),(212,1250,'1','2022-09-28','2022-02-12 09:28:05','2022-02-12 09:28:05'),(213,1250,'1','2022-09-29','2022-02-12 09:28:05','2022-02-12 09:28:05'),(214,1250,'1','2022-09-30','2022-02-12 09:28:05','2022-02-12 09:28:05'),(215,1250,'1','2022-10-01','2022-02-12 09:28:05','2022-02-12 09:28:05'),(216,1250,'1','2022-10-02','2022-02-12 09:28:05','2022-02-12 09:28:05'),(217,1250,'1','2022-10-03','2022-02-12 09:28:05','2022-02-12 09:28:05'),(218,1250,'1','2022-10-04','2022-02-12 09:28:05','2022-02-12 09:28:05'),(219,1250,'1','2022-10-05','2022-02-12 09:28:05','2022-02-12 09:28:05'),(220,1250,'1','2022-10-06','2022-02-12 09:28:05','2022-02-12 09:28:05'),(221,1250,'1','2022-10-07','2022-02-12 09:28:05','2022-02-12 09:28:05'),(222,1250,'1','2022-10-08','2022-02-12 09:28:05','2022-02-12 09:28:05'),(223,1250,'1','2022-10-09','2022-02-12 09:28:05','2022-02-12 09:28:05'),(224,1250,'1','2022-10-10','2022-02-12 09:28:05','2022-02-12 09:28:05'),(225,1250,'1','2022-10-11','2022-02-12 09:28:05','2022-02-12 09:28:05'),(226,1250,'1','2022-10-12','2022-02-12 09:28:05','2022-02-12 09:28:05'),(227,1250,'1','2022-10-13','2022-02-12 09:28:05','2022-02-12 09:28:05'),(228,1250,'1','2022-10-14','2022-02-12 09:28:05','2022-02-12 09:28:05'),(229,1250,'1','2022-10-15','2022-02-12 09:28:05','2022-02-12 09:28:05'),(230,1250,'1','2022-10-16','2022-02-12 09:28:05','2022-02-12 09:28:05'),(231,1250,'1','2022-10-17','2022-02-12 09:28:05','2022-02-12 09:28:05'),(232,1250,'1','2022-10-18','2022-02-12 09:28:05','2022-02-12 09:28:05'),(233,1250,'1','2022-10-19','2022-02-12 09:28:05','2022-02-12 09:28:05'),(234,1250,'1','2022-10-20','2022-02-12 09:28:05','2022-02-12 09:28:05'),(235,1250,'1','2022-10-21','2022-02-12 09:28:05','2022-02-12 09:28:05'),(236,1250,'1','2022-10-22','2022-02-12 09:28:05','2022-02-12 09:28:05'),(237,1250,'1','2022-10-23','2022-02-12 09:28:05','2022-02-12 09:28:05'),(238,1250,'1','2022-10-24','2022-02-12 09:28:05','2022-02-12 09:28:05'),(239,1250,'1','2022-10-25','2022-02-12 09:28:05','2022-02-12 09:28:05'),(240,1250,'1','2022-10-26','2022-02-12 09:28:05','2022-02-12 09:28:05'),(241,1250,'1','2022-10-27','2022-02-12 09:28:05','2022-02-12 09:28:05'),(242,1250,'1','2022-10-28','2022-02-12 09:28:05','2022-02-12 09:28:05'),(243,1250,'1','2022-10-29','2022-02-12 09:28:05','2022-02-12 09:28:05'),(244,1250,'1','2022-10-30','2022-02-12 09:28:05','2022-02-12 09:28:05'),(245,1250,'1','2022-10-31','2022-02-12 09:28:05','2022-02-12 09:28:05'),(246,1250,'1','2022-11-01','2022-02-12 09:28:05','2022-02-12 09:28:05'),(247,1250,'1','2022-11-02','2022-02-12 09:28:05','2022-02-12 09:28:05'),(248,1250,'1','2022-11-03','2022-02-12 09:28:05','2022-02-12 09:28:05'),(249,1250,'1','2022-11-04','2022-02-12 09:28:05','2022-02-12 09:28:05'),(250,1250,'1','2022-11-05','2022-02-12 09:28:05','2022-02-12 09:28:05'),(251,1250,'1','2022-11-06','2022-02-12 09:28:05','2022-02-12 09:28:05'),(252,1250,'1','2022-11-07','2022-02-12 09:28:05','2022-02-12 09:28:05'),(253,1250,'1','2022-11-08','2022-02-12 09:28:05','2022-02-12 09:28:05'),(254,1250,'1','2022-11-09','2022-02-12 09:28:05','2022-02-12 09:28:05'),(255,1250,'1','2022-11-10','2022-02-12 09:28:05','2022-02-12 09:28:05'),(256,1250,'1','2022-11-11','2022-02-12 09:28:05','2022-02-12 09:28:05'),(257,1250,'1','2022-11-12','2022-02-12 09:28:05','2022-02-12 09:28:05'),(258,1250,'1','2022-11-13','2022-02-12 09:28:05','2022-02-12 09:28:05'),(259,1250,'1','2022-11-14','2022-02-12 09:28:05','2022-02-12 09:28:05'),(260,1250,'1','2022-11-15','2022-02-12 09:28:05','2022-02-12 09:28:05'),(261,1250,'1','2022-11-16','2022-02-12 09:28:05','2022-02-12 09:28:05'),(262,1250,'1','2022-11-17','2022-02-12 09:28:05','2022-02-12 09:28:05'),(263,1250,'1','2022-11-18','2022-02-12 09:28:05','2022-02-12 09:28:05'),(264,1250,'1','2022-11-19','2022-02-12 09:28:05','2022-02-12 09:28:05'),(265,1250,'1','2022-11-20','2022-02-12 09:28:05','2022-02-12 09:28:05'),(266,1250,'1','2022-11-21','2022-02-12 09:28:05','2022-02-12 09:28:05'),(267,1250,'1','2022-11-22','2022-02-12 09:28:05','2022-02-12 09:28:05'),(268,1250,'1','2022-11-23','2022-02-12 09:28:05','2022-02-12 09:28:05'),(269,1250,'1','2022-11-24','2022-02-12 09:28:05','2022-02-12 09:28:05'),(270,1250,'1','2022-11-25','2022-02-12 09:28:05','2022-02-12 09:28:05'),(271,1250,'1','2022-11-26','2022-02-12 09:28:05','2022-02-12 09:28:05'),(272,1250,'1','2022-11-27','2022-02-12 09:28:05','2022-02-12 09:28:05'),(273,1250,'1','2022-11-28','2022-02-12 09:28:05','2022-02-12 09:28:05'),(274,1250,'1','2022-11-29','2022-02-12 09:28:05','2022-02-12 09:28:05'),(275,1250,'1','2022-11-30','2022-02-12 09:28:05','2022-02-12 09:28:05'),(276,1250,'1','2022-12-01','2022-02-12 09:28:05','2022-02-12 09:28:05'),(277,1250,'1','2022-12-02','2022-02-12 09:28:05','2022-02-12 09:28:05'),(278,1250,'1','2022-12-03','2022-02-12 09:28:05','2022-02-12 09:28:05'),(279,1250,'1','2022-12-04','2022-02-12 09:28:05','2022-02-12 09:28:05'),(280,1250,'1','2022-12-05','2022-02-12 09:28:05','2022-02-12 09:28:05'),(281,1250,'1','2022-12-06','2022-02-12 09:28:05','2022-02-12 09:28:05'),(282,1250,'1','2022-12-07','2022-02-12 09:28:05','2022-02-12 09:28:05'),(283,1250,'1','2022-12-08','2022-02-12 09:28:05','2022-02-12 09:28:05'),(284,1250,'1','2022-12-09','2022-02-12 09:28:05','2022-02-12 09:28:05'),(285,1250,'1','2022-12-10','2022-02-12 09:28:05','2022-02-12 09:28:05'),(286,1250,'1','2022-12-11','2022-02-12 09:28:05','2022-02-12 09:28:05'),(287,1250,'1','2022-12-12','2022-02-12 09:28:05','2022-02-12 09:28:05'),(288,1250,'1','2022-12-13','2022-02-12 09:28:05','2022-02-12 09:28:05'),(289,1250,'1','2022-12-14','2022-02-12 09:28:05','2022-02-12 09:28:05'),(290,1250,'1','2022-12-15','2022-02-12 09:28:05','2022-02-12 09:28:05'),(291,1250,'1','2022-12-16','2022-02-12 09:28:05','2022-02-12 09:28:05'),(292,1250,'1','2022-12-17','2022-02-12 09:28:05','2022-02-12 09:28:05'),(293,1250,'1','2022-12-18','2022-02-12 09:28:05','2022-02-12 09:28:05'),(294,1250,'1','2022-12-19','2022-02-12 09:28:05','2022-02-12 09:28:05'),(295,1250,'1','2022-12-20','2022-02-12 09:28:05','2022-02-12 09:28:05'),(296,1250,'1','2022-12-21','2022-02-12 09:28:05','2022-02-12 09:28:05'),(297,1250,'1','2022-12-22','2022-02-12 09:28:05','2022-02-12 09:28:05'),(298,1250,'1','2022-12-23','2022-02-12 09:28:05','2022-02-12 09:28:05'),(299,1250,'1','2022-12-24','2022-02-12 09:28:05','2022-02-12 09:28:05'),(300,1250,'1','2022-12-25','2022-02-12 09:28:05','2022-02-12 09:28:05'),(301,1250,'1','2022-12-26','2022-02-12 09:28:05','2022-02-12 09:28:05'),(302,1250,'1','2022-12-27','2022-02-12 09:28:05','2022-02-12 09:28:05'),(303,1250,'1','2022-12-28','2022-02-12 09:28:05','2022-02-12 09:28:05'),(304,1250,'1','2022-12-29','2022-02-12 09:28:05','2022-02-12 09:28:05'),(305,1250,'1','2022-12-30','2022-02-12 09:28:05','2022-02-12 09:28:05'),(306,1250,'1','2022-12-31','2022-02-12 09:28:05','2022-02-12 09:28:05'),(307,1250,'1','2022-02-01','2022-02-12 09:28:24','2022-02-12 09:28:24'),(308,1250,'1','2022-02-02','2022-02-12 09:28:24','2022-02-12 09:28:24'),(309,1250,'1','2022-02-03','2022-02-12 09:28:24','2022-02-12 09:28:24'),(310,1250,'1','2022-02-04','2022-02-12 09:28:24','2022-02-12 09:28:24'),(311,1250,'1','2022-02-05','2022-02-12 09:28:24','2022-02-12 09:28:24'),(312,1250,'1','2022-02-06','2022-02-12 09:28:24','2022-02-12 09:28:24'),(313,1250,'1','2022-02-07','2022-02-12 09:28:24','2022-02-12 09:28:24'),(314,1250,'1','2022-02-08','2022-02-12 09:28:24','2022-02-12 09:28:24'),(315,1250,'1','2022-02-09','2022-02-12 09:28:24','2022-02-12 09:28:24'),(316,1250,'1','2022-02-10','2022-02-12 09:28:24','2022-02-12 09:28:24'),(317,1250,'1','2022-02-11','2022-02-12 09:28:24','2022-02-12 09:28:24'),(318,1250,'1','2022-02-12','2022-02-12 09:28:24','2022-02-12 09:28:24'),(319,1250,'1','2022-02-13','2022-02-12 09:28:24','2022-02-12 09:28:24'),(320,1250,'1','2022-02-14','2022-02-12 09:28:24','2022-02-12 09:28:24'),(321,1250,'1','2022-02-15','2022-02-12 09:28:24','2022-02-12 09:28:24'),(322,1250,'1','2022-02-16','2022-02-12 09:28:24','2022-02-12 09:28:24'),(323,1250,'1','2022-02-17','2022-02-12 09:28:24','2022-02-12 09:28:24'),(324,1250,'1','2022-02-18','2022-02-12 09:28:24','2022-02-12 09:28:24'),(325,1250,'1','2022-02-19','2022-02-12 09:28:24','2022-02-12 09:28:24'),(326,1250,'1','2022-02-20','2022-02-12 09:28:24','2022-02-12 09:28:24'),(327,1250,'1','2022-02-21','2022-02-12 09:28:24','2022-02-12 09:28:24'),(328,1250,'1','2022-02-22','2022-02-12 09:28:24','2022-02-12 09:28:24'),(329,1250,'1','2022-02-23','2022-02-12 09:28:24','2022-02-12 09:28:24'),(330,1250,'1','2022-02-24','2022-02-12 09:28:24','2022-02-12 09:28:24'),(331,1250,'1','2022-02-25','2022-02-12 09:28:24','2022-02-12 09:28:24'),(332,1250,'1','2022-02-26','2022-02-12 09:28:24','2022-02-12 09:28:24'),(333,1250,'1','2022-02-27','2022-02-12 09:28:24','2022-02-12 09:28:24'),(334,1250,'1','2022-02-28','2022-02-12 09:28:24','2022-02-12 09:28:24'),(335,1250,'1','2022-01-01','2022-02-12 09:28:36','2022-02-12 09:28:36'),(336,1250,'1','2022-01-02','2022-02-12 09:28:36','2022-02-12 09:28:36'),(337,1250,'1','2022-01-03','2022-02-12 09:28:36','2022-02-12 09:28:36'),(338,1250,'1','2022-01-04','2022-02-12 09:28:36','2022-02-12 09:28:36'),(339,1250,'1','2022-01-05','2022-02-12 09:28:36','2022-02-12 09:28:36'),(340,1250,'1','2022-01-06','2022-02-12 09:28:36','2022-02-12 09:28:36'),(341,1250,'1','2022-01-07','2022-02-12 09:28:36','2022-02-12 09:28:36'),(342,1250,'1','2022-01-08','2022-02-12 09:28:36','2022-02-12 09:28:36'),(343,1250,'1','2022-01-09','2022-02-12 09:28:36','2022-02-12 09:28:36'),(344,1250,'1','2022-01-10','2022-02-12 09:28:36','2022-02-12 09:28:36'),(345,1250,'1','2022-01-11','2022-02-12 09:28:36','2022-02-12 09:28:36'),(346,1250,'1','2022-01-12','2022-02-12 09:28:36','2022-02-12 09:28:36'),(347,1250,'1','2022-01-13','2022-02-12 09:28:36','2022-02-12 09:28:36'),(348,1250,'1','2022-01-14','2022-02-12 09:28:36','2022-02-12 09:28:36'),(349,1250,'1','2022-01-15','2022-02-12 09:28:36','2022-02-12 09:28:36'),(350,1250,'1','2022-01-16','2022-02-12 09:28:36','2022-02-12 09:28:36'),(351,1250,'1','2022-01-17','2022-02-12 09:28:36','2022-02-12 09:28:36'),(352,1250,'1','2022-01-18','2022-02-12 09:28:36','2022-02-12 09:28:36'),(353,1250,'1','2022-01-19','2022-02-12 09:28:36','2022-02-12 09:28:36'),(354,1250,'1','2022-01-20','2022-02-12 09:28:36','2022-02-12 09:28:36'),(355,1250,'1','2022-01-21','2022-02-12 09:28:36','2022-02-12 09:28:36'),(356,1250,'1','2022-01-22','2022-02-12 09:28:36','2022-02-12 09:28:36'),(357,1250,'1','2022-01-23','2022-02-12 09:28:36','2022-02-12 09:28:36'),(358,1250,'1','2022-01-24','2022-02-12 09:28:36','2022-02-12 09:28:36'),(359,1250,'1','2022-01-25','2022-02-12 09:28:36','2022-02-12 09:28:36'),(360,1250,'1','2022-01-26','2022-02-12 09:28:36','2022-02-12 09:28:36'),(361,1250,'1','2022-01-27','2022-02-12 09:28:36','2022-02-12 09:28:36'),(362,1250,'1','2022-01-28','2022-02-12 09:28:36','2022-02-12 09:28:36'),(363,1250,'1','2022-01-29','2022-02-12 09:28:36','2022-02-12 09:28:36'),(364,1250,'1','2022-01-30','2022-02-12 09:28:36','2022-02-12 09:28:36'),(365,1250,'1','2022-01-31','2022-02-12 09:28:36','2022-02-12 09:28:36'),(366,1250,'1','2023-01-01','2022-02-12 09:41:37','2022-02-12 09:41:37'),(367,1250,'1','2023-01-02','2022-02-12 09:41:37','2022-02-12 09:41:37'),(368,1250,'1','2023-01-03','2022-02-12 09:41:37','2022-02-12 09:41:37'),(369,1250,'1','2023-01-04','2022-02-12 09:41:37','2022-02-12 09:41:37'),(370,1250,'1','2023-01-05','2022-02-12 09:41:37','2022-02-12 09:41:37'),(371,1250,'1','2023-01-06','2022-02-12 09:41:37','2022-02-12 09:41:37'),(372,1250,'1','2023-01-07','2022-02-12 09:41:37','2022-02-12 09:41:37'),(373,1250,'1','2023-01-08','2022-02-12 09:41:37','2022-02-12 09:41:37'),(374,1250,'1','2023-01-09','2022-02-12 09:41:37','2022-02-12 09:41:37'),(375,1250,'1','2023-01-10','2022-02-12 09:41:37','2022-02-12 09:41:37'),(376,1250,'1','2023-01-11','2022-02-12 09:41:37','2022-02-12 09:41:37'),(377,1250,'1','2023-01-12','2022-02-12 09:41:37','2022-02-12 09:41:37'),(378,1250,'1','2023-01-13','2022-02-12 09:41:37','2022-02-12 09:41:37'),(379,1250,'1','2023-01-14','2022-02-12 09:41:37','2022-02-12 09:41:37'),(380,1250,'1','2023-01-15','2022-02-12 09:41:37','2022-02-12 09:41:37'),(381,1250,'1','2023-01-16','2022-02-12 09:41:37','2022-02-12 09:41:37'),(382,1250,'1','2023-01-17','2022-02-12 09:41:37','2022-02-12 09:41:37'),(383,1250,'1','2023-01-18','2022-02-12 09:41:37','2022-02-12 09:41:37'),(384,1250,'1','2023-01-19','2022-02-12 09:41:37','2022-02-12 09:41:37'),(385,1250,'1','2023-01-20','2022-02-12 09:41:37','2022-02-12 09:41:37'),(386,1250,'1','2023-01-21','2022-02-12 09:41:37','2022-02-12 09:41:37'),(387,1250,'1','2023-01-22','2022-02-12 09:41:37','2022-02-12 09:41:37'),(388,1250,'1','2023-01-23','2022-02-12 09:41:37','2022-02-12 09:41:37'),(389,1250,'1','2023-01-24','2022-02-12 09:41:37','2022-02-12 09:41:37'),(390,1250,'1','2023-01-25','2022-02-12 09:41:37','2022-02-12 09:41:37'),(391,1250,'1','2023-01-26','2022-02-12 09:41:37','2022-02-12 09:41:37'),(392,1250,'1','2023-01-27','2022-02-12 09:41:37','2022-02-12 09:41:37'),(393,1250,'1','2023-01-28','2022-02-12 09:41:37','2022-02-12 09:41:37'),(394,1250,'1','2023-01-29','2022-02-12 09:41:37','2022-02-12 09:41:37'),(395,1250,'1','2023-01-30','2022-02-12 09:41:37','2022-02-12 09:41:37'),(396,1250,'1','2023-01-31','2022-02-12 09:41:37','2022-02-12 09:41:37'),(397,1250,'1','2023-02-01','2022-02-12 09:41:37','2022-02-12 09:41:37'),(398,1250,'1','2023-02-02','2022-02-12 09:41:37','2022-02-12 09:41:37'),(399,1250,'1','2023-02-03','2022-02-12 09:41:37','2022-02-12 09:41:37'),(400,1250,'1','2023-02-04','2022-02-12 09:41:37','2022-02-12 09:41:37'),(401,1250,'1','2023-02-05','2022-02-12 09:41:37','2022-02-12 09:41:37'),(402,1250,'1','2023-02-06','2022-02-12 09:41:37','2022-02-12 09:41:37'),(403,1250,'1','2023-02-07','2022-02-12 09:41:37','2022-02-12 09:41:37'),(404,1250,'1','2023-02-08','2022-02-12 09:41:37','2022-02-12 09:41:37'),(405,1250,'1','2023-02-09','2022-02-12 09:41:37','2022-02-12 09:41:37'),(406,1250,'1','2023-02-10','2022-02-12 09:41:37','2022-02-12 09:41:37'),(407,1250,'1','2023-02-11','2022-02-12 09:41:37','2022-02-12 09:41:37'),(408,1250,'1','2023-02-12','2022-02-12 09:41:37','2022-02-12 09:41:37'),(409,1250,'1','2023-02-13','2022-02-12 09:41:37','2022-02-12 09:41:37'),(410,1250,'1','2023-02-14','2022-02-12 09:41:37','2022-02-12 09:41:37'),(411,1250,'1','2023-02-15','2022-02-12 09:41:37','2022-02-12 09:41:37'),(412,1250,'1','2023-02-16','2022-02-12 09:41:37','2022-02-12 09:41:37'),(413,1250,'1','2023-02-17','2022-02-12 09:41:37','2022-02-12 09:41:37'),(414,1250,'1','2023-02-18','2022-02-12 09:41:37','2022-02-12 09:41:37'),(415,1250,'1','2023-02-19','2022-02-12 09:41:37','2022-02-12 09:41:37'),(416,1250,'1','2023-02-20','2022-02-12 09:41:37','2022-02-12 09:41:37'),(417,1250,'1','2023-02-21','2022-02-12 09:41:37','2022-02-12 09:41:37'),(418,1250,'1','2023-02-22','2022-02-12 09:41:37','2022-02-12 09:41:37'),(419,1250,'1','2023-02-23','2022-02-12 09:41:37','2022-02-12 09:41:37'),(420,1250,'1','2023-02-24','2022-02-12 09:41:37','2022-02-12 09:41:37'),(421,1250,'1','2023-02-25','2022-02-12 09:41:37','2022-02-12 09:41:37'),(422,1250,'1','2023-02-26','2022-02-12 09:41:37','2022-02-12 09:41:37'),(423,1250,'1','2023-02-27','2022-02-12 09:41:37','2022-02-12 09:41:37'),(424,1250,'1','2023-02-28','2022-02-12 09:41:37','2022-02-12 09:41:37'),(425,1250,'1','2023-03-01','2022-02-12 09:41:37','2022-02-12 09:41:37'),(426,1250,'1','2023-03-02','2022-02-12 09:41:37','2022-02-12 09:41:37'),(427,1250,'1','2023-03-03','2022-02-12 09:41:37','2022-02-12 09:41:37'),(428,1250,'1','2023-03-04','2022-02-12 09:41:37','2022-02-12 09:41:37'),(429,1250,'1','2023-03-05','2022-02-12 09:41:37','2022-02-12 09:41:37'),(430,1250,'1','2023-03-06','2022-02-12 09:41:37','2022-02-12 09:41:37'),(431,1250,'1','2023-03-07','2022-02-12 09:41:37','2022-02-12 09:41:37'),(432,1250,'1','2023-03-08','2022-02-12 09:41:37','2022-02-12 09:41:37'),(433,1250,'1','2023-03-09','2022-02-12 09:41:37','2022-02-12 09:41:37'),(434,1250,'1','2023-03-10','2022-02-12 09:41:37','2022-02-12 09:41:37'),(435,1250,'1','2023-03-11','2022-02-12 09:41:37','2022-02-12 09:41:37'),(436,1250,'1','2023-03-12','2022-02-12 09:41:37','2022-02-12 09:41:37'),(437,1250,'1','2023-03-13','2022-02-12 09:41:37','2022-02-12 09:41:37'),(438,1250,'1','2023-03-14','2022-02-12 09:41:37','2022-02-12 09:41:37'),(439,1250,'1','2023-03-15','2022-02-12 09:41:37','2022-02-12 09:41:37'),(440,1250,'1','2023-03-16','2022-02-12 09:41:37','2022-02-12 09:41:37'),(441,1250,'1','2023-03-17','2022-02-12 09:41:37','2022-02-12 09:41:37'),(442,1250,'1','2023-03-18','2022-02-12 09:41:37','2022-02-12 09:41:37'),(443,1250,'1','2023-03-19','2022-02-12 09:41:37','2022-02-12 09:41:37'),(444,1250,'1','2023-03-20','2022-02-12 09:41:37','2022-02-12 09:41:37'),(445,1250,'1','2023-03-21','2022-02-12 09:41:37','2022-02-12 09:41:37'),(446,1250,'1','2023-03-22','2022-02-12 09:41:37','2022-02-12 09:41:37'),(447,1250,'1','2023-03-23','2022-02-12 09:41:37','2022-02-12 09:41:37'),(448,1250,'1','2023-03-24','2022-02-12 09:41:37','2022-02-12 09:41:37'),(449,1250,'1','2023-03-25','2022-02-12 09:41:37','2022-02-12 09:41:37'),(450,1250,'1','2023-03-26','2022-02-12 09:41:37','2022-02-12 09:41:37'),(451,1250,'1','2023-03-27','2022-02-12 09:41:37','2022-02-12 09:41:37'),(452,1250,'1','2023-03-28','2022-02-12 09:41:37','2022-02-12 09:41:37'),(453,1250,'1','2023-03-29','2022-02-12 09:41:37','2022-02-12 09:41:37'),(454,1250,'1','2023-03-30','2022-02-12 09:41:37','2022-02-12 09:41:37'),(455,1250,'1','2023-03-31','2022-02-12 09:41:37','2022-02-12 09:41:37'),(456,1250,'1','2023-04-01','2022-02-12 09:41:37','2022-02-12 09:41:37'),(457,1250,'1','2023-04-02','2022-02-12 09:41:37','2022-02-12 09:41:37'),(458,1250,'1','2023-04-03','2022-02-12 09:41:37','2022-02-12 09:41:37'),(459,1250,'1','2023-04-04','2022-02-12 09:41:37','2022-02-12 09:41:37'),(460,1250,'1','2023-04-05','2022-02-12 09:41:37','2022-02-12 09:41:37'),(461,1250,'1','2023-04-06','2022-02-12 09:41:37','2022-02-12 09:41:37'),(462,1250,'1','2023-04-07','2022-02-12 09:41:37','2022-02-12 09:41:37'),(463,1250,'1','2023-04-08','2022-02-12 09:41:37','2022-02-12 09:41:37'),(464,1250,'1','2023-04-09','2022-02-12 09:41:37','2022-02-12 09:41:37'),(465,1250,'1','2023-04-10','2022-02-12 09:41:37','2022-02-12 09:41:37'),(466,1250,'1','2023-04-11','2022-02-12 09:41:37','2022-02-12 09:41:37'),(467,1250,'1','2023-04-12','2022-02-12 09:41:37','2022-02-12 09:41:37'),(468,1250,'1','2023-04-13','2022-02-12 09:41:37','2022-02-12 09:41:37'),(469,1250,'1','2023-04-14','2022-02-12 09:41:37','2022-02-12 09:41:37'),(470,1250,'1','2023-04-15','2022-02-12 09:41:37','2022-02-12 09:41:37'),(471,1250,'1','2023-04-16','2022-02-12 09:41:37','2022-02-12 09:41:37'),(472,1250,'1','2023-04-17','2022-02-12 09:41:37','2022-02-12 09:41:37'),(473,1250,'1','2023-04-18','2022-02-12 09:41:37','2022-02-12 09:41:37'),(474,1250,'1','2023-04-19','2022-02-12 09:41:37','2022-02-12 09:41:37'),(475,1250,'1','2023-04-20','2022-02-12 09:41:37','2022-02-12 09:41:37'),(476,1250,'1','2023-04-21','2022-02-12 09:41:37','2022-02-12 09:41:37'),(477,1250,'1','2023-04-22','2022-02-12 09:41:37','2022-02-12 09:41:37'),(478,1250,'1','2023-04-23','2022-02-12 09:41:37','2022-02-12 09:41:37'),(479,1250,'1','2023-04-24','2022-02-12 09:41:37','2022-02-12 09:41:37'),(480,1250,'1','2023-04-25','2022-02-12 09:41:37','2022-02-12 09:41:37'),(481,1250,'1','2023-04-26','2022-02-12 09:41:37','2022-02-12 09:41:37'),(482,1250,'1','2023-04-27','2022-02-12 09:41:37','2022-02-12 09:41:37'),(483,1250,'1','2023-04-28','2022-02-12 09:41:37','2022-02-12 09:41:37'),(484,1250,'1','2023-04-29','2022-02-12 09:41:37','2022-02-12 09:41:37'),(485,1250,'1','2023-04-30','2022-02-12 09:41:37','2022-02-12 09:41:37'),(486,1250,'1','2023-05-01','2022-02-12 09:41:37','2022-02-12 09:41:37'),(487,1250,'1','2023-05-02','2022-02-12 09:41:37','2022-02-12 09:41:37'),(488,1250,'1','2023-05-03','2022-02-12 09:41:37','2022-02-12 09:41:37'),(489,1250,'1','2023-05-04','2022-02-12 09:41:37','2022-02-12 09:41:37'),(490,1250,'1','2023-05-05','2022-02-12 09:41:37','2022-02-12 09:41:37'),(491,1250,'1','2023-05-06','2022-02-12 09:41:37','2022-02-12 09:41:37'),(492,1250,'1','2023-05-07','2022-02-12 09:41:37','2022-02-12 09:41:37'),(493,1250,'1','2023-05-08','2022-02-12 09:41:37','2022-02-12 09:41:37'),(494,1250,'1','2023-05-09','2022-02-12 09:41:37','2022-02-12 09:41:37'),(495,1250,'1','2023-05-10','2022-02-12 09:41:37','2022-02-12 09:41:37'),(496,1250,'1','2023-05-11','2022-02-12 09:41:37','2022-02-12 09:41:37'),(497,1250,'1','2023-05-12','2022-02-12 09:41:37','2022-02-12 09:41:37'),(498,1250,'1','2023-05-13','2022-02-12 09:41:37','2022-02-12 09:41:37'),(499,1250,'1','2023-05-14','2022-02-12 09:41:37','2022-02-12 09:41:37'),(500,1250,'1','2023-05-15','2022-02-12 09:41:37','2022-02-12 09:41:37'),(501,1250,'1','2023-05-16','2022-02-12 09:41:37','2022-02-12 09:41:37'),(502,1250,'1','2023-05-17','2022-02-12 09:41:37','2022-02-12 09:41:37'),(503,1250,'1','2023-05-18','2022-02-12 09:41:37','2022-02-12 09:41:37'),(504,1250,'1','2023-05-19','2022-02-12 09:41:37','2022-02-12 09:41:37'),(505,1250,'1','2023-05-20','2022-02-12 09:41:37','2022-02-12 09:41:37'),(506,1250,'1','2023-05-21','2022-02-12 09:41:37','2022-02-12 09:41:37'),(507,1250,'1','2023-05-22','2022-02-12 09:41:37','2022-02-12 09:41:37'),(508,1250,'1','2023-05-23','2022-02-12 09:41:37','2022-02-12 09:41:37'),(509,1250,'1','2023-05-24','2022-02-12 09:41:37','2022-02-12 09:41:37'),(510,1250,'1','2023-05-25','2022-02-12 09:41:37','2022-02-12 09:41:37'),(511,1250,'1','2023-05-26','2022-02-12 09:41:37','2022-02-12 09:41:37'),(512,1250,'1','2023-05-27','2022-02-12 09:41:37','2022-02-12 09:41:37'),(513,1250,'1','2023-05-28','2022-02-12 09:41:37','2022-02-12 09:41:37'),(514,1250,'1','2023-05-29','2022-02-12 09:41:37','2022-02-12 09:41:37'),(515,1250,'1','2023-05-30','2022-02-12 09:41:37','2022-02-12 09:41:37'),(516,1250,'1','2023-05-31','2022-02-12 09:41:37','2022-02-12 09:41:37'),(517,1250,'1','2023-06-01','2022-02-12 09:41:37','2022-02-12 09:41:37'),(518,1250,'1','2023-06-02','2022-02-12 09:41:37','2022-02-12 09:41:37'),(519,1250,'1','2023-06-03','2022-02-12 09:41:37','2022-02-12 09:41:37'),(520,1250,'1','2023-06-04','2022-02-12 09:41:37','2022-02-12 09:41:37'),(521,1250,'1','2023-06-05','2022-02-12 09:41:37','2022-02-12 09:41:37'),(522,1250,'1','2023-06-06','2022-02-12 09:41:37','2022-02-12 09:41:37'),(523,1250,'1','2023-06-07','2022-02-12 09:41:37','2022-02-12 09:41:37'),(524,1250,'1','2023-06-08','2022-02-12 09:41:37','2022-02-12 09:41:37'),(525,1250,'1','2023-06-09','2022-02-12 09:41:37','2022-02-12 09:41:37'),(526,1250,'1','2023-06-10','2022-02-12 09:41:37','2022-02-12 09:41:37'),(527,1250,'1','2023-06-11','2022-02-12 09:41:37','2022-02-12 09:41:37'),(528,1250,'1','2023-06-12','2022-02-12 09:41:37','2022-02-12 09:41:37'),(529,1250,'1','2023-06-13','2022-02-12 09:41:37','2022-02-12 09:41:37'),(530,1250,'1','2023-06-14','2022-02-12 09:41:37','2022-02-12 09:41:37'),(531,1250,'1','2023-06-15','2022-02-12 09:41:37','2022-02-12 09:41:37'),(532,1250,'1','2023-06-16','2022-02-12 09:41:37','2022-02-12 09:41:37'),(533,1250,'1','2023-06-17','2022-02-12 09:41:37','2022-02-12 09:41:37'),(534,1250,'1','2023-06-18','2022-02-12 09:41:37','2022-02-12 09:41:37'),(535,1250,'1','2023-06-19','2022-02-12 09:41:37','2022-02-12 09:41:37'),(536,1250,'1','2023-06-20','2022-02-12 09:41:37','2022-02-12 09:41:37'),(537,1250,'1','2023-06-21','2022-02-12 09:41:38','2022-02-12 09:41:38'),(538,1250,'1','2023-06-22','2022-02-12 09:41:38','2022-02-12 09:41:38'),(539,1250,'1','2023-06-23','2022-02-12 09:41:38','2022-02-12 09:41:38'),(540,1250,'1','2023-06-24','2022-02-12 09:41:38','2022-02-12 09:41:38'),(541,1250,'1','2023-06-25','2022-02-12 09:41:38','2022-02-12 09:41:38'),(542,1250,'1','2023-06-26','2022-02-12 09:41:38','2022-02-12 09:41:38'),(543,1250,'1','2023-06-27','2022-02-12 09:41:38','2022-02-12 09:41:38'),(544,1250,'1','2023-06-28','2022-02-12 09:41:38','2022-02-12 09:41:38'),(545,1250,'1','2023-06-29','2022-02-12 09:41:38','2022-02-12 09:41:38'),(546,1250,'1','2023-06-30','2022-02-12 09:41:38','2022-02-12 09:41:38'),(547,1250,'1','2023-07-01','2022-02-12 09:41:38','2022-02-12 09:41:38'),(548,1250,'1','2023-07-02','2022-02-12 09:41:38','2022-02-12 09:41:38'),(549,1250,'1','2023-07-03','2022-02-12 09:41:38','2022-02-12 09:41:38'),(550,1250,'1','2023-07-04','2022-02-12 09:41:38','2022-02-12 09:41:38'),(551,1250,'1','2023-07-05','2022-02-12 09:41:38','2022-02-12 09:41:38'),(552,1250,'1','2023-07-06','2022-02-12 09:41:38','2022-02-12 09:41:38'),(553,1250,'1','2023-07-07','2022-02-12 09:41:38','2022-02-12 09:41:38'),(554,1250,'1','2023-07-08','2022-02-12 09:41:38','2022-02-12 09:41:38'),(555,1250,'1','2023-07-09','2022-02-12 09:41:38','2022-02-12 09:41:38'),(556,1250,'1','2023-07-10','2022-02-12 09:41:38','2022-02-12 09:41:38'),(557,1250,'1','2023-07-11','2022-02-12 09:41:38','2022-02-12 09:41:38'),(558,1250,'1','2023-07-12','2022-02-12 09:41:38','2022-02-12 09:41:38'),(559,1250,'1','2023-07-13','2022-02-12 09:41:38','2022-02-12 09:41:38'),(560,1250,'1','2023-07-14','2022-02-12 09:41:38','2022-02-12 09:41:38'),(561,1250,'1','2023-07-15','2022-02-12 09:41:38','2022-02-12 09:41:38'),(562,1250,'1','2023-07-16','2022-02-12 09:41:38','2022-02-12 09:41:38'),(563,1250,'1','2023-07-17','2022-02-12 09:41:38','2022-02-12 09:41:38'),(564,1250,'1','2023-07-18','2022-02-12 09:41:38','2022-02-12 09:41:38'),(565,1250,'1','2023-07-19','2022-02-12 09:41:38','2022-02-12 09:41:38'),(566,1250,'1','2023-07-20','2022-02-12 09:41:38','2022-02-12 09:41:38'),(567,1250,'1','2023-07-21','2022-02-12 09:41:38','2022-02-12 09:41:38'),(568,1250,'1','2023-07-22','2022-02-12 09:41:38','2022-02-12 09:41:38'),(569,1250,'1','2023-07-23','2022-02-12 09:41:38','2022-02-12 09:41:38'),(570,1250,'1','2023-07-24','2022-02-12 09:41:38','2022-02-12 09:41:38'),(571,1250,'1','2023-07-25','2022-02-12 09:41:38','2022-02-12 09:41:38'),(572,1250,'1','2023-07-26','2022-02-12 09:41:38','2022-02-12 09:41:38'),(573,1250,'1','2023-07-27','2022-02-12 09:41:38','2022-02-12 09:41:38'),(574,1250,'1','2023-07-28','2022-02-12 09:41:38','2022-02-12 09:41:38'),(575,1250,'1','2023-07-29','2022-02-12 09:41:38','2022-02-12 09:41:38'),(576,1250,'1','2023-07-30','2022-02-12 09:41:38','2022-02-12 09:41:38'),(577,1250,'1','2023-07-31','2022-02-12 09:41:38','2022-02-12 09:41:38'),(578,1250,'1','2023-08-01','2022-02-12 09:41:38','2022-02-12 09:41:38'),(579,1250,'1','2023-08-02','2022-02-12 09:41:38','2022-02-12 09:41:38'),(580,1250,'1','2023-08-03','2022-02-12 09:41:38','2022-02-12 09:41:38'),(581,1250,'1','2023-08-04','2022-02-12 09:41:38','2022-02-12 09:41:38'),(582,1250,'1','2023-08-05','2022-02-12 09:41:38','2022-02-12 09:41:38'),(583,1250,'1','2023-08-06','2022-02-12 09:41:38','2022-02-12 09:41:38'),(584,1250,'1','2023-08-07','2022-02-12 09:41:38','2022-02-12 09:41:38'),(585,1250,'1','2023-08-08','2022-02-12 09:41:38','2022-02-12 09:41:38'),(586,1250,'1','2023-08-09','2022-02-12 09:41:38','2022-02-12 09:41:38'),(587,1250,'1','2023-08-10','2022-02-12 09:41:38','2022-02-12 09:41:38'),(588,1250,'1','2023-08-11','2022-02-12 09:41:38','2022-02-12 09:41:38'),(589,1250,'1','2023-08-12','2022-02-12 09:41:38','2022-02-12 09:41:38'),(590,1250,'1','2023-08-13','2022-02-12 09:41:38','2022-02-12 09:41:38'),(591,1250,'1','2023-08-14','2022-02-12 09:41:38','2022-02-12 09:41:38'),(592,1250,'1','2023-08-15','2022-02-12 09:41:38','2022-02-12 09:41:38'),(593,1250,'1','2023-08-16','2022-02-12 09:41:38','2022-02-12 09:41:38'),(594,1250,'1','2023-08-17','2022-02-12 09:41:38','2022-02-12 09:41:38'),(595,1250,'1','2023-08-18','2022-02-12 09:41:38','2022-02-12 09:41:38'),(596,1250,'1','2023-08-19','2022-02-12 09:41:38','2022-02-12 09:41:38'),(597,1250,'1','2023-08-20','2022-02-12 09:41:38','2022-02-12 09:41:38'),(598,1250,'1','2023-08-21','2022-02-12 09:41:38','2022-02-12 09:41:38'),(599,1250,'1','2023-08-22','2022-02-12 09:41:38','2022-02-12 09:41:38'),(600,1250,'1','2023-08-23','2022-02-12 09:41:38','2022-02-12 09:41:38'),(601,1250,'1','2023-08-24','2022-02-12 09:41:38','2022-02-12 09:41:38'),(602,1250,'1','2023-08-25','2022-02-12 09:41:38','2022-02-12 09:41:38'),(603,1250,'1','2023-08-26','2022-02-12 09:41:38','2022-02-12 09:41:38'),(604,1250,'1','2023-08-27','2022-02-12 09:41:38','2022-02-12 09:41:38'),(605,1250,'1','2023-08-28','2022-02-12 09:41:38','2022-02-12 09:41:38'),(606,1250,'1','2023-08-29','2022-02-12 09:41:38','2022-02-12 09:41:38'),(607,1250,'1','2023-08-30','2022-02-12 09:41:38','2022-02-12 09:41:38'),(608,1250,'1','2023-08-31','2022-02-12 09:41:38','2022-02-12 09:41:38'),(609,1250,'1','2023-09-01','2022-02-12 09:41:38','2022-02-12 09:41:38'),(610,1250,'1','2023-09-02','2022-02-12 09:41:38','2022-02-12 09:41:38'),(611,1250,'1','2023-09-03','2022-02-12 09:41:38','2022-02-12 09:41:38'),(612,1250,'1','2023-09-04','2022-02-12 09:41:38','2022-02-12 09:41:38'),(613,1250,'1','2023-09-05','2022-02-12 09:41:38','2022-02-12 09:41:38'),(614,1250,'1','2023-09-06','2022-02-12 09:41:38','2022-02-12 09:41:38'),(615,1250,'1','2023-09-07','2022-02-12 09:41:38','2022-02-12 09:41:38'),(616,1250,'1','2023-09-08','2022-02-12 09:41:38','2022-02-12 09:41:38'),(617,1250,'1','2023-09-09','2022-02-12 09:41:38','2022-02-12 09:41:38'),(618,1250,'1','2023-09-10','2022-02-12 09:41:38','2022-02-12 09:41:38'),(619,1250,'1','2023-09-11','2022-02-12 09:41:38','2022-02-12 09:41:38'),(620,1250,'1','2023-09-12','2022-02-12 09:41:38','2022-02-12 09:41:38'),(621,1250,'1','2023-09-13','2022-02-12 09:41:38','2022-02-12 09:41:38'),(622,1250,'1','2023-09-14','2022-02-12 09:41:38','2022-02-12 09:41:38'),(623,1250,'1','2023-09-15','2022-02-12 09:41:38','2022-02-12 09:41:38'),(624,1250,'1','2023-09-16','2022-02-12 09:41:38','2022-02-12 09:41:38'),(625,1250,'1','2023-09-17','2022-02-12 09:41:38','2022-02-12 09:41:38'),(626,1250,'1','2023-09-18','2022-02-12 09:41:38','2022-02-12 09:41:38'),(627,1250,'1','2023-09-19','2022-02-12 09:41:38','2022-02-12 09:41:38'),(628,1250,'1','2023-09-20','2022-02-12 09:41:38','2022-02-12 09:41:38'),(629,1250,'1','2023-09-21','2022-02-12 09:41:38','2022-02-12 09:41:38'),(630,1250,'1','2023-09-22','2022-02-12 09:41:38','2022-02-12 09:41:38'),(631,1250,'1','2023-09-23','2022-02-12 09:41:38','2022-02-12 09:41:38'),(632,1250,'1','2023-09-24','2022-02-12 09:41:38','2022-02-12 09:41:38'),(633,1250,'1','2023-09-25','2022-02-12 09:41:38','2022-02-12 09:41:38'),(634,1250,'1','2023-09-26','2022-02-12 09:41:38','2022-02-12 09:41:38'),(635,1250,'1','2023-09-27','2022-02-12 09:41:38','2022-02-12 09:41:38'),(636,1250,'1','2023-09-28','2022-02-12 09:41:38','2022-02-12 09:41:38'),(637,1250,'1','2023-09-29','2022-02-12 09:41:38','2022-02-12 09:41:38'),(638,1250,'1','2023-09-30','2022-02-12 09:41:38','2022-02-12 09:41:38'),(639,1250,'1','2023-10-01','2022-02-12 09:41:38','2022-02-12 09:41:38'),(640,1250,'1','2023-10-02','2022-02-12 09:41:38','2022-02-12 09:41:38'),(641,1250,'1','2023-10-03','2022-02-12 09:41:38','2022-02-12 09:41:38'),(642,1250,'1','2023-10-04','2022-02-12 09:41:38','2022-02-12 09:41:38'),(643,1250,'1','2023-10-05','2022-02-12 09:41:38','2022-02-12 09:41:38'),(644,1250,'1','2023-10-06','2022-02-12 09:41:38','2022-02-12 09:41:38'),(645,1250,'1','2023-10-07','2022-02-12 09:41:38','2022-02-12 09:41:38'),(646,1250,'1','2023-10-08','2022-02-12 09:41:38','2022-02-12 09:41:38'),(647,1250,'1','2023-10-09','2022-02-12 09:41:38','2022-02-12 09:41:38'),(648,1250,'1','2023-10-10','2022-02-12 09:41:38','2022-02-12 09:41:38'),(649,1250,'1','2023-10-11','2022-02-12 09:41:38','2022-02-12 09:41:38'),(650,1250,'1','2023-10-12','2022-02-12 09:41:38','2022-02-12 09:41:38'),(651,1250,'1','2023-10-13','2022-02-12 09:41:38','2022-02-12 09:41:38'),(652,1250,'1','2023-10-14','2022-02-12 09:41:38','2022-02-12 09:41:38'),(653,1250,'1','2023-10-15','2022-02-12 09:41:38','2022-02-12 09:41:38'),(654,1250,'1','2023-10-16','2022-02-12 09:41:38','2022-02-12 09:41:38'),(655,1250,'1','2023-10-17','2022-02-12 09:41:38','2022-02-12 09:41:38'),(656,1250,'1','2023-10-18','2022-02-12 09:41:38','2022-02-12 09:41:38'),(657,1250,'1','2023-10-19','2022-02-12 09:41:38','2022-02-12 09:41:38'),(658,1250,'1','2023-10-20','2022-02-12 09:41:38','2022-02-12 09:41:38'),(659,1250,'1','2023-10-21','2022-02-12 09:41:38','2022-02-12 09:41:38'),(660,1250,'1','2023-10-22','2022-02-12 09:41:38','2022-02-12 09:41:38'),(661,1250,'1','2023-10-23','2022-02-12 09:41:38','2022-02-12 09:41:38'),(662,1250,'1','2023-10-24','2022-02-12 09:41:38','2022-02-12 09:41:38'),(663,1250,'1','2023-10-25','2022-02-12 09:41:38','2022-02-12 09:41:38'),(664,1250,'1','2023-10-26','2022-02-12 09:41:38','2022-02-12 09:41:38'),(665,1250,'1','2023-10-27','2022-02-12 09:41:38','2022-02-12 09:41:38'),(666,1250,'1','2023-10-28','2022-02-12 09:41:38','2022-02-12 09:41:38'),(667,1250,'1','2023-10-29','2022-02-12 09:41:38','2022-02-12 09:41:38'),(668,1250,'1','2023-10-30','2022-02-12 09:41:38','2022-02-12 09:41:38'),(669,1250,'1','2023-10-31','2022-02-12 09:41:38','2022-02-12 09:41:38'),(670,1250,'1','2023-11-01','2022-02-12 09:41:38','2022-02-12 09:41:38'),(671,1250,'1','2023-11-02','2022-02-12 09:41:38','2022-02-12 09:41:38'),(672,1250,'1','2023-11-03','2022-02-12 09:41:38','2022-02-12 09:41:38'),(673,1250,'1','2023-11-04','2022-02-12 09:41:38','2022-02-12 09:41:38'),(674,1250,'1','2023-11-05','2022-02-12 09:41:38','2022-02-12 09:41:38'),(675,1250,'1','2023-11-06','2022-02-12 09:41:38','2022-02-12 09:41:38'),(676,1250,'1','2023-11-07','2022-02-12 09:41:38','2022-02-12 09:41:38'),(677,1250,'1','2023-11-08','2022-02-12 09:41:38','2022-02-12 09:41:38'),(678,1250,'1','2023-11-09','2022-02-12 09:41:38','2022-02-12 09:41:38'),(679,1250,'1','2023-11-10','2022-02-12 09:41:38','2022-02-12 09:41:38'),(680,1250,'1','2023-11-11','2022-02-12 09:41:38','2022-02-12 09:41:38'),(681,1250,'1','2023-11-12','2022-02-12 09:41:38','2022-02-12 09:41:38'),(682,1250,'1','2023-11-13','2022-02-12 09:41:38','2022-02-12 09:41:38'),(683,1250,'1','2023-11-14','2022-02-12 09:41:38','2022-02-12 09:41:38'),(684,1250,'1','2023-11-15','2022-02-12 09:41:38','2022-02-12 09:41:38'),(685,1250,'1','2023-11-16','2022-02-12 09:41:38','2022-02-12 09:41:38'),(686,1250,'1','2023-11-17','2022-02-12 09:41:38','2022-02-12 09:41:38'),(687,1250,'1','2023-11-18','2022-02-12 09:41:38','2022-02-12 09:41:38'),(688,1250,'1','2023-11-19','2022-02-12 09:41:38','2022-02-12 09:41:38'),(689,1250,'1','2023-11-20','2022-02-12 09:41:38','2022-02-12 09:41:38'),(690,1250,'1','2023-11-21','2022-02-12 09:41:38','2022-02-12 09:41:38'),(691,1250,'1','2023-11-22','2022-02-12 09:41:38','2022-02-12 09:41:38'),(692,1250,'1','2023-11-23','2022-02-12 09:41:38','2022-02-12 09:41:38'),(693,1250,'1','2023-11-24','2022-02-12 09:41:38','2022-02-12 09:41:38'),(694,1250,'1','2023-11-25','2022-02-12 09:41:38','2022-02-12 09:41:38'),(695,1250,'1','2023-11-26','2022-02-12 09:41:38','2022-02-12 09:41:38'),(696,1250,'1','2023-11-27','2022-02-12 09:41:38','2022-02-12 09:41:38'),(697,1250,'1','2023-11-28','2022-02-12 09:41:38','2022-02-12 09:41:38'),(698,1250,'1','2023-11-29','2022-02-12 09:41:38','2022-02-12 09:41:38'),(699,1250,'1','2023-11-30','2022-02-12 09:41:38','2022-02-12 09:41:38'),(700,1250,'1','2023-12-01','2022-02-12 09:41:38','2022-02-12 09:41:38'),(701,1250,'1','2023-12-02','2022-02-12 09:41:38','2022-02-12 09:41:38'),(702,1250,'1','2023-12-03','2022-02-12 09:41:38','2022-02-12 09:41:38'),(703,1250,'1','2023-12-04','2022-02-12 09:41:38','2022-02-12 09:41:38'),(704,1250,'1','2023-12-05','2022-02-12 09:41:38','2022-02-12 09:41:38'),(705,1250,'1','2023-12-06','2022-02-12 09:41:38','2022-02-12 09:41:38'),(706,1250,'1','2023-12-07','2022-02-12 09:41:38','2022-02-12 09:41:38'),(707,1250,'1','2023-12-08','2022-02-12 09:41:38','2022-02-12 09:41:38'),(708,1250,'1','2023-12-09','2022-02-12 09:41:38','2022-02-12 09:41:38'),(709,1250,'1','2023-12-10','2022-02-12 09:41:38','2022-02-12 09:41:38'),(710,1250,'1','2023-12-11','2022-02-12 09:41:38','2022-02-12 09:41:38'),(711,1250,'1','2023-12-12','2022-02-12 09:41:38','2022-02-12 09:41:38'),(712,1250,'1','2023-12-13','2022-02-12 09:41:38','2022-02-12 09:41:38'),(713,1250,'1','2023-12-14','2022-02-12 09:41:38','2022-02-12 09:41:38'),(714,1250,'1','2023-12-15','2022-02-12 09:41:38','2022-02-12 09:41:38'),(715,1250,'1','2023-12-16','2022-02-12 09:41:38','2022-02-12 09:41:38'),(716,1250,'1','2023-12-17','2022-02-12 09:41:38','2022-02-12 09:41:38'),(717,1250,'1','2023-12-18','2022-02-12 09:41:38','2022-02-12 09:41:38'),(718,1250,'1','2023-12-19','2022-02-12 09:41:38','2022-02-12 09:41:38'),(719,1250,'1','2023-12-20','2022-02-12 09:41:38','2022-02-12 09:41:38'),(720,1250,'1','2023-12-21','2022-02-12 09:41:38','2022-02-12 09:41:38'),(721,1250,'1','2023-12-22','2022-02-12 09:41:38','2022-02-12 09:41:38'),(722,1250,'1','2023-12-23','2022-02-12 09:41:38','2022-02-12 09:41:38'),(723,1250,'1','2023-12-24','2022-02-12 09:41:38','2022-02-12 09:41:38'),(724,1250,'1','2023-12-25','2022-02-12 09:41:38','2022-02-12 09:41:38'),(725,1250,'1','2023-12-26','2022-02-12 09:41:38','2022-02-12 09:41:38'),(726,1250,'1','2023-12-27','2022-02-12 09:41:38','2022-02-12 09:41:38'),(727,1250,'1','2023-12-28','2022-02-12 09:41:39','2022-02-12 09:41:39'),(728,1250,'1','2023-12-29','2022-02-12 09:41:39','2022-02-12 09:41:39'),(729,1250,'1','2023-12-30','2022-02-12 09:41:39','2022-02-12 09:41:39'),(730,1250,'1','2023-12-31','2022-02-12 09:41:39','2022-02-12 09:41:39'),(731,1250,'1','2024-01-01','2022-02-12 09:41:57','2022-02-12 09:41:57'),(732,1250,'1','2024-01-02','2022-02-12 09:41:57','2022-02-12 09:41:57'),(733,1250,'1','2024-01-03','2022-02-12 09:41:57','2022-02-12 09:41:57'),(734,1250,'1','2024-01-04','2022-02-12 09:41:57','2022-02-12 09:41:57'),(735,1250,'1','2024-01-05','2022-02-12 09:41:57','2022-02-12 09:41:57'),(736,1250,'1','2024-01-06','2022-02-12 09:41:57','2022-02-12 09:41:57'),(737,1250,'1','2024-01-07','2022-02-12 09:41:57','2022-02-12 09:41:57'),(738,1250,'1','2024-01-08','2022-02-12 09:41:57','2022-02-12 09:41:57'),(739,1250,'1','2024-01-09','2022-02-12 09:41:57','2022-02-12 09:41:57'),(740,1250,'1','2024-01-10','2022-02-12 09:41:57','2022-02-12 09:41:57'),(741,1250,'1','2024-01-11','2022-02-12 09:41:57','2022-02-12 09:41:57'),(742,1250,'1','2024-01-12','2022-02-12 09:41:57','2022-02-12 09:41:57'),(743,1250,'1','2024-01-13','2022-02-12 09:41:57','2022-02-12 09:41:57'),(744,1250,'1','2024-01-14','2022-02-12 09:41:57','2022-02-12 09:41:57'),(745,1250,'1','2024-01-15','2022-02-12 09:41:57','2022-02-12 09:41:57'),(746,1250,'1','2024-01-16','2022-02-12 09:41:57','2022-02-12 09:41:57'),(747,1250,'1','2024-01-17','2022-02-12 09:41:57','2022-02-12 09:41:57'),(748,1250,'1','2024-01-18','2022-02-12 09:41:57','2022-02-12 09:41:57'),(749,1250,'1','2024-01-19','2022-02-12 09:41:57','2022-02-12 09:41:57'),(750,1250,'1','2024-01-20','2022-02-12 09:41:57','2022-02-12 09:41:57'),(751,1250,'1','2024-01-21','2022-02-12 09:41:57','2022-02-12 09:41:57'),(752,1250,'1','2024-01-22','2022-02-12 09:41:57','2022-02-12 09:41:57'),(753,1250,'1','2024-01-23','2022-02-12 09:41:57','2022-02-12 09:41:57'),(754,1250,'1','2024-01-24','2022-02-12 09:41:57','2022-02-12 09:41:57'),(755,1250,'1','2024-01-25','2022-02-12 09:41:57','2022-02-12 09:41:57'),(756,1250,'1','2024-01-26','2022-02-12 09:41:57','2022-02-12 09:41:57'),(757,1250,'1','2024-01-27','2022-02-12 09:41:57','2022-02-12 09:41:57'),(758,1250,'1','2024-01-28','2022-02-12 09:41:57','2022-02-12 09:41:57'),(759,1250,'1','2024-01-29','2022-02-12 09:41:57','2022-02-12 09:41:57'),(760,1250,'1','2024-01-30','2022-02-12 09:41:57','2022-02-12 09:41:57'),(761,1250,'1','2024-01-31','2022-02-12 09:41:57','2022-02-12 09:41:57'),(762,1250,'1','2024-02-01','2022-02-12 09:41:57','2022-02-12 09:41:57'),(763,1250,'1','2024-02-02','2022-02-12 09:41:57','2022-02-12 09:41:57'),(764,1250,'1','2024-02-03','2022-02-12 09:41:57','2022-02-12 09:41:57'),(765,1250,'1','2024-02-04','2022-02-12 09:41:57','2022-02-12 09:41:57'),(766,1250,'1','2024-02-05','2022-02-12 09:41:57','2022-02-12 09:41:57'),(767,1250,'1','2024-02-06','2022-02-12 09:41:57','2022-02-12 09:41:57'),(768,1250,'1','2024-02-07','2022-02-12 09:41:57','2022-02-12 09:41:57'),(769,1250,'1','2024-02-08','2022-02-12 09:41:57','2022-02-12 09:41:57'),(770,1250,'1','2024-02-09','2022-02-12 09:41:57','2022-02-12 09:41:57'),(771,1250,'1','2024-02-10','2022-02-12 09:41:57','2022-02-12 09:41:57'),(772,1250,'1','2024-02-11','2022-02-12 09:41:57','2022-02-12 09:41:57'),(773,1250,'1','2024-02-12','2022-02-12 09:41:57','2022-02-12 09:41:57'),(774,1250,'1','2024-02-13','2022-02-12 09:41:57','2022-02-12 09:41:57'),(775,1250,'1','2024-02-14','2022-02-12 09:41:57','2022-02-12 09:41:57'),(776,1250,'1','2024-02-15','2022-02-12 09:41:57','2022-02-12 09:41:57'),(777,1250,'1','2024-02-16','2022-02-12 09:41:57','2022-02-12 09:41:57'),(778,1250,'1','2024-02-17','2022-02-12 09:41:57','2022-02-12 09:41:57'),(779,1250,'1','2024-02-18','2022-02-12 09:41:57','2022-02-12 09:41:57'),(780,1250,'1','2024-02-19','2022-02-12 09:41:57','2022-02-12 09:41:57'),(781,1250,'1','2024-02-20','2022-02-12 09:41:57','2022-02-12 09:41:57'),(782,1250,'1','2024-02-21','2022-02-12 09:41:57','2022-02-12 09:41:57'),(783,1250,'1','2024-02-22','2022-02-12 09:41:57','2022-02-12 09:41:57'),(784,1250,'1','2024-02-23','2022-02-12 09:41:57','2022-02-12 09:41:57'),(785,1250,'1','2024-02-24','2022-02-12 09:41:57','2022-02-12 09:41:57'),(786,1250,'1','2024-02-25','2022-02-12 09:41:57','2022-02-12 09:41:57'),(787,1250,'1','2024-02-26','2022-02-12 09:41:57','2022-02-12 09:41:57'),(788,1250,'1','2024-02-27','2022-02-12 09:41:57','2022-02-12 09:41:57'),(789,1250,'1','2024-02-28','2022-02-12 09:41:57','2022-02-12 09:41:57'),(790,1250,'1','2024-02-29','2022-02-12 09:41:57','2022-02-12 09:41:57'),(791,1250,'1','2024-03-01','2022-02-12 09:41:57','2022-02-12 09:41:57'),(792,1250,'1','2024-03-02','2022-02-12 09:41:57','2022-02-12 09:41:57'),(793,1250,'1','2024-03-03','2022-02-12 09:41:57','2022-02-12 09:41:57'),(794,1250,'1','2024-03-04','2022-02-12 09:41:57','2022-02-12 09:41:57'),(795,1250,'1','2024-03-05','2022-02-12 09:41:57','2022-02-12 09:41:57'),(796,1250,'1','2024-03-06','2022-02-12 09:41:57','2022-02-12 09:41:57'),(797,1250,'1','2024-03-07','2022-02-12 09:41:57','2022-02-12 09:41:57'),(798,1250,'1','2024-03-08','2022-02-12 09:41:57','2022-02-12 09:41:57'),(799,1250,'1','2024-03-09','2022-02-12 09:41:57','2022-02-12 09:41:57'),(800,1250,'1','2024-03-10','2022-02-12 09:41:57','2022-02-12 09:41:57'),(801,1250,'1','2024-03-11','2022-02-12 09:41:57','2022-02-12 09:41:57'),(802,1250,'1','2024-03-12','2022-02-12 09:41:57','2022-02-12 09:41:57'),(803,1250,'1','2024-03-13','2022-02-12 09:41:57','2022-02-12 09:41:57'),(804,1250,'1','2024-03-14','2022-02-12 09:41:57','2022-02-12 09:41:57'),(805,1250,'1','2024-03-15','2022-02-12 09:41:57','2022-02-12 09:41:57'),(806,1250,'1','2024-03-16','2022-02-12 09:41:57','2022-02-12 09:41:57'),(807,1250,'1','2024-03-17','2022-02-12 09:41:57','2022-02-12 09:41:57'),(808,1250,'1','2024-03-18','2022-02-12 09:41:57','2022-02-12 09:41:57'),(809,1250,'1','2024-03-19','2022-02-12 09:41:57','2022-02-12 09:41:57'),(810,1250,'1','2024-03-20','2022-02-12 09:41:57','2022-02-12 09:41:57'),(811,1250,'1','2024-03-21','2022-02-12 09:41:57','2022-02-12 09:41:57'),(812,1250,'1','2024-03-22','2022-02-12 09:41:58','2022-02-12 09:41:58'),(813,1250,'1','2024-03-23','2022-02-12 09:41:58','2022-02-12 09:41:58'),(814,1250,'1','2024-03-24','2022-02-12 09:41:58','2022-02-12 09:41:58'),(815,1250,'1','2024-03-25','2022-02-12 09:41:58','2022-02-12 09:41:58'),(816,1250,'1','2024-03-26','2022-02-12 09:41:58','2022-02-12 09:41:58'),(817,1250,'1','2024-03-27','2022-02-12 09:41:58','2022-02-12 09:41:58'),(818,1250,'1','2024-03-28','2022-02-12 09:41:58','2022-02-12 09:41:58'),(819,1250,'1','2024-03-29','2022-02-12 09:41:58','2022-02-12 09:41:58'),(820,1250,'1','2024-03-30','2022-02-12 09:41:58','2022-02-12 09:41:58'),(821,1250,'1','2024-03-31','2022-02-12 09:41:58','2022-02-12 09:41:58'),(822,1250,'1','2024-04-01','2022-02-12 09:41:58','2022-02-12 09:41:58'),(823,1250,'1','2024-04-02','2022-02-12 09:41:58','2022-02-12 09:41:58'),(824,1250,'1','2024-04-03','2022-02-12 09:41:58','2022-02-12 09:41:58'),(825,1250,'1','2024-04-04','2022-02-12 09:41:58','2022-02-12 09:41:58'),(826,1250,'1','2024-04-05','2022-02-12 09:41:58','2022-02-12 09:41:58'),(827,1250,'1','2024-04-06','2022-02-12 09:41:58','2022-02-12 09:41:58'),(828,1250,'1','2024-04-07','2022-02-12 09:41:58','2022-02-12 09:41:58'),(829,1250,'1','2024-04-08','2022-02-12 09:41:58','2022-02-12 09:41:58'),(830,1250,'1','2024-04-09','2022-02-12 09:41:58','2022-02-12 09:41:58'),(831,1250,'1','2024-04-10','2022-02-12 09:41:58','2022-02-12 09:41:58'),(832,1250,'1','2024-04-11','2022-02-12 09:41:58','2022-02-12 09:41:58'),(833,1250,'1','2024-04-12','2022-02-12 09:41:58','2022-02-12 09:41:58'),(834,1250,'1','2024-04-13','2022-02-12 09:41:58','2022-02-12 09:41:58'),(835,1250,'1','2024-04-14','2022-02-12 09:41:58','2022-02-12 09:41:58'),(836,1250,'1','2024-04-15','2022-02-12 09:41:58','2022-02-12 09:41:58'),(837,1250,'1','2024-04-16','2022-02-12 09:41:58','2022-02-12 09:41:58'),(838,1250,'1','2024-04-17','2022-02-12 09:41:58','2022-02-12 09:41:58'),(839,1250,'1','2024-04-18','2022-02-12 09:41:58','2022-02-12 09:41:58'),(840,1250,'1','2024-04-19','2022-02-12 09:41:58','2022-02-12 09:41:58'),(841,1250,'1','2024-04-20','2022-02-12 09:41:58','2022-02-12 09:41:58'),(842,1250,'1','2024-04-21','2022-02-12 09:41:58','2022-02-12 09:41:58'),(843,1250,'1','2024-04-22','2022-02-12 09:41:58','2022-02-12 09:41:58'),(844,1250,'1','2024-04-23','2022-02-12 09:41:58','2022-02-12 09:41:58'),(845,1250,'1','2024-04-24','2022-02-12 09:41:58','2022-02-12 09:41:58'),(846,1250,'1','2024-04-25','2022-02-12 09:41:58','2022-02-12 09:41:58'),(847,1250,'1','2024-04-26','2022-02-12 09:41:58','2022-02-12 09:41:58'),(848,1250,'1','2024-04-27','2022-02-12 09:41:58','2022-02-12 09:41:58'),(849,1250,'1','2024-04-28','2022-02-12 09:41:58','2022-02-12 09:41:58'),(850,1250,'1','2024-04-29','2022-02-12 09:41:58','2022-02-12 09:41:58'),(851,1250,'1','2024-04-30','2022-02-12 09:41:58','2022-02-12 09:41:58'),(852,1250,'1','2024-05-01','2022-02-12 09:41:58','2022-02-12 09:41:58'),(853,1250,'1','2024-05-02','2022-02-12 09:41:58','2022-02-12 09:41:58'),(854,1250,'1','2024-05-03','2022-02-12 09:41:58','2022-02-12 09:41:58'),(855,1250,'1','2024-05-04','2022-02-12 09:41:58','2022-02-12 09:41:58'),(856,1250,'1','2024-05-05','2022-02-12 09:41:58','2022-02-12 09:41:58'),(857,1250,'1','2024-05-06','2022-02-12 09:41:58','2022-02-12 09:41:58'),(858,1250,'1','2024-05-07','2022-02-12 09:41:58','2022-02-12 09:41:58'),(859,1250,'1','2024-05-08','2022-02-12 09:41:58','2022-02-12 09:41:58'),(860,1250,'1','2024-05-09','2022-02-12 09:41:58','2022-02-12 09:41:58'),(861,1250,'1','2024-05-10','2022-02-12 09:41:58','2022-02-12 09:41:58'),(862,1250,'1','2024-05-11','2022-02-12 09:41:58','2022-02-12 09:41:58'),(863,1250,'1','2024-05-12','2022-02-12 09:41:58','2022-02-12 09:41:58'),(864,1250,'1','2024-05-13','2022-02-12 09:41:58','2022-02-12 09:41:58'),(865,1250,'1','2024-05-14','2022-02-12 09:41:58','2022-02-12 09:41:58'),(866,1250,'1','2024-05-15','2022-02-12 09:41:58','2022-02-12 09:41:58'),(867,1250,'1','2024-05-16','2022-02-12 09:41:58','2022-02-12 09:41:58'),(868,1250,'1','2024-05-17','2022-02-12 09:41:58','2022-02-12 09:41:58'),(869,1250,'1','2024-05-18','2022-02-12 09:41:58','2022-02-12 09:41:58'),(870,1250,'1','2024-05-19','2022-02-12 09:41:58','2022-02-12 09:41:58'),(871,1250,'1','2024-05-20','2022-02-12 09:41:58','2022-02-12 09:41:58'),(872,1250,'1','2024-05-21','2022-02-12 09:41:58','2022-02-12 09:41:58'),(873,1250,'1','2024-05-22','2022-02-12 09:41:58','2022-02-12 09:41:58'),(874,1250,'1','2024-05-23','2022-02-12 09:41:58','2022-02-12 09:41:58'),(875,1250,'1','2024-05-24','2022-02-12 09:41:58','2022-02-12 09:41:58'),(876,1250,'1','2024-05-25','2022-02-12 09:41:58','2022-02-12 09:41:58'),(877,1250,'1','2024-05-26','2022-02-12 09:41:58','2022-02-12 09:41:58'),(878,1250,'1','2024-05-27','2022-02-12 09:41:58','2022-02-12 09:41:58'),(879,1250,'1','2024-05-28','2022-02-12 09:41:58','2022-02-12 09:41:58'),(880,1250,'1','2024-05-29','2022-02-12 09:41:58','2022-02-12 09:41:58'),(881,1250,'1','2024-05-30','2022-02-12 09:41:58','2022-02-12 09:41:58'),(882,1250,'1','2024-05-31','2022-02-12 09:41:58','2022-02-12 09:41:58'),(883,1250,'1','2024-06-01','2022-02-12 09:41:58','2022-02-12 09:41:58'),(884,1250,'1','2024-06-02','2022-02-12 09:41:58','2022-02-12 09:41:58'),(885,1250,'1','2024-06-03','2022-02-12 09:41:58','2022-02-12 09:41:58'),(886,1250,'1','2024-06-04','2022-02-12 09:41:58','2022-02-12 09:41:58'),(887,1250,'1','2024-06-05','2022-02-12 09:41:58','2022-02-12 09:41:58'),(888,1250,'1','2024-06-06','2022-02-12 09:41:58','2022-02-12 09:41:58'),(889,1250,'1','2024-06-07','2022-02-12 09:41:58','2022-02-12 09:41:58'),(890,1250,'1','2024-06-08','2022-02-12 09:41:58','2022-02-12 09:41:58'),(891,1250,'1','2024-06-09','2022-02-12 09:41:58','2022-02-12 09:41:58'),(892,1250,'1','2024-06-10','2022-02-12 09:41:58','2022-02-12 09:41:58'),(893,1250,'1','2024-06-11','2022-02-12 09:41:58','2022-02-12 09:41:58'),(894,1250,'1','2024-06-12','2022-02-12 09:41:58','2022-02-12 09:41:58'),(895,1250,'1','2024-06-13','2022-02-12 09:41:58','2022-02-12 09:41:58'),(896,1250,'1','2024-06-14','2022-02-12 09:41:58','2022-02-12 09:41:58'),(897,1250,'1','2024-06-15','2022-02-12 09:41:58','2022-02-12 09:41:58'),(898,1250,'1','2024-06-16','2022-02-12 09:41:58','2022-02-12 09:41:58'),(899,1250,'1','2024-06-17','2022-02-12 09:41:58','2022-02-12 09:41:58'),(900,1250,'1','2024-06-18','2022-02-12 09:41:58','2022-02-12 09:41:58'),(901,1250,'1','2024-06-19','2022-02-12 09:41:58','2022-02-12 09:41:58'),(902,1250,'1','2024-06-20','2022-02-12 09:41:58','2022-02-12 09:41:58'),(903,1250,'1','2024-06-21','2022-02-12 09:41:58','2022-02-12 09:41:58'),(904,1250,'1','2024-06-22','2022-02-12 09:41:58','2022-02-12 09:41:58'),(905,1250,'1','2024-06-23','2022-02-12 09:41:58','2022-02-12 09:41:58'),(906,1250,'1','2024-06-24','2022-02-12 09:41:58','2022-02-12 09:41:58'),(907,1250,'1','2024-06-25','2022-02-12 09:41:58','2022-02-12 09:41:58'),(908,1250,'1','2024-06-26','2022-02-12 09:41:58','2022-02-12 09:41:58'),(909,1250,'1','2024-06-27','2022-02-12 09:41:58','2022-02-12 09:41:58'),(910,1250,'1','2024-06-28','2022-02-12 09:41:58','2022-02-12 09:41:58'),(911,1250,'1','2024-06-29','2022-02-12 09:41:58','2022-02-12 09:41:58'),(912,1250,'1','2024-06-30','2022-02-12 09:41:58','2022-02-12 09:41:58'),(913,1250,'1','2024-07-01','2022-02-12 09:41:58','2022-02-12 09:41:58'),(914,1250,'1','2024-07-02','2022-02-12 09:41:58','2022-02-12 09:41:58'),(915,1250,'1','2024-07-03','2022-02-12 09:41:58','2022-02-12 09:41:58'),(916,1250,'1','2024-07-04','2022-02-12 09:41:58','2022-02-12 09:41:58'),(917,1250,'1','2024-07-05','2022-02-12 09:41:58','2022-02-12 09:41:58'),(918,1250,'1','2024-07-06','2022-02-12 09:41:58','2022-02-12 09:41:58'),(919,1250,'1','2024-07-07','2022-02-12 09:41:58','2022-02-12 09:41:58'),(920,1250,'1','2024-07-08','2022-02-12 09:41:58','2022-02-12 09:41:58'),(921,1250,'1','2024-07-09','2022-02-12 09:41:58','2022-02-12 09:41:58'),(922,1250,'1','2024-07-10','2022-02-12 09:41:58','2022-02-12 09:41:58'),(923,1250,'1','2024-07-11','2022-02-12 09:41:58','2022-02-12 09:41:58'),(924,1250,'1','2024-07-12','2022-02-12 09:41:58','2022-02-12 09:41:58'),(925,1250,'1','2024-07-13','2022-02-12 09:41:58','2022-02-12 09:41:58'),(926,1250,'1','2024-07-14','2022-02-12 09:41:58','2022-02-12 09:41:58'),(927,1250,'1','2024-07-15','2022-02-12 09:41:58','2022-02-12 09:41:58'),(928,1250,'1','2024-07-16','2022-02-12 09:41:58','2022-02-12 09:41:58'),(929,1250,'1','2024-07-17','2022-02-12 09:41:58','2022-02-12 09:41:58'),(930,1250,'1','2024-07-18','2022-02-12 09:41:58','2022-02-12 09:41:58'),(931,1250,'1','2024-07-19','2022-02-12 09:41:58','2022-02-12 09:41:58'),(932,1250,'1','2024-07-20','2022-02-12 09:41:58','2022-02-12 09:41:58'),(933,1250,'1','2024-07-21','2022-02-12 09:41:58','2022-02-12 09:41:58'),(934,1250,'1','2024-07-22','2022-02-12 09:41:58','2022-02-12 09:41:58'),(935,1250,'1','2024-07-23','2022-02-12 09:41:58','2022-02-12 09:41:58'),(936,1250,'1','2024-07-24','2022-02-12 09:41:58','2022-02-12 09:41:58'),(937,1250,'1','2024-07-25','2022-02-12 09:41:58','2022-02-12 09:41:58'),(938,1250,'1','2024-07-26','2022-02-12 09:41:58','2022-02-12 09:41:58'),(939,1250,'1','2024-07-27','2022-02-12 09:41:58','2022-02-12 09:41:58'),(940,1250,'1','2024-07-28','2022-02-12 09:41:58','2022-02-12 09:41:58'),(941,1250,'1','2024-07-29','2022-02-12 09:41:58','2022-02-12 09:41:58'),(942,1250,'1','2024-07-30','2022-02-12 09:41:58','2022-02-12 09:41:58'),(943,1250,'1','2024-07-31','2022-02-12 09:41:58','2022-02-12 09:41:58'),(944,1250,'1','2024-08-01','2022-02-12 09:41:58','2022-02-12 09:41:58'),(945,1250,'1','2024-08-02','2022-02-12 09:41:58','2022-02-12 09:41:58'),(946,1250,'1','2024-08-03','2022-02-12 09:41:58','2022-02-12 09:41:58'),(947,1250,'1','2024-08-04','2022-02-12 09:41:58','2022-02-12 09:41:58'),(948,1250,'1','2024-08-05','2022-02-12 09:41:58','2022-02-12 09:41:58'),(949,1250,'1','2024-08-06','2022-02-12 09:41:58','2022-02-12 09:41:58'),(950,1250,'1','2024-08-07','2022-02-12 09:41:58','2022-02-12 09:41:58'),(951,1250,'1','2024-08-08','2022-02-12 09:41:58','2022-02-12 09:41:58'),(952,1250,'1','2024-08-09','2022-02-12 09:41:58','2022-02-12 09:41:58'),(953,1250,'1','2024-08-10','2022-02-12 09:41:58','2022-02-12 09:41:58'),(954,1250,'1','2024-08-11','2022-02-12 09:41:58','2022-02-12 09:41:58'),(955,1250,'1','2024-08-12','2022-02-12 09:41:58','2022-02-12 09:41:58'),(956,1250,'1','2024-08-13','2022-02-12 09:41:58','2022-02-12 09:41:58'),(957,1250,'1','2024-08-14','2022-02-12 09:41:58','2022-02-12 09:41:58'),(958,1250,'1','2024-08-15','2022-02-12 09:41:58','2022-02-12 09:41:58'),(959,1250,'1','2024-08-16','2022-02-12 09:41:58','2022-02-12 09:41:58'),(960,1250,'1','2024-08-17','2022-02-12 09:41:58','2022-02-12 09:41:58'),(961,1250,'1','2024-08-18','2022-02-12 09:41:58','2022-02-12 09:41:58'),(962,1250,'1','2024-08-19','2022-02-12 09:41:58','2022-02-12 09:41:58'),(963,1250,'1','2024-08-20','2022-02-12 09:41:58','2022-02-12 09:41:58'),(964,1250,'1','2024-08-21','2022-02-12 09:41:58','2022-02-12 09:41:58'),(965,1250,'1','2024-08-22','2022-02-12 09:41:58','2022-02-12 09:41:58'),(966,1250,'1','2024-08-23','2022-02-12 09:41:58','2022-02-12 09:41:58'),(967,1250,'1','2024-08-24','2022-02-12 09:41:58','2022-02-12 09:41:58'),(968,1250,'1','2024-08-25','2022-02-12 09:41:58','2022-02-12 09:41:58'),(969,1250,'1','2024-08-26','2022-02-12 09:41:58','2022-02-12 09:41:58'),(970,1250,'1','2024-08-27','2022-02-12 09:41:58','2022-02-12 09:41:58'),(971,1250,'1','2024-08-28','2022-02-12 09:41:58','2022-02-12 09:41:58'),(972,1250,'1','2024-08-29','2022-02-12 09:41:58','2022-02-12 09:41:58'),(973,1250,'1','2024-08-30','2022-02-12 09:41:58','2022-02-12 09:41:58'),(974,1250,'1','2024-08-31','2022-02-12 09:41:58','2022-02-12 09:41:58'),(975,1250,'1','2024-09-01','2022-02-12 09:41:58','2022-02-12 09:41:58'),(976,1250,'1','2024-09-02','2022-02-12 09:41:58','2022-02-12 09:41:58'),(977,1250,'1','2024-09-03','2022-02-12 09:41:58','2022-02-12 09:41:58'),(978,1250,'1','2024-09-04','2022-02-12 09:41:58','2022-02-12 09:41:58'),(979,1250,'1','2024-09-05','2022-02-12 09:41:58','2022-02-12 09:41:58'),(980,1250,'1','2024-09-06','2022-02-12 09:41:58','2022-02-12 09:41:58'),(981,1250,'1','2024-09-07','2022-02-12 09:41:58','2022-02-12 09:41:58'),(982,1250,'1','2024-09-08','2022-02-12 09:41:58','2022-02-12 09:41:58'),(983,1250,'1','2024-09-09','2022-02-12 09:41:58','2022-02-12 09:41:58'),(984,1250,'1','2024-09-10','2022-02-12 09:41:58','2022-02-12 09:41:58'),(985,1250,'1','2024-09-11','2022-02-12 09:41:58','2022-02-12 09:41:58'),(986,1250,'1','2024-09-12','2022-02-12 09:41:58','2022-02-12 09:41:58'),(987,1250,'1','2024-09-13','2022-02-12 09:41:58','2022-02-12 09:41:58'),(988,1250,'1','2024-09-14','2022-02-12 09:41:58','2022-02-12 09:41:58'),(989,1250,'1','2024-09-15','2022-02-12 09:41:58','2022-02-12 09:41:58'),(990,1250,'1','2024-09-16','2022-02-12 09:41:59','2022-02-12 09:41:59'),(991,1250,'1','2024-09-17','2022-02-12 09:41:59','2022-02-12 09:41:59'),(992,1250,'1','2024-09-18','2022-02-12 09:41:59','2022-02-12 09:41:59'),(993,1250,'1','2024-09-19','2022-02-12 09:41:59','2022-02-12 09:41:59'),(994,1250,'1','2024-09-20','2022-02-12 09:41:59','2022-02-12 09:41:59'),(995,1250,'1','2024-09-21','2022-02-12 09:41:59','2022-02-12 09:41:59'),(996,1250,'1','2024-09-22','2022-02-12 09:41:59','2022-02-12 09:41:59'),(997,1250,'1','2024-09-23','2022-02-12 09:41:59','2022-02-12 09:41:59'),(998,1250,'1','2024-09-24','2022-02-12 09:41:59','2022-02-12 09:41:59'),(999,1250,'1','2024-09-25','2022-02-12 09:41:59','2022-02-12 09:41:59'),(1000,1250,'1','2024-09-26','2022-02-12 09:41:59','2022-02-12 09:41:59'),(1001,1250,'1','2024-09-27','2022-02-12 09:41:59','2022-02-12 09:41:59'),(1002,1250,'1','2024-09-28','2022-02-12 09:41:59','2022-02-12 09:41:59'),(1003,1250,'1','2024-09-29','2022-02-12 09:41:59','2022-02-12 09:41:59'),(1004,1250,'1','2024-09-30','2022-02-12 09:41:59','2022-02-12 09:41:59'),(1005,1250,'1','2024-10-01','2022-02-12 09:41:59','2022-02-12 09:41:59'),(1006,1250,'1','2024-10-02','2022-02-12 09:41:59','2022-02-12 09:41:59'),(1007,1250,'1','2024-10-03','2022-02-12 09:41:59','2022-02-12 09:41:59'),(1008,1250,'1','2024-10-04','2022-02-12 09:41:59','2022-02-12 09:41:59'),(1009,1250,'1','2024-10-05','2022-02-12 09:41:59','2022-02-12 09:41:59'),(1010,1250,'1','2024-10-06','2022-02-12 09:41:59','2022-02-12 09:41:59'),(1011,1250,'1','2024-10-07','2022-02-12 09:41:59','2022-02-12 09:41:59'),(1012,1250,'1','2024-10-08','2022-02-12 09:41:59','2022-02-12 09:41:59'),(1013,1250,'1','2024-10-09','2022-02-12 09:41:59','2022-02-12 09:41:59'),(1014,1250,'1','2024-10-10','2022-02-12 09:41:59','2022-02-12 09:41:59'),(1015,1250,'1','2024-10-11','2022-02-12 09:41:59','2022-02-12 09:41:59'),(1016,1250,'1','2024-10-12','2022-02-12 09:41:59','2022-02-12 09:41:59'),(1017,1250,'1','2024-10-13','2022-02-12 09:41:59','2022-02-12 09:41:59'),(1018,1250,'1','2024-10-14','2022-02-12 09:41:59','2022-02-12 09:41:59'),(1019,1250,'1','2024-10-15','2022-02-12 09:41:59','2022-02-12 09:41:59'),(1020,1250,'1','2024-10-16','2022-02-12 09:41:59','2022-02-12 09:41:59'),(1021,1250,'1','2024-10-17','2022-02-12 09:41:59','2022-02-12 09:41:59'),(1022,1250,'1','2024-10-18','2022-02-12 09:41:59','2022-02-12 09:41:59'),(1023,1250,'1','2024-10-19','2022-02-12 09:41:59','2022-02-12 09:41:59'),(1024,1250,'1','2024-10-20','2022-02-12 09:41:59','2022-02-12 09:41:59'),(1025,1250,'1','2024-10-21','2022-02-12 09:41:59','2022-02-12 09:41:59'),(1026,1250,'1','2024-10-22','2022-02-12 09:41:59','2022-02-12 09:41:59'),(1027,1250,'1','2024-10-23','2022-02-12 09:41:59','2022-02-12 09:41:59'),(1028,1250,'1','2024-10-24','2022-02-12 09:41:59','2022-02-12 09:41:59'),(1029,1250,'1','2024-10-25','2022-02-12 09:41:59','2022-02-12 09:41:59'),(1030,1250,'1','2024-10-26','2022-02-12 09:41:59','2022-02-12 09:41:59'),(1031,1250,'1','2024-10-27','2022-02-12 09:41:59','2022-02-12 09:41:59'),(1032,1250,'1','2024-10-28','2022-02-12 09:41:59','2022-02-12 09:41:59'),(1033,1250,'1','2024-10-29','2022-02-12 09:41:59','2022-02-12 09:41:59'),(1034,1250,'1','2024-10-30','2022-02-12 09:41:59','2022-02-12 09:41:59'),(1035,1250,'1','2024-10-31','2022-02-12 09:41:59','2022-02-12 09:41:59'),(1036,1250,'1','2024-11-01','2022-02-12 09:41:59','2022-02-12 09:41:59'),(1037,1250,'1','2024-11-02','2022-02-12 09:41:59','2022-02-12 09:41:59'),(1038,1250,'1','2024-11-03','2022-02-12 09:41:59','2022-02-12 09:41:59'),(1039,1250,'1','2024-11-04','2022-02-12 09:41:59','2022-02-12 09:41:59'),(1040,1250,'1','2024-11-05','2022-02-12 09:41:59','2022-02-12 09:41:59'),(1041,1250,'1','2024-11-06','2022-02-12 09:41:59','2022-02-12 09:41:59'),(1042,1250,'1','2024-11-07','2022-02-12 09:41:59','2022-02-12 09:41:59'),(1043,1250,'1','2024-11-08','2022-02-12 09:41:59','2022-02-12 09:41:59'),(1044,1250,'1','2024-11-09','2022-02-12 09:41:59','2022-02-12 09:41:59'),(1045,1250,'1','2024-11-10','2022-02-12 09:41:59','2022-02-12 09:41:59'),(1046,1250,'1','2024-11-11','2022-02-12 09:41:59','2022-02-12 09:41:59'),(1047,1250,'1','2024-11-12','2022-02-12 09:41:59','2022-02-12 09:41:59'),(1048,1250,'1','2024-11-13','2022-02-12 09:41:59','2022-02-12 09:41:59'),(1049,1250,'1','2024-11-14','2022-02-12 09:41:59','2022-02-12 09:41:59'),(1050,1250,'1','2024-11-15','2022-02-12 09:41:59','2022-02-12 09:41:59'),(1051,1250,'1','2024-11-16','2022-02-12 09:41:59','2022-02-12 09:41:59'),(1052,1250,'1','2024-11-17','2022-02-12 09:41:59','2022-02-12 09:41:59'),(1053,1250,'1','2024-11-18','2022-02-12 09:41:59','2022-02-12 09:41:59'),(1054,1250,'1','2024-11-19','2022-02-12 09:41:59','2022-02-12 09:41:59'),(1055,1250,'1','2024-11-20','2022-02-12 09:41:59','2022-02-12 09:41:59'),(1056,1250,'1','2024-11-21','2022-02-12 09:41:59','2022-02-12 09:41:59'),(1057,1250,'1','2024-11-22','2022-02-12 09:41:59','2022-02-12 09:41:59'),(1058,1250,'1','2024-11-23','2022-02-12 09:41:59','2022-02-12 09:41:59'),(1059,1250,'1','2024-11-24','2022-02-12 09:41:59','2022-02-12 09:41:59'),(1060,1250,'1','2024-11-25','2022-02-12 09:41:59','2022-02-12 09:41:59'),(1061,1250,'1','2024-11-26','2022-02-12 09:41:59','2022-02-12 09:41:59'),(1062,1250,'1','2024-11-27','2022-02-12 09:41:59','2022-02-12 09:41:59'),(1063,1250,'1','2024-11-28','2022-02-12 09:41:59','2022-02-12 09:41:59'),(1064,1250,'1','2024-11-29','2022-02-12 09:41:59','2022-02-12 09:41:59'),(1065,1250,'1','2024-11-30','2022-02-12 09:41:59','2022-02-12 09:41:59'),(1066,1250,'1','2024-12-01','2022-02-12 09:41:59','2022-02-12 09:41:59'),(1067,1250,'1','2024-12-02','2022-02-12 09:41:59','2022-02-12 09:41:59'),(1068,1250,'1','2024-12-03','2022-02-12 09:41:59','2022-02-12 09:41:59'),(1069,1250,'1','2024-12-04','2022-02-12 09:41:59','2022-02-12 09:41:59'),(1070,1250,'1','2024-12-05','2022-02-12 09:41:59','2022-02-12 09:41:59'),(1071,1250,'1','2024-12-06','2022-02-12 09:41:59','2022-02-12 09:41:59'),(1072,1250,'1','2024-12-07','2022-02-12 09:41:59','2022-02-12 09:41:59'),(1073,1250,'1','2024-12-08','2022-02-12 09:41:59','2022-02-12 09:41:59'),(1074,1250,'1','2024-12-09','2022-02-12 09:41:59','2022-02-12 09:41:59'),(1075,1250,'1','2024-12-10','2022-02-12 09:41:59','2022-02-12 09:41:59'),(1076,1250,'1','2024-12-11','2022-02-12 09:41:59','2022-02-12 09:41:59'),(1077,1250,'1','2024-12-12','2022-02-12 09:41:59','2022-02-12 09:41:59'),(1078,1250,'1','2024-12-13','2022-02-12 09:41:59','2022-02-12 09:41:59'),(1079,1250,'1','2024-12-14','2022-02-12 09:41:59','2022-02-12 09:41:59'),(1080,1250,'1','2024-12-15','2022-02-12 09:41:59','2022-02-12 09:41:59'),(1081,1250,'1','2024-12-16','2022-02-12 09:41:59','2022-02-12 09:41:59'),(1082,1250,'1','2024-12-17','2022-02-12 09:41:59','2022-02-12 09:41:59'),(1083,1250,'1','2024-12-18','2022-02-12 09:41:59','2022-02-12 09:41:59'),(1084,1250,'1','2024-12-19','2022-02-12 09:41:59','2022-02-12 09:41:59'),(1085,1250,'1','2024-12-20','2022-02-12 09:41:59','2022-02-12 09:41:59'),(1086,1250,'1','2024-12-21','2022-02-12 09:41:59','2022-02-12 09:41:59'),(1087,1250,'1','2024-12-22','2022-02-12 09:41:59','2022-02-12 09:41:59'),(1088,1250,'1','2024-12-23','2022-02-12 09:41:59','2022-02-12 09:41:59'),(1089,1250,'1','2024-12-24','2022-02-12 09:41:59','2022-02-12 09:41:59'),(1090,1250,'1','2024-12-25','2022-02-12 09:41:59','2022-02-12 09:41:59'),(1091,1250,'1','2024-12-26','2022-02-12 09:41:59','2022-02-12 09:41:59'),(1092,1250,'1','2024-12-27','2022-02-12 09:41:59','2022-02-12 09:41:59'),(1093,1250,'1','2024-12-28','2022-02-12 09:41:59','2022-02-12 09:41:59'),(1094,1250,'1','2024-12-29','2022-02-12 09:41:59','2022-02-12 09:41:59'),(1095,1250,'1','2024-12-30','2022-02-12 09:41:59','2022-02-12 09:41:59'),(1096,2000,'0','2024-12-31','2022-02-12 09:41:59','2022-02-23 13:07:08'),(1097,1250,'1','2025-03-01','2022-03-02 14:43:23','2022-03-02 14:43:23'),(1098,1250,'1','2025-03-02','2022-03-02 14:43:23','2022-03-02 14:43:23'),(1099,1250,'1','2025-03-03','2022-03-02 14:43:23','2022-03-02 14:43:23'),(1100,1250,'1','2025-03-04','2022-03-02 14:43:23','2022-03-02 14:43:23'),(1101,1250,'1','2025-03-05','2022-03-02 14:43:23','2022-03-02 14:43:23'),(1102,1250,'1','2025-03-06','2022-03-02 14:43:23','2022-03-02 14:43:23'),(1103,1250,'1','2025-03-07','2022-03-02 14:43:23','2022-03-02 14:43:23'),(1104,1250,'1','2025-03-08','2022-03-02 14:43:23','2022-03-02 14:43:23'),(1105,1250,'1','2025-03-09','2022-03-02 14:43:23','2022-03-02 14:43:23'),(1106,1250,'1','2025-03-10','2022-03-02 14:43:23','2022-03-02 14:43:23'),(1107,1250,'1','2025-03-11','2022-03-02 14:43:23','2022-03-02 14:43:23'),(1108,1250,'1','2025-03-12','2022-03-02 14:43:23','2022-03-02 14:43:23'),(1109,1250,'1','2025-03-13','2022-03-02 14:43:23','2022-03-02 14:43:23'),(1110,1250,'1','2025-03-14','2022-03-02 14:43:23','2022-03-02 14:43:23'),(1111,1250,'1','2025-03-15','2022-03-02 14:43:24','2022-03-02 14:43:24'),(1112,1250,'1','2025-03-16','2022-03-02 14:43:24','2022-03-02 14:43:24'),(1113,1250,'1','2025-03-17','2022-03-02 14:43:24','2022-03-02 14:43:24'),(1114,1250,'1','2025-03-18','2022-03-02 14:43:24','2022-03-02 14:43:24'),(1115,1250,'1','2025-03-19','2022-03-02 14:43:24','2022-03-02 14:43:24'),(1116,1250,'1','2025-03-20','2022-03-02 14:43:24','2022-03-02 14:43:24'),(1117,1250,'1','2025-03-21','2022-03-02 14:43:24','2022-03-02 14:43:24'),(1118,1250,'1','2025-03-22','2022-03-02 14:43:24','2022-03-02 14:43:24'),(1119,1250,'1','2025-03-23','2022-03-02 14:43:24','2022-03-02 14:43:24'),(1120,1250,'1','2025-03-24','2022-03-02 14:43:24','2022-03-02 14:43:24'),(1121,1250,'1','2025-03-25','2022-03-02 14:43:24','2022-03-02 14:43:24'),(1122,1250,'1','2025-03-26','2022-03-02 14:43:24','2022-03-02 14:43:24'),(1123,1250,'1','2025-03-27','2022-03-02 14:43:24','2022-03-02 14:43:24'),(1124,1250,'1','2025-03-28','2022-03-02 14:43:24','2022-03-02 14:43:24'),(1125,1250,'1','2025-03-29','2022-03-02 14:43:24','2022-03-02 14:43:24'),(1126,1250,'1','2025-03-30','2022-03-02 14:43:24','2022-03-02 14:43:24'),(1127,1250,'1','2025-03-31','2022-03-02 14:43:24','2022-03-02 14:43:24'),(1128,1250,'1','2025-04-01','2022-03-02 14:43:24','2022-03-02 14:43:24'),(1129,1250,'1','2025-04-02','2022-03-02 14:43:24','2022-03-02 14:43:24'),(1130,1250,'1','2025-04-03','2022-03-02 14:43:24','2022-03-02 14:43:24'),(1131,1250,'1','2025-04-04','2022-03-02 14:43:24','2022-03-02 14:43:24'),(1132,1250,'1','2025-04-05','2022-03-02 14:43:24','2022-03-02 14:43:24'),(1133,1250,'1','2025-04-06','2022-03-02 14:43:24','2022-03-02 14:43:24'),(1134,1250,'1','2025-04-07','2022-03-02 14:43:24','2022-03-02 14:43:24'),(1135,1250,'1','2025-04-08','2022-03-02 14:43:24','2022-03-02 14:43:24'),(1136,1250,'1','2025-04-09','2022-03-02 14:43:25','2022-03-02 14:43:25'),(1137,1250,'1','2025-04-10','2022-03-02 14:43:25','2022-03-02 14:43:25'),(1138,1250,'1','2025-04-11','2022-03-02 14:43:25','2022-03-02 14:43:25'),(1139,1250,'1','2025-04-12','2022-03-02 14:43:25','2022-03-02 14:43:25'),(1140,1250,'1','2025-04-13','2022-03-02 14:43:25','2022-03-02 14:43:25'),(1141,1250,'1','2025-04-14','2022-03-02 14:43:25','2022-03-02 14:43:25'),(1142,1250,'1','2025-04-15','2022-03-02 14:43:25','2022-03-02 14:43:25'),(1143,1250,'1','2025-04-16','2022-03-02 14:43:25','2022-03-02 14:43:25'),(1144,1250,'1','2025-04-17','2022-03-02 14:43:25','2022-03-02 14:43:25'),(1145,1250,'1','2025-04-18','2022-03-02 14:43:25','2022-03-02 14:43:25'),(1146,1250,'1','2025-04-19','2022-03-02 14:43:25','2022-03-02 14:43:25'),(1147,1250,'1','2025-04-20','2022-03-02 14:43:25','2022-03-02 14:43:25'),(1148,1250,'1','2025-04-21','2022-03-02 14:43:25','2022-03-02 14:43:25'),(1149,1250,'1','2025-04-22','2022-03-02 14:43:25','2022-03-02 14:43:25'),(1150,1250,'1','2025-04-23','2022-03-02 14:43:25','2022-03-02 14:43:25'),(1151,1250,'1','2025-04-24','2022-03-02 14:43:25','2022-03-02 14:43:25'),(1152,1250,'1','2025-04-25','2022-03-02 14:43:25','2022-03-02 14:43:25'),(1153,1250,'1','2025-04-26','2022-03-02 14:43:25','2022-03-02 14:43:25'),(1154,1250,'1','2025-04-27','2022-03-02 14:43:25','2022-03-02 14:43:25'),(1155,1250,'1','2025-04-28','2022-03-02 14:43:25','2022-03-02 14:43:25'),(1156,1250,'1','2025-04-29','2022-03-02 14:43:25','2022-03-02 14:43:25'),(1157,1250,'1','2025-04-30','2022-03-02 14:43:25','2022-03-02 14:43:25'),(1158,1250,'1','2025-05-01','2022-03-02 14:43:25','2022-03-02 14:43:25'),(1159,1250,'1','2025-05-02','2022-03-02 14:43:25','2022-03-02 14:43:25'),(1160,1250,'1','2025-05-03','2022-03-02 14:43:25','2022-03-02 14:43:25'),(1161,1250,'1','2025-05-04','2022-03-02 14:43:25','2022-03-02 14:43:25'),(1162,1250,'1','2025-05-05','2022-03-02 14:43:26','2022-03-02 14:43:26'),(1163,1250,'1','2025-05-06','2022-03-02 14:43:26','2022-03-02 14:43:26'),(1164,1250,'1','2025-05-07','2022-03-02 14:43:26','2022-03-02 14:43:26'),(1165,1250,'1','2025-05-08','2022-03-02 14:43:26','2022-03-02 14:43:26'),(1166,1250,'1','2025-05-09','2022-03-02 14:43:26','2022-03-02 14:43:26'),(1167,1250,'1','2025-05-10','2022-03-02 14:43:26','2022-03-02 14:43:26'),(1168,1250,'1','2025-05-11','2022-03-02 14:43:26','2022-03-02 14:43:26'),(1169,1250,'1','2025-05-12','2022-03-02 14:43:26','2022-03-02 14:43:26'),(1170,1250,'1','2025-05-13','2022-03-02 14:43:26','2022-03-02 14:43:26'),(1171,1250,'1','2025-05-14','2022-03-02 14:43:26','2022-03-02 14:43:26'),(1172,1250,'1','2025-05-15','2022-03-02 14:43:26','2022-03-02 14:43:26'),(1173,1250,'1','2025-05-16','2022-03-02 14:43:26','2022-03-02 14:43:26'),(1174,1250,'1','2025-05-17','2022-03-02 14:43:26','2022-03-02 14:43:26'),(1175,1250,'1','2025-05-18','2022-03-02 14:43:26','2022-03-02 14:43:26'),(1176,1250,'1','2025-05-19','2022-03-02 14:43:26','2022-03-02 14:43:26'),(1177,1250,'1','2025-05-20','2022-03-02 14:43:26','2022-03-02 14:43:26'),(1178,1250,'1','2025-05-21','2022-03-02 14:43:26','2022-03-02 14:43:26'),(1179,1250,'1','2025-05-22','2022-03-02 14:43:26','2022-03-02 14:43:26'),(1180,1250,'1','2025-05-23','2022-03-02 14:43:26','2022-03-02 14:43:26'),(1181,1250,'1','2025-05-24','2022-03-02 14:43:26','2022-03-02 14:43:26'),(1182,1250,'1','2025-05-25','2022-03-02 14:43:26','2022-03-02 14:43:26'),(1183,1250,'1','2025-05-26','2022-03-02 14:43:26','2022-03-02 14:43:26'),(1184,1250,'1','2025-05-27','2022-03-02 14:43:26','2022-03-02 14:43:26'),(1185,1250,'1','2025-05-28','2022-03-02 14:43:27','2022-03-02 14:43:27'),(1186,1250,'1','2025-05-29','2022-03-02 14:43:27','2022-03-02 14:43:27'),(1187,1250,'1','2025-05-30','2022-03-02 14:43:27','2022-03-02 14:43:27'),(1188,1250,'1','2025-05-31','2022-03-02 14:43:27','2022-03-02 14:43:27'),(1189,1250,'1','2025-06-01','2022-03-02 14:43:27','2022-03-02 14:43:27'),(1190,1250,'1','2025-06-02','2022-03-02 14:43:27','2022-03-02 14:43:27'),(1191,1250,'1','2025-06-03','2022-03-02 14:43:27','2022-03-02 14:43:27'),(1192,1250,'1','2025-06-04','2022-03-02 14:43:27','2022-03-02 14:43:27'),(1193,1250,'1','2025-06-05','2022-03-02 14:43:27','2022-03-02 14:43:27'),(1194,1250,'1','2025-06-06','2022-03-02 14:43:27','2022-03-02 14:43:27'),(1195,1250,'1','2025-06-07','2022-03-02 14:43:27','2022-03-02 14:43:27'),(1196,1250,'1','2025-06-08','2022-03-02 14:43:27','2022-03-02 14:43:27'),(1197,1250,'1','2025-06-09','2022-03-02 14:43:27','2022-03-02 14:43:27'),(1198,1250,'1','2025-06-10','2022-03-02 14:43:27','2022-03-02 14:43:27'),(1199,1250,'1','2025-06-11','2022-03-02 14:43:27','2022-03-02 14:43:27'),(1200,1250,'1','2025-06-12','2022-03-02 14:43:27','2022-03-02 14:43:27'),(1201,1250,'1','2025-06-13','2022-03-02 14:43:27','2022-03-02 14:43:27'),(1202,1250,'1','2025-06-14','2022-03-02 14:43:27','2022-03-02 14:43:27'),(1203,1250,'1','2025-06-15','2022-03-02 14:43:27','2022-03-02 14:43:27'),(1204,1250,'1','2025-06-16','2022-03-02 14:43:27','2022-03-02 14:43:27'),(1205,1250,'1','2025-06-17','2022-03-02 14:43:27','2022-03-02 14:43:27'),(1206,1250,'1','2025-06-18','2022-03-02 14:43:27','2022-03-02 14:43:27'),(1207,1250,'1','2025-06-19','2022-03-02 14:43:27','2022-03-02 14:43:27'),(1208,1250,'1','2025-06-20','2022-03-02 14:43:28','2022-03-02 14:43:28'),(1209,1250,'1','2025-06-21','2022-03-02 14:43:28','2022-03-02 14:43:28'),(1210,1250,'1','2025-06-22','2022-03-02 14:43:28','2022-03-02 14:43:28'),(1211,1250,'1','2025-06-23','2022-03-02 14:43:28','2022-03-02 14:43:28'),(1212,1250,'1','2025-06-24','2022-03-02 14:43:28','2022-03-02 14:43:28'),(1213,1250,'1','2025-06-25','2022-03-02 14:43:28','2022-03-02 14:43:28'),(1214,1250,'1','2025-06-26','2022-03-02 14:43:28','2022-03-02 14:43:28'),(1215,1250,'1','2025-06-27','2022-03-02 14:43:28','2022-03-02 14:43:28'),(1216,1250,'1','2025-06-28','2022-03-02 14:43:28','2022-03-02 14:43:28'),(1217,1250,'1','2025-06-29','2022-03-02 14:43:28','2022-03-02 14:43:28'),(1218,1250,'1','2025-06-30','2022-03-02 14:43:28','2022-03-02 14:43:28'),(1219,1250,'1','2025-07-01','2022-03-02 14:43:28','2022-03-02 14:43:28'),(1220,1250,'1','2025-07-02','2022-03-02 14:43:29','2022-03-02 14:43:29'),(1221,1250,'1','2025-07-03','2022-03-02 14:43:29','2022-03-02 14:43:29'),(1222,1250,'1','2025-07-04','2022-03-02 14:43:29','2022-03-02 14:43:29'),(1223,1250,'1','2025-07-05','2022-03-02 14:43:29','2022-03-02 14:43:29'),(1224,1250,'1','2025-07-06','2022-03-02 14:43:29','2022-03-02 14:43:29'),(1225,1250,'1','2025-07-07','2022-03-02 14:43:29','2022-03-02 14:43:29'),(1226,1250,'1','2025-07-08','2022-03-02 14:43:29','2022-03-02 14:43:29'),(1227,1250,'1','2025-07-09','2022-03-02 14:43:29','2022-03-02 14:43:29'),(1228,1250,'1','2025-07-10','2022-03-02 14:43:29','2022-03-02 14:43:29'),(1229,1250,'1','2025-07-11','2022-03-02 14:43:29','2022-03-02 14:43:29'),(1230,1250,'1','2025-07-12','2022-03-02 14:43:29','2022-03-02 14:43:29'),(1231,1250,'1','2025-07-13','2022-03-02 14:43:29','2022-03-02 14:43:29'),(1232,1250,'1','2025-07-14','2022-03-02 14:43:29','2022-03-02 14:43:29'),(1233,1250,'1','2025-07-15','2022-03-02 14:43:29','2022-03-02 14:43:29'),(1234,1250,'1','2025-07-16','2022-03-02 14:43:30','2022-03-02 14:43:30'),(1235,1250,'1','2025-07-17','2022-03-02 14:43:30','2022-03-02 14:43:30'),(1236,1250,'1','2025-07-18','2022-03-02 14:43:30','2022-03-02 14:43:30'),(1237,1250,'1','2025-07-19','2022-03-02 14:43:30','2022-03-02 14:43:30'),(1238,1250,'1','2025-07-20','2022-03-02 14:43:30','2022-03-02 14:43:30'),(1239,1250,'1','2025-07-21','2022-03-02 14:43:30','2022-03-02 14:43:30'),(1240,1250,'1','2025-07-22','2022-03-02 14:43:30','2022-03-02 14:43:30'),(1241,1250,'1','2025-07-23','2022-03-02 14:43:31','2022-03-02 14:43:31'),(1242,1250,'1','2025-07-24','2022-03-02 14:43:31','2022-03-02 14:43:31'),(1243,1250,'1','2025-07-25','2022-03-02 14:43:31','2022-03-02 14:43:31'),(1244,1250,'1','2025-07-26','2022-03-02 14:43:31','2022-03-02 14:43:31'),(1245,1250,'1','2025-07-27','2022-03-02 14:43:31','2022-03-02 14:43:31'),(1246,1250,'1','2025-07-28','2022-03-02 14:43:31','2022-03-02 14:43:31'),(1247,1250,'1','2025-07-29','2022-03-02 14:43:31','2022-03-02 14:43:31'),(1248,1250,'1','2025-07-30','2022-03-02 14:43:31','2022-03-02 14:43:31'),(1249,1250,'1','2025-07-31','2022-03-02 14:43:31','2022-03-02 14:43:31'),(1250,1250,'1','2025-08-01','2022-03-02 14:43:31','2022-03-02 14:43:31'),(1251,1250,'1','2025-08-02','2022-03-02 14:43:32','2022-03-02 14:43:32'),(1252,1250,'1','2025-08-03','2022-03-02 14:43:32','2022-03-02 14:43:32'),(1253,1250,'1','2025-08-04','2022-03-02 14:43:32','2022-03-02 14:43:32'),(1254,1250,'1','2025-08-05','2022-03-02 14:43:32','2022-03-02 14:43:32'),(1255,1250,'1','2025-08-06','2022-03-02 14:43:32','2022-03-02 14:43:32'),(1256,1250,'1','2025-08-07','2022-03-02 14:43:32','2022-03-02 14:43:32'),(1257,1250,'1','2025-08-08','2022-03-02 14:43:32','2022-03-02 14:43:32'),(1258,1250,'1','2025-08-09','2022-03-02 14:43:32','2022-03-02 14:43:32'),(1259,1250,'1','2025-08-10','2022-03-02 14:43:32','2022-03-02 14:43:32'),(1260,1250,'1','2025-08-11','2022-03-02 14:43:32','2022-03-02 14:43:32'),(1261,1250,'1','2025-08-12','2022-03-02 14:43:32','2022-03-02 14:43:32'),(1262,1250,'1','2025-08-13','2022-03-02 14:43:32','2022-03-02 14:43:32'),(1263,1250,'1','2025-08-14','2022-03-02 14:43:32','2022-03-02 14:43:32'),(1264,1250,'1','2025-08-15','2022-03-02 14:43:32','2022-03-02 14:43:32'),(1265,1250,'1','2025-08-16','2022-03-02 14:43:32','2022-03-02 14:43:32'),(1266,1250,'1','2025-08-17','2022-03-02 14:43:32','2022-03-02 14:43:32'),(1267,1250,'1','2025-08-18','2022-03-02 14:43:32','2022-03-02 14:43:32'),(1268,1250,'1','2025-08-19','2022-03-02 14:43:32','2022-03-02 14:43:32'),(1269,1250,'1','2025-08-20','2022-03-02 14:43:32','2022-03-02 14:43:32'),(1270,1250,'1','2025-08-21','2022-03-02 14:43:33','2022-03-02 14:43:33'),(1271,1250,'1','2025-08-22','2022-03-02 14:43:33','2022-03-02 14:43:33'),(1272,1250,'1','2025-08-23','2022-03-02 14:43:33','2022-03-02 14:43:33'),(1273,1250,'1','2025-08-24','2022-03-02 14:43:33','2022-03-02 14:43:33'),(1274,1250,'1','2025-08-25','2022-03-02 14:43:33','2022-03-02 14:43:33'),(1275,1250,'1','2025-08-26','2022-03-02 14:43:33','2022-03-02 14:43:33'),(1276,1250,'1','2025-08-27','2022-03-02 14:43:33','2022-03-02 14:43:33'),(1277,1250,'1','2025-08-28','2022-03-02 14:43:33','2022-03-02 14:43:33'),(1278,1250,'1','2025-08-29','2022-03-02 14:43:33','2022-03-02 14:43:33'),(1279,1250,'1','2025-08-30','2022-03-02 14:43:33','2022-03-02 14:43:33'),(1280,1250,'1','2025-08-31','2022-03-02 14:43:33','2022-03-02 14:43:33'),(1281,1250,'1','2025-09-01','2022-03-02 14:43:33','2022-03-02 14:43:33'),(1282,1250,'1','2025-09-02','2022-03-02 14:43:33','2022-03-02 14:43:33'),(1283,1250,'1','2025-09-03','2022-03-02 14:43:33','2022-03-02 14:43:33'),(1284,1250,'1','2025-09-04','2022-03-02 14:43:33','2022-03-02 14:43:33'),(1285,1250,'1','2025-09-05','2022-03-02 14:43:33','2022-03-02 14:43:33'),(1286,1250,'1','2025-09-06','2022-03-02 14:43:33','2022-03-02 14:43:33'),(1287,1250,'1','2025-09-07','2022-03-02 14:43:33','2022-03-02 14:43:33'),(1288,1250,'1','2025-09-08','2022-03-02 14:43:33','2022-03-02 14:43:33'),(1289,1250,'1','2025-09-09','2022-03-02 14:43:33','2022-03-02 14:43:33'),(1290,1250,'1','2025-09-10','2022-03-02 14:43:34','2022-03-02 14:43:34'),(1291,1250,'1','2025-09-11','2022-03-02 14:43:34','2022-03-02 14:43:34'),(1292,1250,'1','2025-09-12','2022-03-02 14:43:34','2022-03-02 14:43:34'),(1293,1250,'1','2025-09-13','2022-03-02 14:43:34','2022-03-02 14:43:34'),(1294,1250,'1','2025-09-14','2022-03-02 14:43:34','2022-03-02 14:43:34'),(1295,1250,'1','2025-09-15','2022-03-02 14:43:34','2022-03-02 14:43:34'),(1296,1250,'1','2025-09-16','2022-03-02 14:43:34','2022-03-02 14:43:34'),(1297,1250,'1','2025-09-17','2022-03-02 14:43:34','2022-03-02 14:43:34'),(1298,1250,'1','2025-09-18','2022-03-02 14:43:34','2022-03-02 14:43:34'),(1299,1250,'1','2025-09-19','2022-03-02 14:43:34','2022-03-02 14:43:34'),(1300,1250,'1','2025-09-20','2022-03-02 14:43:34','2022-03-02 14:43:34'),(1301,1250,'1','2025-09-21','2022-03-02 14:43:34','2022-03-02 14:43:34'),(1302,1250,'1','2025-09-22','2022-03-02 14:43:34','2022-03-02 14:43:34'),(1303,1250,'1','2025-09-23','2022-03-02 14:43:34','2022-03-02 14:43:34'),(1304,1250,'1','2025-09-24','2022-03-02 14:43:34','2022-03-02 14:43:34'),(1305,1250,'1','2025-09-25','2022-03-02 14:43:34','2022-03-02 14:43:34'),(1306,1250,'1','2025-09-26','2022-03-02 14:43:34','2022-03-02 14:43:34'),(1307,1250,'1','2025-09-27','2022-03-02 14:43:34','2022-03-02 14:43:34'),(1308,1250,'1','2025-09-28','2022-03-02 14:43:34','2022-03-02 14:43:34'),(1309,1250,'1','2025-09-29','2022-03-02 14:43:34','2022-03-02 14:43:34'),(1310,1250,'1','2025-09-30','2022-03-02 14:43:34','2022-03-02 14:43:34'),(1311,1250,'1','2025-10-01','2022-03-02 14:43:34','2022-03-02 14:43:34'),(1312,1250,'1','2025-10-02','2022-03-02 14:43:34','2022-03-02 14:43:34'),(1313,1250,'1','2025-10-03','2022-03-02 14:43:35','2022-03-02 14:43:35'),(1314,1250,'1','2025-10-04','2022-03-02 14:43:35','2022-03-02 14:43:35'),(1315,1250,'1','2025-10-05','2022-03-02 14:43:35','2022-03-02 14:43:35'),(1316,1250,'1','2025-10-06','2022-03-02 14:43:35','2022-03-02 14:43:35'),(1317,1250,'1','2025-10-07','2022-03-02 14:43:35','2022-03-02 14:43:35'),(1318,1250,'1','2025-10-08','2022-03-02 14:43:35','2022-03-02 14:43:35'),(1319,1250,'1','2025-10-09','2022-03-02 14:43:35','2022-03-02 14:43:35'),(1320,1250,'1','2025-10-10','2022-03-02 14:43:35','2022-03-02 14:43:35'),(1321,1250,'1','2025-10-11','2022-03-02 14:43:35','2022-03-02 14:43:35'),(1322,1250,'1','2025-10-12','2022-03-02 14:43:35','2022-03-02 14:43:35'),(1323,1250,'1','2025-10-13','2022-03-02 14:43:35','2022-03-02 14:43:35'),(1324,1250,'1','2025-10-14','2022-03-02 14:43:35','2022-03-02 14:43:35'),(1325,1250,'1','2025-10-15','2022-03-02 14:43:35','2022-03-02 14:43:35'),(1326,1250,'1','2025-10-16','2022-03-02 14:43:35','2022-03-02 14:43:35'),(1327,1250,'1','2025-10-17','2022-03-02 14:43:35','2022-03-02 14:43:35'),(1328,1250,'1','2025-10-18','2022-03-02 14:43:35','2022-03-02 14:43:35'),(1329,1250,'1','2025-10-19','2022-03-02 14:43:35','2022-03-02 14:43:35'),(1330,1250,'1','2025-10-20','2022-03-02 14:43:35','2022-03-02 14:43:35'),(1331,1250,'1','2025-10-21','2022-03-02 14:43:35','2022-03-02 14:43:35'),(1332,1250,'1','2025-10-22','2022-03-02 14:43:35','2022-03-02 14:43:35'),(1333,1250,'1','2025-10-23','2022-03-02 14:43:35','2022-03-02 14:43:35'),(1334,1250,'1','2025-10-24','2022-03-02 14:43:35','2022-03-02 14:43:35'),(1335,1250,'1','2025-10-25','2022-03-02 14:43:35','2022-03-02 14:43:35'),(1336,1250,'1','2025-10-26','2022-03-02 14:43:35','2022-03-02 14:43:35'),(1337,1250,'1','2025-10-27','2022-03-02 14:43:35','2022-03-02 14:43:35'),(1338,1250,'1','2025-10-28','2022-03-02 14:43:35','2022-03-02 14:43:35'),(1339,1250,'1','2025-10-29','2022-03-02 14:43:36','2022-03-02 14:43:36'),(1340,1250,'1','2025-10-30','2022-03-02 14:43:36','2022-03-02 14:43:36'),(1341,1250,'1','2025-10-31','2022-03-02 14:43:36','2022-03-02 14:43:36'),(1342,1250,'1','2025-11-01','2022-03-02 14:43:36','2022-03-02 14:43:36'),(1343,1250,'1','2025-11-02','2022-03-02 14:43:36','2022-03-02 14:43:36'),(1344,1250,'1','2025-11-03','2022-03-02 14:43:36','2022-03-02 14:43:36'),(1345,1250,'1','2025-11-04','2022-03-02 14:43:36','2022-03-02 14:43:36'),(1346,1250,'1','2025-11-05','2022-03-02 14:43:36','2022-03-02 14:43:36'),(1347,1250,'1','2025-11-06','2022-03-02 14:43:36','2022-03-02 14:43:36'),(1348,1250,'1','2025-11-07','2022-03-02 14:43:37','2022-03-02 14:43:37'),(1349,1250,'1','2025-11-08','2022-03-02 14:43:37','2022-03-02 14:43:37'),(1350,1250,'1','2025-11-09','2022-03-02 14:43:37','2022-03-02 14:43:37'),(1351,1250,'1','2025-11-10','2022-03-02 14:43:37','2022-03-02 14:43:37'),(1352,1250,'1','2025-11-11','2022-03-02 14:43:37','2022-03-02 14:43:37'),(1353,1250,'1','2025-11-12','2022-03-02 14:43:37','2022-03-02 14:43:37'),(1354,1250,'1','2025-11-13','2022-03-02 14:43:37','2022-03-02 14:43:37'),(1355,1250,'1','2025-11-14','2022-03-02 14:43:37','2022-03-02 14:43:37'),(1356,1250,'1','2025-11-15','2022-03-02 14:43:37','2022-03-02 14:43:37'),(1357,1250,'1','2025-11-16','2022-03-02 14:43:37','2022-03-02 14:43:37'),(1358,1250,'1','2025-11-17','2022-03-02 14:43:37','2022-03-02 14:43:37'),(1359,1250,'1','2025-11-18','2022-03-02 14:43:37','2022-03-02 14:43:37'),(1360,1250,'1','2025-11-19','2022-03-02 14:43:37','2022-03-02 14:43:37'),(1361,1250,'1','2025-11-20','2022-03-02 14:43:37','2022-03-02 14:43:37'),(1362,1250,'1','2025-11-21','2022-03-02 14:43:37','2022-03-02 14:43:37'),(1363,1250,'1','2025-11-22','2022-03-02 14:43:37','2022-03-02 14:43:37'),(1364,1250,'1','2025-11-23','2022-03-02 14:43:38','2022-03-02 14:43:38'),(1365,1250,'1','2025-11-24','2022-03-02 14:43:38','2022-03-02 14:43:38'),(1366,1250,'1','2025-11-25','2022-03-02 14:43:38','2022-03-02 14:43:38'),(1367,1250,'1','2025-11-26','2022-03-02 14:43:38','2022-03-02 14:43:38'),(1368,1250,'1','2025-11-27','2022-03-02 14:43:38','2022-03-02 14:43:38'),(1369,1250,'1','2025-11-28','2022-03-02 14:43:38','2022-03-02 14:43:38'),(1370,1250,'1','2025-11-29','2022-03-02 14:43:38','2022-03-02 14:43:38'),(1371,1250,'1','2025-11-30','2022-03-02 14:43:38','2022-03-02 14:43:38'),(1372,1250,'1','2025-12-01','2022-03-02 14:43:38','2022-03-02 14:43:38'),(1373,1250,'1','2025-12-02','2022-03-02 14:43:38','2022-03-02 14:43:38'),(1374,1250,'1','2025-12-03','2022-03-02 14:43:38','2022-03-02 14:43:38'),(1375,1250,'1','2025-12-04','2022-03-02 14:43:38','2022-03-02 14:43:38'),(1376,1250,'1','2025-12-05','2022-03-02 14:43:38','2022-03-02 14:43:38'),(1377,1250,'1','2025-12-06','2022-03-02 14:43:38','2022-03-02 14:43:38'),(1378,1250,'1','2025-12-07','2022-03-02 14:43:38','2022-03-02 14:43:38'),(1379,1250,'1','2025-12-08','2022-03-02 14:43:38','2022-03-02 14:43:38'),(1380,1250,'1','2025-12-09','2022-03-02 14:43:38','2022-03-02 14:43:38'),(1381,1250,'1','2025-12-10','2022-03-02 14:43:38','2022-03-02 14:43:38'),(1382,1250,'1','2025-12-11','2022-03-02 14:43:38','2022-03-02 14:43:38'),(1383,1250,'1','2025-12-12','2022-03-02 14:43:38','2022-03-02 14:43:38'),(1384,1250,'1','2025-12-13','2022-03-02 14:43:38','2022-03-02 14:43:38'),(1385,1250,'1','2025-12-14','2022-03-02 14:43:38','2022-03-02 14:43:38'),(1386,1250,'1','2025-12-15','2022-03-02 14:43:38','2022-03-02 14:43:38'),(1387,1250,'1','2025-12-16','2022-03-02 14:43:38','2022-03-02 14:43:38'),(1388,1250,'1','2025-12-17','2022-03-02 14:43:38','2022-03-02 14:43:38'),(1389,1250,'1','2025-12-18','2022-03-02 14:43:39','2022-03-02 14:43:39'),(1390,1250,'1','2025-12-19','2022-03-02 14:43:39','2022-03-02 14:43:39'),(1391,1250,'1','2025-12-20','2022-03-02 14:43:39','2022-03-02 14:43:39'),(1392,1250,'1','2025-12-21','2022-03-02 14:43:39','2022-03-02 14:43:39'),(1393,1250,'1','2025-12-22','2022-03-02 14:43:39','2022-03-02 14:43:39'),(1394,1250,'1','2025-12-23','2022-03-02 14:43:39','2022-03-02 14:43:39'),(1395,1250,'1','2025-12-24','2022-03-02 14:43:39','2022-03-02 14:43:39'),(1396,1250,'1','2025-12-25','2022-03-02 14:43:39','2022-03-02 14:43:39'),(1397,1250,'1','2025-12-26','2022-03-02 14:43:39','2022-03-02 14:43:39'),(1398,1250,'1','2025-12-27','2022-03-02 14:43:39','2022-03-02 14:43:39'),(1399,1250,'1','2025-12-28','2022-03-02 14:43:39','2022-03-02 14:43:39'),(1400,1250,'1','2025-12-29','2022-03-02 14:43:39','2022-03-02 14:43:39'),(1401,1250,'1','2025-12-30','2022-03-02 14:43:39','2022-03-02 14:43:39'),(1402,1250,'1','2025-12-31','2022-03-02 14:43:39','2022-03-02 14:43:39'),(1403,1250,'1','0000-00-00','2022-03-19 12:44:52','2022-03-19 12:44:52'),(1404,1250,'1','1970-01-02','2022-03-19 12:44:52','2022-03-19 12:44:52'),(1405,1250,'1','1970-01-03','2022-03-19 12:44:52','2022-03-19 12:44:52'),(1406,1250,'1','1970-01-04','2022-03-19 12:44:52','2022-03-19 12:44:52'),(1407,1250,'1','1970-01-05','2022-03-19 12:44:52','2022-03-19 12:44:52'),(1408,1250,'1','1970-01-06','2022-03-19 12:44:52','2022-03-19 12:44:52'),(1409,1250,'1','1970-01-07','2022-03-19 12:44:52','2022-03-19 12:44:52'),(1410,1250,'1','1970-01-08','2022-03-19 12:44:52','2022-03-19 12:44:52'),(1411,1250,'1','1970-01-09','2022-03-19 12:44:52','2022-03-19 12:44:52'),(1412,1250,'1','1970-01-10','2022-03-19 12:44:52','2022-03-19 12:44:52'),(1413,1250,'1','1970-01-11','2022-03-19 12:44:52','2022-03-19 12:44:52'),(1414,1250,'1','1970-01-12','2022-03-19 12:44:53','2022-03-19 12:44:53'),(1415,1250,'1','1970-01-13','2022-03-19 12:44:53','2022-03-19 12:44:53'),(1416,1250,'1','1970-01-14','2022-03-19 12:44:53','2022-03-19 12:44:53'),(1417,1250,'1','1970-01-15','2022-03-19 12:44:53','2022-03-19 12:44:53'),(1418,1250,'1','1970-01-16','2022-03-19 12:44:53','2022-03-19 12:44:53'),(1419,1250,'1','1970-01-17','2022-03-19 12:44:53','2022-03-19 12:44:53'),(1420,1250,'1','1970-01-18','2022-03-19 12:44:53','2022-03-19 12:44:53'),(1421,1250,'1','1970-01-19','2022-03-19 12:44:53','2022-03-19 12:44:53'),(1422,1250,'1','1970-01-20','2022-03-19 12:44:53','2022-03-19 12:44:53'),(1423,1250,'1','1970-01-21','2022-03-19 12:44:53','2022-03-19 12:44:53'),(1424,1250,'1','1970-01-22','2022-03-19 12:44:53','2022-03-19 12:44:53'),(1425,1250,'1','1970-01-23','2022-03-19 12:44:54','2022-03-19 12:44:54'),(1426,1250,'1','1970-01-24','2022-03-19 12:44:54','2022-03-19 12:44:54'),(1427,1250,'1','1970-01-25','2022-03-19 12:44:54','2022-03-19 12:44:54'),(1428,1250,'1','1970-01-26','2022-03-19 12:44:54','2022-03-19 12:44:54'),(1429,1250,'1','1970-01-27','2022-03-19 12:44:54','2022-03-19 12:44:54'),(1430,1250,'1','1970-01-28','2022-03-19 12:44:54','2022-03-19 12:44:54'),(1431,1250,'1','1970-01-29','2022-03-19 12:44:54','2022-03-19 12:44:54'),(1432,1250,'1','1970-01-30','2022-03-19 12:44:54','2022-03-19 12:44:54'),(1433,1250,'1','1970-01-31','2022-03-19 12:44:54','2022-03-19 12:44:54'),(1434,1250,'1','1970-02-01','2022-03-19 12:44:54','2022-03-19 12:44:54'),(1435,1250,'1','1970-02-02','2022-03-19 12:44:54','2022-03-19 12:44:54'),(1436,1250,'1','1970-02-03','2022-03-19 12:44:54','2022-03-19 12:44:54'),(1437,1250,'1','1970-02-04','2022-03-19 12:44:54','2022-03-19 12:44:54'),(1438,1250,'1','1970-02-05','2022-03-19 12:44:54','2022-03-19 12:44:54'),(1439,1250,'1','1970-02-06','2022-03-19 12:44:54','2022-03-19 12:44:54'),(1440,1250,'1','1970-02-07','2022-03-19 12:44:54','2022-03-19 12:44:54'),(1441,1250,'1','1970-02-08','2022-03-19 12:44:54','2022-03-19 12:44:54'),(1442,1250,'1','1970-02-09','2022-03-19 12:44:54','2022-03-19 12:44:54'),(1443,1250,'1','1970-02-10','2022-03-19 12:44:54','2022-03-19 12:44:54'),(1444,1250,'1','1970-02-11','2022-03-19 12:44:54','2022-03-19 12:44:54'),(1445,1250,'1','1970-02-12','2022-03-19 12:44:55','2022-03-19 12:44:55'),(1446,1250,'1','1970-02-13','2022-03-19 12:44:55','2022-03-19 12:44:55'),(1447,1250,'1','1970-02-14','2022-03-19 12:44:55','2022-03-19 12:44:55'),(1448,1250,'1','1970-02-15','2022-03-19 12:44:55','2022-03-19 12:44:55'),(1449,1250,'1','1970-02-16','2022-03-19 12:44:55','2022-03-19 12:44:55'),(1450,1250,'1','1970-02-17','2022-03-19 12:44:55','2022-03-19 12:44:55'),(1451,1250,'1','1970-02-18','2022-03-19 12:44:55','2022-03-19 12:44:55'),(1452,1250,'1','1970-02-19','2022-03-19 12:44:55','2022-03-19 12:44:55'),(1453,1250,'1','1970-02-20','2022-03-19 12:44:55','2022-03-19 12:44:55'),(1454,1250,'1','1970-02-21','2022-03-19 12:44:55','2022-03-19 12:44:55'),(1455,1250,'1','1970-02-22','2022-03-19 12:44:55','2022-03-19 12:44:55'),(1456,1250,'1','1970-02-23','2022-03-19 12:44:55','2022-03-19 12:44:55'),(1457,1250,'1','1970-02-24','2022-03-19 12:44:55','2022-03-19 12:44:55'),(1458,1250,'1','1970-02-25','2022-03-19 12:44:55','2022-03-19 12:44:55'),(1459,1250,'1','1970-02-26','2022-03-19 12:44:55','2022-03-19 12:44:55'),(1460,1250,'1','1970-02-27','2022-03-19 12:44:55','2022-03-19 12:44:55'),(1461,1250,'1','1970-02-28','2022-03-19 12:44:56','2022-03-19 12:44:56'),(1462,1250,'1','1970-03-01','2022-03-19 12:44:56','2022-03-19 12:44:56'),(1463,1250,'1','1970-03-02','2022-03-19 12:44:56','2022-03-19 12:44:56'),(1464,1250,'1','1970-03-03','2022-03-19 12:44:56','2022-03-19 12:44:56'),(1465,1250,'1','1970-03-04','2022-03-19 12:44:56','2022-03-19 12:44:56'),(1466,1250,'1','1970-03-05','2022-03-19 12:44:56','2022-03-19 12:44:56'),(1467,1250,'1','1970-03-06','2022-03-19 12:44:56','2022-03-19 12:44:56'),(1468,1250,'1','1970-03-07','2022-03-19 12:44:56','2022-03-19 12:44:56'),(1469,1250,'1','1970-03-08','2022-03-19 12:44:56','2022-03-19 12:44:56'),(1470,1250,'1','1970-03-09','2022-03-19 12:44:56','2022-03-19 12:44:56'),(1471,1250,'1','1970-03-10','2022-03-19 12:44:56','2022-03-19 12:44:56'),(1472,1250,'1','1970-03-11','2022-03-19 12:44:56','2022-03-19 12:44:56'),(1473,1250,'1','1970-03-12','2022-03-19 12:44:56','2022-03-19 12:44:56'),(1474,1250,'1','1970-03-13','2022-03-19 12:44:56','2022-03-19 12:44:56'),(1475,1250,'1','1970-03-14','2022-03-19 12:44:56','2022-03-19 12:44:56'),(1476,1250,'1','1970-03-15','2022-03-19 12:44:56','2022-03-19 12:44:56'),(1477,1250,'1','1970-03-16','2022-03-19 12:44:56','2022-03-19 12:44:56'),(1478,1250,'1','1970-03-17','2022-03-19 12:44:56','2022-03-19 12:44:56'),(1479,1250,'1','1970-03-18','2022-03-19 12:44:56','2022-03-19 12:44:56'),(1480,1250,'1','1970-03-19','2022-03-19 12:44:56','2022-03-19 12:44:56'),(1481,1250,'1','1970-03-20','2022-03-19 12:44:56','2022-03-19 12:44:56'),(1482,1250,'1','1970-03-21','2022-03-19 12:44:56','2022-03-19 12:44:56'),(1483,1250,'1','1970-03-22','2022-03-19 12:44:57','2022-03-19 12:44:57'),(1484,1250,'1','1970-03-23','2022-03-19 12:44:57','2022-03-19 12:44:57'),(1485,1250,'1','1970-03-24','2022-03-19 12:44:57','2022-03-19 12:44:57'),(1486,1250,'1','1970-03-25','2022-03-19 12:44:57','2022-03-19 12:44:57'),(1487,1250,'1','1970-03-26','2022-03-19 12:44:57','2022-03-19 12:44:57'),(1488,1250,'1','1970-03-27','2022-03-19 12:44:57','2022-03-19 12:44:57'),(1489,1250,'1','1970-03-28','2022-03-19 12:44:57','2022-03-19 12:44:57'),(1490,1250,'1','1970-03-29','2022-03-19 12:44:57','2022-03-19 12:44:57'),(1491,1250,'1','1970-03-30','2022-03-19 12:44:57','2022-03-19 12:44:57'),(1492,1250,'1','1970-03-31','2022-03-19 12:44:57','2022-03-19 12:44:57'),(1493,1250,'1','1970-04-01','2022-03-19 12:44:57','2022-03-19 12:44:57'),(1494,1250,'1','1970-04-02','2022-03-19 12:44:57','2022-03-19 12:44:57'),(1495,1250,'1','1970-04-03','2022-03-19 12:44:57','2022-03-19 12:44:57'),(1496,1250,'1','1970-04-04','2022-03-19 12:44:57','2022-03-19 12:44:57'),(1497,1250,'1','1970-04-05','2022-03-19 12:44:57','2022-03-19 12:44:57'),(1498,1250,'1','1970-04-06','2022-03-19 12:44:57','2022-03-19 12:44:57'),(1499,1250,'1','1970-04-07','2022-03-19 12:44:57','2022-03-19 12:44:57'),(1500,1250,'1','1970-04-08','2022-03-19 12:44:57','2022-03-19 12:44:57'),(1501,1250,'1','1970-04-09','2022-03-19 12:44:57','2022-03-19 12:44:57'),(1502,1250,'1','1970-04-10','2022-03-19 12:44:57','2022-03-19 12:44:57'),(1503,1250,'1','1970-04-11','2022-03-19 12:44:58','2022-03-19 12:44:58'),(1504,1250,'1','1970-04-12','2022-03-19 12:44:58','2022-03-19 12:44:58'),(1505,1250,'1','1970-04-13','2022-03-19 12:44:58','2022-03-19 12:44:58'),(1506,1250,'1','1970-04-14','2022-03-19 12:44:58','2022-03-19 12:44:58'),(1507,1250,'1','1970-04-15','2022-03-19 12:44:58','2022-03-19 12:44:58'),(1508,1250,'1','1970-04-16','2022-03-19 12:44:58','2022-03-19 12:44:58'),(1509,1250,'1','1970-04-17','2022-03-19 12:44:58','2022-03-19 12:44:58'),(1510,1250,'1','1970-04-18','2022-03-19 12:44:58','2022-03-19 12:44:58'),(1511,1250,'1','1970-04-19','2022-03-19 12:44:58','2022-03-19 12:44:58'),(1512,1250,'1','1970-04-20','2022-03-19 12:44:58','2022-03-19 12:44:58'),(1513,1250,'1','1970-04-21','2022-03-19 12:44:58','2022-03-19 12:44:58'),(1514,1250,'1','1970-04-22','2022-03-19 12:44:58','2022-03-19 12:44:58'),(1515,1250,'1','1970-04-23','2022-03-19 12:44:58','2022-03-19 12:44:58'),(1516,1250,'1','1970-04-24','2022-03-19 12:44:58','2022-03-19 12:44:58'),(1517,1250,'1','1970-04-25','2022-03-19 12:44:58','2022-03-19 12:44:58'),(1518,1250,'1','1970-04-26','2022-03-19 12:44:58','2022-03-19 12:44:58'),(1519,1250,'1','1970-04-27','2022-03-19 12:44:58','2022-03-19 12:44:58'),(1520,1250,'1','1970-04-28','2022-03-19 12:44:58','2022-03-19 12:44:58'),(1521,1250,'1','1970-04-29','2022-03-19 12:44:58','2022-03-19 12:44:58'),(1522,1250,'1','1970-04-30','2022-03-19 12:44:58','2022-03-19 12:44:58'),(1523,1250,'1','1970-05-01','2022-03-19 12:44:58','2022-03-19 12:44:58'),(1524,1250,'1','1970-05-02','2022-03-19 12:44:58','2022-03-19 12:44:58'),(1525,1250,'1','1970-05-03','2022-03-19 12:44:58','2022-03-19 12:44:58'),(1526,1250,'1','1970-05-04','2022-03-19 12:44:58','2022-03-19 12:44:58'),(1527,1250,'1','1970-05-05','2022-03-19 12:44:58','2022-03-19 12:44:58'),(1528,1250,'1','1970-05-06','2022-03-19 12:44:58','2022-03-19 12:44:58'),(1529,1250,'1','1970-05-07','2022-03-19 12:44:59','2022-03-19 12:44:59'),(1530,1250,'1','1970-05-08','2022-03-19 12:44:59','2022-03-19 12:44:59'),(1531,1250,'1','1970-05-09','2022-03-19 12:44:59','2022-03-19 12:44:59'),(1532,1250,'1','1970-05-10','2022-03-19 12:44:59','2022-03-19 12:44:59'),(1533,1250,'1','1970-05-11','2022-03-19 12:44:59','2022-03-19 12:44:59'),(1534,1250,'1','1970-05-12','2022-03-19 12:44:59','2022-03-19 12:44:59'),(1535,1250,'1','1970-05-13','2022-03-19 12:44:59','2022-03-19 12:44:59'),(1536,1250,'1','1970-05-14','2022-03-19 12:44:59','2022-03-19 12:44:59'),(1537,1250,'1','1970-05-15','2022-03-19 12:44:59','2022-03-19 12:44:59'),(1538,1250,'1','1970-05-16','2022-03-19 12:44:59','2022-03-19 12:44:59'),(1539,1250,'1','1970-05-17','2022-03-19 12:44:59','2022-03-19 12:44:59'),(1540,1250,'1','1970-05-18','2022-03-19 12:44:59','2022-03-19 12:44:59'),(1541,1250,'1','1970-05-19','2022-03-19 12:44:59','2022-03-19 12:44:59'),(1542,1250,'1','1970-05-20','2022-03-19 12:44:59','2022-03-19 12:44:59'),(1543,1250,'1','1970-05-21','2022-03-19 12:44:59','2022-03-19 12:44:59'),(1544,1250,'1','1970-05-22','2022-03-19 12:44:59','2022-03-19 12:44:59'),(1545,1250,'1','1970-05-23','2022-03-19 12:44:59','2022-03-19 12:44:59'),(1546,1250,'1','1970-05-24','2022-03-19 12:44:59','2022-03-19 12:44:59'),(1547,1250,'1','1970-05-25','2022-03-19 12:44:59','2022-03-19 12:44:59'),(1548,1250,'1','1970-05-26','2022-03-19 12:45:00','2022-03-19 12:45:00'),(1549,1250,'1','1970-05-27','2022-03-19 12:45:00','2022-03-19 12:45:00'),(1550,1250,'1','1970-05-28','2022-03-19 12:45:00','2022-03-19 12:45:00'),(1551,1250,'1','1970-05-29','2022-03-19 12:45:00','2022-03-19 12:45:00'),(1552,1250,'1','1970-05-30','2022-03-19 12:45:00','2022-03-19 12:45:00'),(1553,1250,'1','1970-05-31','2022-03-19 12:45:00','2022-03-19 12:45:00'),(1554,1250,'1','1970-06-01','2022-03-19 12:45:00','2022-03-19 12:45:00'),(1555,1250,'1','1970-06-02','2022-03-19 12:45:00','2022-03-19 12:45:00'),(1556,1250,'1','1970-06-03','2022-03-19 12:45:00','2022-03-19 12:45:00'),(1557,1250,'1','1970-06-04','2022-03-19 12:45:00','2022-03-19 12:45:00'),(1558,1250,'1','1970-06-05','2022-03-19 12:45:01','2022-03-19 12:45:01'),(1559,1250,'1','1970-06-06','2022-03-19 12:45:01','2022-03-19 12:45:01'),(1560,1250,'1','1970-06-07','2022-03-19 12:45:01','2022-03-19 12:45:01'),(1561,1250,'1','1970-06-08','2022-03-19 12:45:01','2022-03-19 12:45:01'),(1562,1250,'1','1970-06-09','2022-03-19 12:45:01','2022-03-19 12:45:01'),(1563,1250,'1','1970-06-10','2022-03-19 12:45:01','2022-03-19 12:45:01'),(1564,1250,'1','1970-06-11','2022-03-19 12:45:01','2022-03-19 12:45:01'),(1565,1250,'1','1970-06-12','2022-03-19 12:45:01','2022-03-19 12:45:01'),(1566,1250,'1','1970-06-13','2022-03-19 12:45:01','2022-03-19 12:45:01'),(1567,1250,'1','1970-06-14','2022-03-19 12:45:01','2022-03-19 12:45:01'),(1568,1250,'1','1970-06-15','2022-03-19 12:45:01','2022-03-19 12:45:01'),(1569,1250,'1','1970-06-16','2022-03-19 12:45:01','2022-03-19 12:45:01'),(1570,1250,'1','1970-06-17','2022-03-19 12:45:02','2022-03-19 12:45:02'),(1571,1250,'1','1970-06-18','2022-03-19 12:45:02','2022-03-19 12:45:02'),(1572,1250,'1','1970-06-19','2022-03-19 12:45:02','2022-03-19 12:45:02'),(1573,1250,'1','1970-06-20','2022-03-19 12:45:02','2022-03-19 12:45:02'),(1574,1250,'1','1970-06-21','2022-03-19 12:45:02','2022-03-19 12:45:02'),(1575,1250,'1','1970-06-22','2022-03-19 12:45:02','2022-03-19 12:45:02'),(1576,1250,'1','1970-06-23','2022-03-19 12:45:02','2022-03-19 12:45:02'),(1577,1250,'1','1970-06-24','2022-03-19 12:45:02','2022-03-19 12:45:02'),(1578,1250,'1','1970-06-25','2022-03-19 12:45:02','2022-03-19 12:45:02'),(1579,1250,'1','1970-06-26','2022-03-19 12:45:02','2022-03-19 12:45:02'),(1580,1250,'1','1970-06-27','2022-03-19 12:45:02','2022-03-19 12:45:02'),(1581,1250,'1','1970-06-28','2022-03-19 12:45:02','2022-03-19 12:45:02'),(1582,1250,'1','1970-06-29','2022-03-19 12:45:02','2022-03-19 12:45:02'),(1583,1250,'1','1970-06-30','2022-03-19 12:45:02','2022-03-19 12:45:02'),(1584,1250,'1','1970-07-01','2022-03-19 12:45:02','2022-03-19 12:45:02'),(1585,1250,'1','1970-07-02','2022-03-19 12:45:02','2022-03-19 12:45:02'),(1586,1250,'1','1970-07-03','2022-03-19 12:45:02','2022-03-19 12:45:02'),(1587,1250,'1','1970-07-04','2022-03-19 12:45:02','2022-03-19 12:45:02'),(1588,1250,'1','1970-07-05','2022-03-19 12:45:02','2022-03-19 12:45:02'),(1589,1250,'1','1970-07-06','2022-03-19 12:45:02','2022-03-19 12:45:02'),(1590,1250,'1','1970-07-07','2022-03-19 12:45:03','2022-03-19 12:45:03'),(1591,1250,'1','1970-07-08','2022-03-19 12:45:03','2022-03-19 12:45:03'),(1592,1250,'1','1970-07-09','2022-03-19 12:45:03','2022-03-19 12:45:03'),(1593,1250,'1','1970-07-10','2022-03-19 12:45:03','2022-03-19 12:45:03'),(1594,1250,'1','1970-07-11','2022-03-19 12:45:03','2022-03-19 12:45:03'),(1595,1250,'1','1970-07-12','2022-03-19 12:45:03','2022-03-19 12:45:03'),(1596,1250,'1','1970-07-13','2022-03-19 12:45:03','2022-03-19 12:45:03'),(1597,1250,'1','1970-07-14','2022-03-19 12:45:03','2022-03-19 12:45:03'),(1598,1250,'1','1970-07-15','2022-03-19 12:45:03','2022-03-19 12:45:03'),(1599,1250,'1','1970-07-16','2022-03-19 12:45:03','2022-03-19 12:45:03'),(1600,1250,'1','1970-07-17','2022-03-19 12:45:03','2022-03-19 12:45:03'),(1601,1250,'1','1970-07-18','2022-03-19 12:45:03','2022-03-19 12:45:03'),(1602,1250,'1','1970-07-19','2022-03-19 12:45:03','2022-03-19 12:45:03'),(1603,1250,'1','1970-07-20','2022-03-19 12:45:03','2022-03-19 12:45:03'),(1604,1250,'1','1970-07-21','2022-03-19 12:45:03','2022-03-19 12:45:03'),(1605,1250,'1','1970-07-22','2022-03-19 12:45:03','2022-03-19 12:45:03'),(1606,1250,'1','1970-07-23','2022-03-19 12:45:03','2022-03-19 12:45:03'),(1607,1250,'1','1970-07-24','2022-03-19 12:45:03','2022-03-19 12:45:03'),(1608,1250,'1','1970-07-25','2022-03-19 12:45:03','2022-03-19 12:45:03'),(1609,1250,'1','1970-07-26','2022-03-19 12:45:03','2022-03-19 12:45:03'),(1610,1250,'1','1970-07-27','2022-03-19 12:45:04','2022-03-19 12:45:04'),(1611,1250,'1','1970-07-28','2022-03-19 12:45:04','2022-03-19 12:45:04'),(1612,1250,'1','1970-07-29','2022-03-19 12:45:04','2022-03-19 12:45:04'),(1613,1250,'1','1970-07-30','2022-03-19 12:45:04','2022-03-19 12:45:04'),(1614,1250,'1','1970-07-31','2022-03-19 12:45:04','2022-03-19 12:45:04'),(1615,1250,'1','1970-08-01','2022-03-19 12:45:04','2022-03-19 12:45:04'),(1616,1250,'1','1970-08-02','2022-03-19 12:45:04','2022-03-19 12:45:04'),(1617,1250,'1','1970-08-03','2022-03-19 12:45:04','2022-03-19 12:45:04'),(1618,1250,'1','1970-08-04','2022-03-19 12:45:04','2022-03-19 12:45:04'),(1619,1250,'1','1970-08-05','2022-03-19 12:45:04','2022-03-19 12:45:04'),(1620,1250,'1','1970-08-06','2022-03-19 12:45:04','2022-03-19 12:45:04'),(1621,1250,'1','1970-08-07','2022-03-19 12:45:04','2022-03-19 12:45:04'),(1622,1250,'1','1970-08-08','2022-03-19 12:45:04','2022-03-19 12:45:04'),(1623,1250,'1','1970-08-09','2022-03-19 12:45:04','2022-03-19 12:45:04'),(1624,1250,'1','1970-08-10','2022-03-19 12:45:04','2022-03-19 12:45:04'),(1625,1250,'1','1970-08-11','2022-03-19 12:45:04','2022-03-19 12:45:04'),(1626,1250,'1','1970-08-12','2022-03-19 12:45:04','2022-03-19 12:45:04'),(1627,1250,'1','1970-08-13','2022-03-19 12:45:04','2022-03-19 12:45:04'),(1628,1250,'1','1970-08-14','2022-03-19 12:45:04','2022-03-19 12:45:04'),(1629,1250,'1','1970-08-15','2022-03-19 12:45:04','2022-03-19 12:45:04'),(1630,1250,'1','1970-08-16','2022-03-19 12:45:04','2022-03-19 12:45:04'),(1631,1250,'1','1970-08-17','2022-03-19 12:45:04','2022-03-19 12:45:04'),(1632,1250,'1','1970-08-18','2022-03-19 12:45:04','2022-03-19 12:45:04'),(1633,1250,'1','1970-08-19','2022-03-19 12:45:05','2022-03-19 12:45:05'),(1634,1250,'1','1970-08-20','2022-03-19 12:45:05','2022-03-19 12:45:05'),(1635,1250,'1','1970-08-21','2022-03-19 12:45:05','2022-03-19 12:45:05'),(1636,1250,'1','1970-08-22','2022-03-19 12:45:05','2022-03-19 12:45:05'),(1637,1250,'1','1970-08-23','2022-03-19 12:45:05','2022-03-19 12:45:05'),(1638,1250,'1','1970-08-24','2022-03-19 12:45:05','2022-03-19 12:45:05'),(1639,1250,'1','1970-08-25','2022-03-19 12:45:05','2022-03-19 12:45:05'),(1640,1250,'1','1970-08-26','2022-03-19 12:45:05','2022-03-19 12:45:05'),(1641,1250,'1','1970-08-27','2022-03-19 12:45:05','2022-03-19 12:45:05'),(1642,1250,'1','1970-08-28','2022-03-19 12:45:05','2022-03-19 12:45:05'),(1643,1250,'1','1970-08-29','2022-03-19 12:45:05','2022-03-19 12:45:05'),(1644,1250,'1','1970-08-30','2022-03-19 12:45:05','2022-03-19 12:45:05'),(1645,1250,'1','1970-08-31','2022-03-19 12:45:05','2022-03-19 12:45:05'),(1646,1250,'1','1970-09-01','2022-03-19 12:45:05','2022-03-19 12:45:05'),(1647,1250,'1','1970-09-02','2022-03-19 12:45:05','2022-03-19 12:45:05'),(1648,1250,'1','1970-09-03','2022-03-19 12:45:05','2022-03-19 12:45:05'),(1649,1250,'1','1970-09-04','2022-03-19 12:45:05','2022-03-19 12:45:05'),(1650,1250,'1','1970-09-05','2022-03-19 12:45:05','2022-03-19 12:45:05'),(1651,1250,'1','1970-09-06','2022-03-19 12:45:05','2022-03-19 12:45:05'),(1652,1250,'1','1970-09-07','2022-03-19 12:45:06','2022-03-19 12:45:06'),(1653,1250,'1','1970-09-08','2022-03-19 12:45:06','2022-03-19 12:45:06'),(1654,1250,'1','1970-09-09','2022-03-19 12:45:06','2022-03-19 12:45:06'),(1655,1250,'1','1970-09-10','2022-03-19 12:45:06','2022-03-19 12:45:06'),(1656,1250,'1','1970-09-11','2022-03-19 12:45:06','2022-03-19 12:45:06'),(1657,1250,'1','1970-09-12','2022-03-19 12:45:06','2022-03-19 12:45:06'),(1658,1250,'1','1970-09-13','2022-03-19 12:45:06','2022-03-19 12:45:06'),(1659,1250,'1','1970-09-14','2022-03-19 12:45:06','2022-03-19 12:45:06'),(1660,1250,'1','1970-09-15','2022-03-19 12:45:06','2022-03-19 12:45:06'),(1661,1250,'1','1970-09-16','2022-03-19 12:45:06','2022-03-19 12:45:06'),(1662,1250,'1','1970-09-17','2022-03-19 12:45:06','2022-03-19 12:45:06'),(1663,1250,'1','1970-09-18','2022-03-19 12:45:06','2022-03-19 12:45:06'),(1664,1250,'1','1970-09-19','2022-03-19 12:45:06','2022-03-19 12:45:06'),(1665,1250,'1','1970-09-20','2022-03-19 12:45:06','2022-03-19 12:45:06'),(1666,1250,'1','1970-09-21','2022-03-19 12:45:06','2022-03-19 12:45:06'),(1667,1250,'1','1970-09-22','2022-03-19 12:45:07','2022-03-19 12:45:07'),(1668,1250,'1','1970-09-23','2022-03-19 12:45:07','2022-03-19 12:45:07'),(1669,1250,'1','1970-09-24','2022-03-19 12:45:07','2022-03-19 12:45:07'),(1670,1250,'1','1970-09-25','2022-03-19 12:45:07','2022-03-19 12:45:07'),(1671,1250,'1','1970-09-26','2022-03-19 12:45:07','2022-03-19 12:45:07'),(1672,1250,'1','1970-09-27','2022-03-19 12:45:07','2022-03-19 12:45:07'),(1673,1250,'1','1970-09-28','2022-03-19 12:45:07','2022-03-19 12:45:07'),(1674,1250,'1','1970-09-29','2022-03-19 12:45:07','2022-03-19 12:45:07'),(1675,1250,'1','1970-09-30','2022-03-19 12:45:07','2022-03-19 12:45:07'),(1676,1250,'1','1970-10-01','2022-03-19 12:45:07','2022-03-19 12:45:07'),(1677,1250,'1','1970-10-02','2022-03-19 12:45:07','2022-03-19 12:45:07'),(1678,1250,'1','1970-10-03','2022-03-19 12:45:07','2022-03-19 12:45:07'),(1679,1250,'1','1970-10-04','2022-03-19 12:45:07','2022-03-19 12:45:07'),(1680,1250,'1','1970-10-05','2022-03-19 12:45:07','2022-03-19 12:45:07'),(1681,1250,'1','1970-10-06','2022-03-19 12:45:07','2022-03-19 12:45:07'),(1682,1250,'1','1970-10-07','2022-03-19 12:45:07','2022-03-19 12:45:07'),(1683,1250,'1','1970-10-08','2022-03-19 12:45:07','2022-03-19 12:45:07'),(1684,1250,'1','1970-10-09','2022-03-19 12:45:07','2022-03-19 12:45:07'),(1685,1250,'1','1970-10-10','2022-03-19 12:45:07','2022-03-19 12:45:07'),(1686,1250,'1','1970-10-11','2022-03-19 12:45:07','2022-03-19 12:45:07'),(1687,1250,'1','1970-10-12','2022-03-19 12:45:07','2022-03-19 12:45:07'),(1688,1250,'1','1970-10-13','2022-03-19 12:45:08','2022-03-19 12:45:08'),(1689,1250,'1','1970-10-14','2022-03-19 12:45:08','2022-03-19 12:45:08'),(1690,1250,'1','1970-10-15','2022-03-19 12:45:08','2022-03-19 12:45:08'),(1691,1250,'1','1970-10-16','2022-03-19 12:45:08','2022-03-19 12:45:08'),(1692,1250,'1','1970-10-17','2022-03-19 12:45:08','2022-03-19 12:45:08'),(1693,1250,'1','1970-10-18','2022-03-19 12:45:08','2022-03-19 12:45:08'),(1694,1250,'1','1970-10-19','2022-03-19 12:45:08','2022-03-19 12:45:08'),(1695,1250,'1','1970-10-20','2022-03-19 12:45:08','2022-03-19 12:45:08'),(1696,1250,'1','1970-10-21','2022-03-19 12:45:08','2022-03-19 12:45:08'),(1697,1250,'1','1970-10-22','2022-03-19 12:45:08','2022-03-19 12:45:08'),(1698,1250,'1','1970-10-23','2022-03-19 12:45:08','2022-03-19 12:45:08'),(1699,1250,'1','1970-10-24','2022-03-19 12:45:08','2022-03-19 12:45:08'),(1700,1250,'1','1970-10-25','2022-03-19 12:45:08','2022-03-19 12:45:08'),(1701,1250,'1','1970-10-26','2022-03-19 12:45:08','2022-03-19 12:45:08'),(1702,1250,'1','1970-10-27','2022-03-19 12:45:08','2022-03-19 12:45:08'),(1703,1250,'1','1970-10-28','2022-03-19 12:45:08','2022-03-19 12:45:08'),(1704,1250,'1','1970-10-29','2022-03-19 12:45:08','2022-03-19 12:45:08'),(1705,1250,'1','1970-10-30','2022-03-19 12:45:08','2022-03-19 12:45:08'),(1706,1250,'1','1970-10-31','2022-03-19 12:45:08','2022-03-19 12:45:08'),(1707,1250,'1','1970-11-01','2022-03-19 12:45:08','2022-03-19 12:45:08'),(1708,1250,'1','1970-11-02','2022-03-19 12:45:08','2022-03-19 12:45:08'),(1709,1250,'1','1970-11-03','2022-03-19 12:45:08','2022-03-19 12:45:08'),(1710,1250,'1','1970-11-04','2022-03-19 12:45:08','2022-03-19 12:45:08'),(1711,1250,'1','1970-11-05','2022-03-19 12:45:08','2022-03-19 12:45:08'),(1712,1250,'1','1970-11-06','2022-03-19 12:45:09','2022-03-19 12:45:09'),(1713,1250,'1','1970-11-07','2022-03-19 12:45:09','2022-03-19 12:45:09'),(1714,1250,'1','1970-11-08','2022-03-19 12:45:09','2022-03-19 12:45:09'),(1715,1250,'1','1970-11-09','2022-03-19 12:45:09','2022-03-19 12:45:09'),(1716,1250,'1','1970-11-10','2022-03-19 12:45:09','2022-03-19 12:45:09'),(1717,1250,'1','1970-11-11','2022-03-19 12:45:09','2022-03-19 12:45:09'),(1718,1250,'1','1970-11-12','2022-03-19 12:45:09','2022-03-19 12:45:09'),(1719,1250,'1','1970-11-13','2022-03-19 12:45:09','2022-03-19 12:45:09'),(1720,1250,'1','1970-11-14','2022-03-19 12:45:09','2022-03-19 12:45:09'),(1721,1250,'1','1970-11-15','2022-03-19 12:45:10','2022-03-19 12:45:10'),(1722,1250,'1','1970-11-16','2022-03-19 12:45:10','2022-03-19 12:45:10'),(1723,1250,'1','1970-11-17','2022-03-19 12:45:10','2022-03-19 12:45:10'),(1724,1250,'1','1970-11-18','2022-03-19 12:45:10','2022-03-19 12:45:10'),(1725,1250,'1','1970-11-19','2022-03-19 12:45:10','2022-03-19 12:45:10'),(1726,1250,'1','1970-11-20','2022-03-19 12:45:10','2022-03-19 12:45:10'),(1727,1250,'1','1970-11-21','2022-03-19 12:45:10','2022-03-19 12:45:10'),(1728,1250,'1','1970-11-22','2022-03-19 12:45:10','2022-03-19 12:45:10'),(1729,1250,'1','1970-11-23','2022-03-19 12:45:10','2022-03-19 12:45:10'),(1730,1250,'1','1970-11-24','2022-03-19 12:45:10','2022-03-19 12:45:10'),(1731,1250,'1','1970-11-25','2022-03-19 12:45:11','2022-03-19 12:45:11'),(1732,1250,'1','1970-11-26','2022-03-19 12:45:11','2022-03-19 12:45:11'),(1733,1250,'1','1970-11-27','2022-03-19 12:45:12','2022-03-19 12:45:12'),(1734,1250,'1','1970-11-28','2022-03-19 12:45:12','2022-03-19 12:45:12'),(1735,1250,'1','1970-11-29','2022-03-19 12:45:12','2022-03-19 12:45:12'),(1736,1250,'1','1970-11-30','2022-03-19 12:45:12','2022-03-19 12:45:12'),(1737,1250,'1','1970-12-01','2022-03-19 12:45:13','2022-03-19 12:45:13'),(1738,1250,'1','1970-12-02','2022-03-19 12:45:13','2022-03-19 12:45:13'),(1739,1250,'1','1970-12-03','2022-03-19 12:45:13','2022-03-19 12:45:13'),(1740,1250,'1','1970-12-04','2022-03-19 12:45:13','2022-03-19 12:45:13'),(1741,1250,'1','1970-12-05','2022-03-19 12:45:13','2022-03-19 12:45:13'),(1742,1250,'1','1970-12-06','2022-03-19 12:45:13','2022-03-19 12:45:13'),(1743,1250,'1','1970-12-07','2022-03-19 12:45:13','2022-03-19 12:45:13'),(1744,1250,'1','1970-12-08','2022-03-19 12:45:13','2022-03-19 12:45:13'),(1745,1250,'1','1970-12-09','2022-03-19 12:45:13','2022-03-19 12:45:13'),(1746,1250,'1','1970-12-10','2022-03-19 12:45:13','2022-03-19 12:45:13'),(1747,1250,'1','1970-12-11','2022-03-19 12:45:13','2022-03-19 12:45:13'),(1748,1250,'1','1970-12-12','2022-03-19 12:45:13','2022-03-19 12:45:13'),(1749,1250,'1','1970-12-13','2022-03-19 12:45:13','2022-03-19 12:45:13'),(1750,1250,'1','1970-12-14','2022-03-19 12:45:14','2022-03-19 12:45:14'),(1751,1250,'1','1970-12-15','2022-03-19 12:45:14','2022-03-19 12:45:14'),(1752,1250,'1','1970-12-16','2022-03-19 12:45:14','2022-03-19 12:45:14'),(1753,1250,'1','1970-12-17','2022-03-19 12:45:14','2022-03-19 12:45:14'),(1754,1250,'1','1970-12-18','2022-03-19 12:45:14','2022-03-19 12:45:14'),(1755,1250,'1','1970-12-19','2022-03-19 12:45:14','2022-03-19 12:45:14'),(1756,1250,'1','1970-12-20','2022-03-19 12:45:14','2022-03-19 12:45:14'),(1757,1250,'1','1970-12-21','2022-03-19 12:45:14','2022-03-19 12:45:14'),(1758,1250,'1','1970-12-22','2022-03-19 12:45:15','2022-03-19 12:45:15'),(1759,1250,'1','1970-12-23','2022-03-19 12:45:15','2022-03-19 12:45:15'),(1760,1250,'1','1970-12-24','2022-03-19 12:45:15','2022-03-19 12:45:15'),(1761,1250,'1','1970-12-25','2022-03-19 12:45:15','2022-03-19 12:45:15'),(1762,1250,'1','1970-12-26','2022-03-19 12:45:15','2022-03-19 12:45:15'),(1763,1250,'1','1970-12-27','2022-03-19 12:45:15','2022-03-19 12:45:15'),(1764,1250,'1','1970-12-28','2022-03-19 12:45:15','2022-03-19 12:45:15'),(1765,1250,'1','1970-12-29','2022-03-19 12:45:15','2022-03-19 12:45:15'),(1766,1250,'1','1970-12-30','2022-03-19 12:45:15','2022-03-19 12:45:15'),(1767,1250,'1','1970-12-31','2022-03-19 12:45:15','2022-03-19 12:45:15');
/*!40000 ALTER TABLE `capacity_days` ENABLE KEYS */;
UNLOCK TABLES;
COMMIT;

-- Dumped table `capacity_days` with 1767 row(s)
--

--
-- Table structure for table `general_settings`
--

/*!40101 SET @saved_cs_client     = @@character_set_client */;
/*!40101 SET character_set_client = utf8 */;
CREATE TABLE `general_settings` (
  `id` bigint(20) unsigned NOT NULL AUTO_INCREMENT,
  `capacity` bigint(20) DEFAULT 1250,
  `logo` varchar(500) COLLATE utf8mb4_unicode_ci DEFAULT NULL,
  `title` varchar(500) COLLATE utf8mb4_unicode_ci DEFAULT NULL,
  `rev_tax` double NOT NULL DEFAULT 0,
  `rev_ent` double NOT NULL DEFAULT 0,
  `family_tax` double NOT NULL DEFAULT 0,
  `family_ent` double NOT NULL DEFAULT 0,
  `terms` text COLLATE utf8mb4_unicode_ci NOT NULL,
  `about` text COLLATE utf8mb4_unicode_ci NOT NULL,
  `address` text COLLATE utf8mb4_unicode_ci NOT NULL,
  `phone` varchar(255) COLLATE utf8mb4_unicode_ci DEFAULT NULL,
  `Team_phone` varchar(255) COLLATE utf8mb4_unicode_ci DEFAULT NULL,
  `group_organization_phone` varchar(255) COLLATE utf8mb4_unicode_ci DEFAULT NULL,
  `info_email` varchar(255) COLLATE utf8mb4_unicode_ci DEFAULT NULL,
  `sales_email` varchar(255) COLLATE utf8mb4_unicode_ci DEFAULT NULL,
  `twitter` varchar(255) COLLATE utf8mb4_unicode_ci DEFAULT NULL,
  `facebook` varchar(255) COLLATE utf8mb4_unicode_ci DEFAULT NULL,
  `instagram` varchar(255) COLLATE utf8mb4_unicode_ci DEFAULT NULL,
  `snap` varchar(255) COLLATE utf8mb4_unicode_ci DEFAULT NULL,
  `exit_time` time DEFAULT NULL,
  `created_at` timestamp NULL DEFAULT NULL,
  `updated_at` timestamp NULL DEFAULT NULL,
  PRIMARY KEY (`id`)
) ENGINE=InnoDB AUTO_INCREMENT=2 DEFAULT CHARSET=utf8mb4 COLLATE=utf8mb4_unicode_ci;
/*!40101 SET character_set_client = @saved_cs_client */;

--
-- Dumping data for table `general_settings`
--

LOCK TABLES `general_settings` WRITE;
/*!40000 ALTER TABLE `general_settings` DISABLE KEYS */;
SET autocommit=0;
INSERT INTO `general_settings` VALUES (1,1250,'assets/uploads/46121646213984.png','Sky Park',1.14,1,1.14,1,'At Sky Park, your courage will be put to test. Nothing can satisfy your lust for adventure as a set of professional obstacle courses elevated on three levels. and the higher up you go, the more challenging it will get. So, take a deep breath and set your sails towards Sky Park to prove yourself the ultimate champ.\r\n\r\nObstacle courses are established on four levels, Junior, Novice, Intermediate, and Expert. Each path goes another level higher than the one before and features some more challenging obstacles. No, we didn’t forget about our little ones. Children up to 5 years old have their own special route with obstacles tailored to match their age. Once you succeed to complete your mission and reach the finish line, your lips won’t refrain from keeping a smile on hold for the next couple of days.','At Sky Park, your courage will be put to test. Nothing can satisfy your lust for adventure as a set of professional obstacle courses elevated on three levels. and the higher up you go, the more challenging it will get. So, take a deep breath and set your sails towards Sky Park to prove yourself the ultimate champ.\r\n\r\nObstacle courses are established on four levels, Junior, Novice, Intermediate, and Expert. Each path goes another level higher than the one before and features some more challenging obstacles. No, we didn’t forget about our little ones. Children up to 5 years old have their own special route with obstacles tailored to match their age. Once you succeed to complete your mission and reach the finish line, your lips won’t refrain from keeping a smile on hold for the next couple of days.','Westown hub،, Beverly Hills,Al-Sheikh Zayed, Giza Governorate','01223303786','(+20) 105-080-9110','(+20) 1061844465','info@skypark.fun','sales@skypark.fun','https://www.twitter.com','https://www.facebook.com','https://www.instagram.com','https://www.snap.com','23:55:06',NULL,'2022-06-13 16:29:36');
/*!40000 ALTER TABLE `general_settings` ENABLE KEYS */;
UNLOCK TABLES;
COMMIT;

-- Dumped table `general_settings` with 1 row(s)
--

--
-- Table structure for table `about_us`
--

/*!40101 SET @saved_cs_client     = @@character_set_client */;
/*!40101 SET character_set_client = utf8 */;
CREATE TABLE `about_us` (
  `id` bigint(20) unsigned NOT NULL AUTO_INCREMENT,
  `title` varchar(255) COLLATE utf8mb4_unicode_ci DEFAULT NULL,
  `sub_title` varchar(255) COLLATE utf8mb4_unicode_ci DEFAULT NULL,
  `video` varchar(255) COLLATE utf8mb4_unicode_ci DEFAULT NULL,
  `type` enum('image','video') COLLATE utf8mb4_unicode_ci DEFAULT 'image',
  `desc` text COLLATE utf8mb4_unicode_ci DEFAULT NULL,
  `created_at` timestamp NULL DEFAULT NULL,
  `updated_at` timestamp NULL DEFAULT NULL,
  PRIMARY KEY (`id`)
) ENGINE=InnoDB AUTO_INCREMENT=12 DEFAULT CHARSET=utf8mb4 COLLATE=utf8mb4_unicode_ci;
/*!40101 SET character_set_client = @saved_cs_client */;

--
-- Dumping data for table `about_us`
--

LOCK TABLES `about_us` WRITE;
/*!40000 ALTER TABLE `about_us` DISABLE KEYS */;
SET autocommit=0;
INSERT INTO `about_us` VALUES (5,'UNMATCHED CONCEPT','CHALLENGING YET ENERGIZING',NULL,'image','At Sky Park, your courage will be put to test. Nothing can satisfy your lust for adventure as a set of professional obstacle courses elevated on three levels. and the higher up you go, the more challenging it will get. So, take a deep breath and set your sails towards Sky Park to prove yourself the ultimate champ. Obstacle courses are established on four levels, Junior, Novice, Intermediate, and Expert. Each path goes another level higher than the one before and features some more challenging obstacles. No, we didn’t forget about our little ones. Children up to 5 years old have their own special route with obstacles tailored to match their age. Once you succeed to complete your mission and reach the finish line, your lips won’t refrain from keeping a smile on hold for the next couple of days.','2022-03-06 06:10:40','2022-03-06 06:10:40'),(10,'SELF ACCOMPLISHMENT IS','OUR PHILOSOPHY','assets/uploads/about_us/66171646554047.mp4','video','Diamonds are formed through millions of years of intense heat and pressure, but watch how they came out to be. It’s just the same with humans, we always learn and come out better after passing through hardships and overcoming them. That’s what we aim at spreading through Sky Park. Once you decide to cling your harness to the course, there’s only one way down and that’s right at the end of your path. But as soon as you overcome your challenge you won’t be the same person who came up; A new, more joyful, more confident being who is always willing to take the risk and prove to himself that he is stronger.','2022-03-07 10:26:46','2022-03-06 06:07:27');
/*!40000 ALTER TABLE `about_us` ENABLE KEYS */;
UNLOCK TABLES;
COMMIT;

-- Dumped table `about_us` with 2 row(s)
--

--
-- Table structure for table `reservations_birth_day_infos`
--

/*!40101 SET @saved_cs_client     = @@character_set_client */;
/*!40101 SET character_set_client = utf8 */;
CREATE TABLE `reservations_birth_day_infos` (
  `id` bigint(20) unsigned NOT NULL AUTO_INCREMENT,
  `rev_id` bigint(20) unsigned DEFAULT NULL,
  `name` varchar(500) COLLATE utf8mb4_unicode_ci DEFAULT NULL,
  `email` varchar(500) COLLATE utf8mb4_unicode_ci DEFAULT NULL,
  `phone` varchar(50) COLLATE utf8mb4_unicode_ci DEFAULT NULL,
  `gender` enum('male','female') COLLATE utf8mb4_unicode_ci DEFAULT NULL,
  `birthday` date DEFAULT NULL,
  `created_at` timestamp NULL DEFAULT NULL,
  `updated_at` timestamp NULL DEFAULT NULL,
  PRIMARY KEY (`id`),
  KEY `reservations_birth_day_infos_rev_id_foreign` (`rev_id`),
  CONSTRAINT `reservations_birth_day_infos_rev_id_foreign` FOREIGN KEY (`rev_id`) REFERENCES `reservations` (`id`) ON DELETE CASCADE
) ENGINE=InnoDB AUTO_INCREMENT=10 DEFAULT CHARSET=utf8mb4 COLLATE=utf8mb4_unicode_ci;
/*!40101 SET character_set_client = @saved_cs_client */;

--
-- Dumping data for table `reservations_birth_day_infos`
--

LOCK TABLES `reservations_birth_day_infos` WRITE;
/*!40000 ALTER TABLE `reservations_birth_day_infos` DISABLE KEYS */;
SET autocommit=0;
INSERT INTO `reservations_birth_day_infos` VALUES (3,NULL,NULL,NULL,NULL,NULL,NULL,'2022-03-19 10:30:04','2022-03-19 10:30:04'),(4,NULL,NULL,NULL,NULL,NULL,NULL,'2022-05-17 13:19:08','2022-05-17 13:19:08'),(5,NULL,NULL,NULL,NULL,NULL,NULL,'2022-05-21 14:13:46','2022-05-21 14:13:46'),(6,NULL,NULL,NULL,NULL,NULL,NULL,'2022-06-06 18:26:01','2022-06-06 18:26:01'),(7,NULL,NULL,NULL,NULL,NULL,NULL,'2022-06-07 11:16:59','2022-06-07 11:16:59'),(8,NULL,NULL,NULL,NULL,NULL,NULL,'2022-06-07 11:20:56','2022-06-07 11:20:56'),(9,NULL,NULL,NULL,NULL,NULL,NULL,'2022-06-07 11:25:36','2022-06-07 11:25:36');
/*!40000 ALTER TABLE `reservations_birth_day_infos` ENABLE KEYS */;
UNLOCK TABLES;
COMMIT;

-- Dumped table `reservations_birth_day_infos` with 7 row(s)
--

/*!40103 SET TIME_ZONE=@OLD_TIME_ZONE */;
/*!40101 SET SQL_MODE=@OLD_SQL_MODE */;
/*!40014 SET FOREIGN_KEY_CHECKS=@OLD_FOREIGN_KEY_CHECKS */;
/*!40014 SET UNIQUE_CHECKS=@OLD_UNIQUE_CHECKS */;
/*!40101 SET CHARACTER_SET_CLIENT=@OLD_CHARACTER_SET_CLIENT */;
/*!40101 SET CHARACTER_SET_RESULTS=@OLD_CHARACTER_SET_RESULTS */;
/*!40101 SET COLLATION_CONNECTION=@OLD_COLLATION_CONNECTION */;
/*!40111 SET SQL_NOTES=@OLD_SQL_NOTES */;

-- Dump completed on: Mon, 20 Jun 2022 17:43:53 +0200
