-- phpMyAdmin SQL Dump
-- version 5.1.1
-- https://www.phpmyadmin.net/
--
-- Host: 127.0.0.1
-- Generation Time: Apr 26, 2022 at 10:17 AM
-- Server version: 10.4.22-MariaDB
-- PHP Version: 7.4.26

SET SQL_MODE = "NO_AUTO_VALUE_ON_ZERO";
START TRANSACTION;
SET time_zone = "+00:00";


/*!40101 SET @OLD_CHARACTER_SET_CLIENT=@@CHARACTER_SET_CLIENT */;
/*!40101 SET @OLD_CHARACTER_SET_RESULTS=@@CHARACTER_SET_RESULTS */;
/*!40101 SET @OLD_COLLATION_CONNECTION=@@COLLATION_CONNECTION */;
/*!40101 SET NAMES utf8mb4 */;

--
-- Database: `skypark`
--

-- --------------------------------------------------------

--
-- Table structure for table `about_us`
--

CREATE TABLE `about_us` (
  `id` bigint(20) UNSIGNED NOT NULL,
  `title` varchar(255) COLLATE utf8mb4_unicode_ci DEFAULT NULL,
  `sub_title` varchar(255) COLLATE utf8mb4_unicode_ci DEFAULT NULL,
  `video` varchar(255) COLLATE utf8mb4_unicode_ci DEFAULT NULL,
  `type` enum('image','video') COLLATE utf8mb4_unicode_ci DEFAULT 'image',
  `desc` text COLLATE utf8mb4_unicode_ci DEFAULT NULL,
  `created_at` timestamp NULL DEFAULT NULL,
  `updated_at` timestamp NULL DEFAULT NULL
) ENGINE=InnoDB DEFAULT CHARSET=utf8mb4 COLLATE=utf8mb4_unicode_ci;

--
-- Dumping data for table `about_us`
--

INSERT INTO `about_us` (`id`, `title`, `sub_title`, `video`, `type`, `desc`, `created_at`, `updated_at`) VALUES
(5, 'UNMATCHED CONCEPT', 'CHALLENGING YET ENERGIZING', NULL, 'image', 'At Sky Park, your courage will be put to test. Nothing can satisfy your lust for adventure as a set of professional obstacle courses elevated on three levels. and the higher up you go, the more challenging it will get. So, take a deep breath and set your sails towards Sky Park to prove yourself the ultimate champ. Obstacle courses are established on four levels, Junior, Novice, Intermediate, and Expert. Each path goes another level higher than the one before and features some more challenging obstacles. No, we didn’t forget about our little ones. Children up to 5 years old have their own special route with obstacles tailored to match their age. Once you succeed to complete your mission and reach the finish line, your lips won’t refrain from keeping a smile on hold for the next couple of days.', '2022-03-06 06:10:40', '2022-03-06 06:10:40'),
(10, 'SELF ACCOMPLISHMENT IS', 'OUR PHILOSOPHY', 'assets/uploads/about_us/66171646554047.mp4', 'video', 'Diamonds are formed through millions of years of intense heat and pressure, but watch how they came out to be. It’s just the same with humans, we always learn and come out better after passing through hardships and overcoming them. That’s what we aim at spreading through Sky Park. Once you decide to cling your harness to the course, there’s only one way down and that’s right at the end of your path. But as soon as you overcome your challenge you won’t be the same person who came up; A new, more joyful, more confident being who is always willing to take the risk and prove to himself that he is stronger.', '2022-03-07 10:26:46', '2022-03-06 06:07:27');

-- --------------------------------------------------------

--
-- Table structure for table `activities`
--

CREATE TABLE `activities` (
  `id` bigint(20) UNSIGNED NOT NULL,
  `title` varchar(255) COLLATE utf8mb4_unicode_ci DEFAULT NULL,
  `sub_title` varchar(255) COLLATE utf8mb4_unicode_ci DEFAULT NULL,
  `photo` varchar(255) COLLATE utf8mb4_unicode_ci DEFAULT NULL,
  `desc` text COLLATE utf8mb4_unicode_ci DEFAULT NULL,
  `created_at` timestamp NULL DEFAULT NULL,
  `updated_at` timestamp NULL DEFAULT NULL
) ENGINE=InnoDB DEFAULT CHARSET=utf8mb4 COLLATE=utf8mb4_unicode_ci;

--
-- Dumping data for table `activities`
--

INSERT INTO `activities` (`id`, `title`, `sub_title`, `photo`, `desc`, `created_at`, `updated_at`) VALUES
(2, NULL, 'EXPERT ?', 'assets/uploads/activities/46181646040595.jpg', 'Are you brave enough to walk on some wooden logs supported with nothing but a pair of ropes, or hang on a climbing wall at a height of around 30 meters? One thing is certain to be said, this course is not for the faint-hearted, but once you get it over with, nothing more can stand in your way.', '2022-03-28 09:23:18', '2022-02-28 09:29:55'),
(3, 'OR JUST', 'SKILLED ?', 'assets/uploads/activities/29401646040675.jpg', 'This course is designed to put your physical and mental skills up to the test. A challenge that would make your mind erupt with joy and your heart with pleasure. Your knees might be shaking but a smile is certain to stay put on your face.', '2022-03-27 09:23:18', '2022-02-28 09:31:15'),
(4, 'MAYBE YOU\'RE A', 'NOVICE ?', 'assets/uploads/activities/36491646040722.jpg', 'If you are still a newbie when it comes to climbing and hanging on ropes, or if you just need a warmup prior to going rough. the orange course is your best choice. Here, you can test your skills before going wild on a tougher and higher level.', '2022-03-26 09:23:18', '2022-02-28 09:32:02'),
(5, 'I AM JUST A', 'JUNIOR  !', 'assets/uploads/activities/71351646040771.jpg', 'Who said adventure is only for adults?! Sky Park has a special course designed with our little, beloved ones in mind, offering them the same challenging experience but with a touch of simplicity.', '2022-03-25 09:23:18', '2022-02-28 09:32:51');

-- --------------------------------------------------------

--
-- Table structure for table `admins`
--

CREATE TABLE `admins` (
  `id` bigint(20) UNSIGNED NOT NULL,
  `name` varchar(255) COLLATE utf8mb4_unicode_ci DEFAULT NULL,
  `email` varchar(255) COLLATE utf8mb4_unicode_ci DEFAULT NULL,
  `password` varchar(255) COLLATE utf8mb4_unicode_ci DEFAULT NULL,
  `photo` varchar(255) COLLATE utf8mb4_unicode_ci DEFAULT NULL,
  `created_at` timestamp NULL DEFAULT NULL,
  `updated_at` timestamp NULL DEFAULT NULL
) ENGINE=InnoDB DEFAULT CHARSET=utf8mb4 COLLATE=utf8mb4_unicode_ci;

--
-- Dumping data for table `admins`
--

INSERT INTO `admins` (`id`, `name`, `email`, `password`, `photo`, `created_at`, `updated_at`) VALUES
(1, 'admin', 'admin@admin.com', '$2y$10$.JU9IVY4Tf5LvpN2UFxh3upmuTgpzWSX7Ddoqtx.k78jD5nKeWLNC', NULL, '2022-02-21 14:30:06', '2022-03-06 05:57:53'),
(8, 'Christian Compton', 'bykogofi@mailinator.com', '$2y$10$n7skrXAiEgdYuzroqZdqt.QJ0s4fqMxG4uewXxPrPe6lC59FgjneW', 'assets/uploads/admins/98411645539298.jpg', '2022-02-22 12:14:58', '2022-02-22 12:14:58'),
(10, 'Wynne Gutierrez', 'lyxuzapo@mailinator.com', '$2y$10$4ACs1Cs5zWN8SNwXtV9s7.3GqsHmdOFl5zLOry71ZgNh6o43AgBjO', 'assets/uploads/admins/3321645539392.jpg', '2022-02-22 12:16:33', '2022-02-22 12:16:33'),
(11, 'Noelle Barker', 'hasal@mailinator.com', '$2y$10$LwOsMgZKAOofXm5/JVIZUeMmNh957yeE8MNasQOZ85piuHHfTewNa', NULL, '2022-02-22 12:25:16', '2022-02-22 12:25:16'),
(12, 'Mohamed', 'mohamed@yahoo.com', '$2y$10$CzCvP8Fa3KRImfHyyvyXYOd6faoV/UBx3LuuOTuu3AoJZ7tLw8drS', NULL, '2022-02-23 05:03:48', '2022-02-23 05:03:48');

-- --------------------------------------------------------

--
-- Table structure for table `bracelets`
--

CREATE TABLE `bracelets` (
  `id` bigint(20) UNSIGNED NOT NULL,
  `title` varchar(255) COLLATE utf8mb4_unicode_ci NOT NULL,
  `status` enum('0','1') COLLATE utf8mb4_unicode_ci NOT NULL DEFAULT '1',
  `created_at` timestamp NULL DEFAULT NULL,
  `updated_at` timestamp NULL DEFAULT NULL
) ENGINE=InnoDB DEFAULT CHARSET=utf8mb4 COLLATE=utf8mb4_unicode_ci;

--
-- Dumping data for table `bracelets`
--

INSERT INTO `bracelets` (`id`, `title`, `status`, `created_at`, `updated_at`) VALUES
(1, 'A01', '0', NULL, '2022-03-20 06:25:43'),
(2, 'B02', '0', NULL, '2022-03-20 06:26:23'),
(3, 'B03', '0', NULL, '2022-03-20 06:33:08'),
(4, 'R01', '0', NULL, '2022-03-20 06:33:46'),
(5, 'R02', '0', NULL, '2022-03-21 08:51:27'),
(6, 'R03', '0', NULL, '2022-03-21 08:51:22'),
(7, 'A09', '1', '2022-02-23 09:19:09', '2022-03-06 10:41:49'),
(11, 'R04', '1', NULL, '2022-03-19 10:47:33');

-- --------------------------------------------------------

--
-- Table structure for table `capacity_days`
--

CREATE TABLE `capacity_days` (
  `id` bigint(20) UNSIGNED NOT NULL,
  `count` bigint(20) DEFAULT 1250,
  `status` varchar(5) COLLATE utf8mb4_unicode_ci DEFAULT '1',
  `day` date NOT NULL,
  `created_at` timestamp NULL DEFAULT NULL,
  `updated_at` timestamp NULL DEFAULT NULL
) ENGINE=InnoDB DEFAULT CHARSET=utf8mb4 COLLATE=utf8mb4_unicode_ci;

--
-- Dumping data for table `capacity_days`
--

INSERT INTO `capacity_days` (`id`, `count`, `status`, `day`, `created_at`, `updated_at`) VALUES
(1, 60, '1', '2022-02-20', '2022-02-12 09:28:04', '2022-02-12 09:28:04'),
(2, 1250, '1', '2022-03-02', '2022-02-12 09:28:04', '2022-02-12 09:28:04'),
(3, 1250, '1', '2022-03-03', '2022-02-12 09:28:04', '2022-02-12 09:28:04'),
(4, 1250, '1', '2022-03-04', '2022-02-12 09:28:04', '2022-02-12 09:28:04'),
(5, 10, '1', '2022-03-05', '2022-02-12 09:28:04', '2022-02-12 09:28:04'),
(6, 1250, '1', '2022-03-06', '2022-02-12 09:28:04', '2022-02-12 09:28:04'),
(7, 1250, '1', '2022-03-07', '2022-02-12 09:28:04', '2022-02-12 09:28:04'),
(8, 1250, '1', '2022-03-08', '2022-02-12 09:28:04', '2022-02-12 09:28:04'),
(9, 1250, '1', '2022-03-09', '2022-02-12 09:28:04', '2022-02-12 09:28:04'),
(10, 1250, '1', '2022-03-10', '2022-02-12 09:28:04', '2022-02-12 09:28:04'),
(11, 1250, '1', '2022-03-11', '2022-02-12 09:28:04', '2022-02-12 09:28:04'),
(12, 1250, '1', '2022-03-12', '2022-02-12 09:28:04', '2022-02-12 09:28:04'),
(13, 1250, '1', '2022-03-13', '2022-02-12 09:28:04', '2022-02-12 09:28:04'),
(14, 1250, '1', '2022-03-14', '2022-02-12 09:28:04', '2022-02-12 09:28:04'),
(15, 1250, '1', '2022-03-15', '2022-02-12 09:28:04', '2022-02-12 09:28:04'),
(16, 1250, '1', '2022-03-16', '2022-02-12 09:28:04', '2022-02-12 09:28:04'),
(17, 1250, '1', '2022-03-17', '2022-02-12 09:28:04', '2022-02-12 09:28:04'),
(18, 1250, '1', '2022-03-18', '2022-02-12 09:28:04', '2022-02-12 09:28:04'),
(19, 1250, '1', '2022-03-19', '2022-02-12 09:28:04', '2022-02-12 09:28:04'),
(20, 1250, '1', '2022-03-20', '2022-02-12 09:28:04', '2022-02-12 09:28:04'),
(21, 1250, '1', '2022-03-21', '2022-02-12 09:28:04', '2022-02-12 09:28:04'),
(22, 1250, '1', '2022-03-22', '2022-02-12 09:28:04', '2022-02-12 09:28:04'),
(23, 1250, '1', '2022-03-23', '2022-02-12 09:28:04', '2022-02-12 09:28:04'),
(24, 1250, '1', '2022-03-24', '2022-02-12 09:28:04', '2022-02-12 09:28:04'),
(25, 1250, '1', '2022-03-25', '2022-02-12 09:28:04', '2022-02-12 09:28:04'),
(26, 1250, '1', '2022-03-26', '2022-02-12 09:28:04', '2022-02-12 09:28:04'),
(27, 1250, '1', '2022-03-27', '2022-02-12 09:28:04', '2022-02-12 09:28:04'),
(28, 1250, '1', '2022-03-28', '2022-02-12 09:28:04', '2022-02-12 09:28:04'),
(29, 1250, '1', '2022-03-29', '2022-02-12 09:28:04', '2022-02-12 09:28:04'),
(30, 1250, '1', '2022-03-30', '2022-02-12 09:28:04', '2022-02-12 09:28:04'),
(31, 1250, '1', '2022-03-31', '2022-02-12 09:28:04', '2022-02-12 09:28:04'),
(32, 1250, '1', '2022-04-01', '2022-02-12 09:28:04', '2022-02-12 09:28:04'),
(33, 1250, '1', '2022-04-02', '2022-02-12 09:28:04', '2022-02-12 09:28:04'),
(34, 1250, '1', '2022-04-03', '2022-02-12 09:28:04', '2022-02-12 09:28:04'),
(35, 1250, '1', '2022-04-04', '2022-02-12 09:28:04', '2022-02-12 09:28:04'),
(36, 1250, '1', '2022-04-05', '2022-02-12 09:28:04', '2022-02-12 09:28:04'),
(37, 1250, '1', '2022-04-06', '2022-02-12 09:28:04', '2022-02-12 09:28:04'),
(38, 1250, '1', '2022-04-07', '2022-02-12 09:28:04', '2022-02-12 09:28:04'),
(39, 1250, '1', '2022-04-08', '2022-02-12 09:28:04', '2022-02-12 09:28:04'),
(40, 1250, '1', '2022-04-09', '2022-02-12 09:28:04', '2022-02-12 09:28:04'),
(41, 1250, '1', '2022-04-10', '2022-02-12 09:28:04', '2022-02-12 09:28:04'),
(42, 1250, '1', '2022-04-11', '2022-02-12 09:28:04', '2022-02-12 09:28:04'),
(43, 1250, '1', '2022-04-12', '2022-02-12 09:28:04', '2022-02-12 09:28:04'),
(44, 1250, '1', '2022-04-13', '2022-02-12 09:28:04', '2022-02-12 09:28:04'),
(45, 1250, '1', '2022-04-14', '2022-02-12 09:28:04', '2022-02-12 09:28:04'),
(46, 1250, '1', '2022-04-15', '2022-02-12 09:28:04', '2022-02-12 09:28:04'),
(47, 1250, '1', '2022-04-16', '2022-02-12 09:28:04', '2022-02-12 09:28:04'),
(48, 1250, '1', '2022-04-17', '2022-02-12 09:28:04', '2022-02-12 09:28:04'),
(49, 1250, '1', '2022-04-18', '2022-02-12 09:28:04', '2022-02-12 09:28:04'),
(50, 1250, '1', '2022-04-19', '2022-02-12 09:28:04', '2022-02-12 09:28:04'),
(51, 1250, '1', '2022-04-20', '2022-02-12 09:28:04', '2022-02-12 09:28:04'),
(52, 1250, '1', '2022-04-21', '2022-02-12 09:28:04', '2022-02-12 09:28:04'),
(53, 1250, '1', '2022-04-22', '2022-02-12 09:28:04', '2022-02-12 09:28:04'),
(54, 1250, '1', '2022-04-23', '2022-02-12 09:28:04', '2022-02-12 09:28:04'),
(55, 1250, '1', '2022-04-24', '2022-02-12 09:28:04', '2022-02-12 09:28:04'),
(56, 1250, '1', '2022-04-25', '2022-02-12 09:28:04', '2022-02-12 09:28:04'),
(57, 1250, '1', '2022-04-26', '2022-02-12 09:28:04', '2022-02-12 09:28:04'),
(58, 1250, '1', '2022-04-27', '2022-02-12 09:28:04', '2022-02-12 09:28:04'),
(59, 1250, '1', '2022-04-28', '2022-02-12 09:28:04', '2022-02-12 09:28:04'),
(60, 1250, '1', '2022-04-29', '2022-02-12 09:28:04', '2022-02-12 09:28:04'),
(61, 1250, '1', '2022-04-30', '2022-02-12 09:28:04', '2022-02-12 09:28:04'),
(62, 1250, '1', '2022-05-01', '2022-02-12 09:28:04', '2022-02-12 09:28:04'),
(63, 1250, '1', '2022-05-02', '2022-02-12 09:28:04', '2022-02-12 09:28:04'),
(64, 1250, '1', '2022-05-03', '2022-02-12 09:28:04', '2022-02-12 09:28:04'),
(65, 1250, '1', '2022-05-04', '2022-02-12 09:28:04', '2022-02-12 09:28:04'),
(66, 1250, '1', '2022-05-05', '2022-02-12 09:28:04', '2022-02-12 09:28:04'),
(67, 1250, '1', '2022-05-06', '2022-02-12 09:28:04', '2022-02-12 09:28:04'),
(68, 1250, '1', '2022-05-07', '2022-02-12 09:28:04', '2022-02-12 09:28:04'),
(69, 1250, '1', '2022-05-08', '2022-02-12 09:28:04', '2022-02-12 09:28:04'),
(70, 1250, '1', '2022-05-09', '2022-02-12 09:28:04', '2022-02-12 09:28:04'),
(71, 1250, '1', '2022-05-10', '2022-02-12 09:28:04', '2022-02-12 09:28:04'),
(72, 1250, '1', '2022-05-11', '2022-02-12 09:28:04', '2022-02-12 09:28:04'),
(73, 1250, '1', '2022-05-12', '2022-02-12 09:28:04', '2022-02-12 09:28:04'),
(74, 1250, '1', '2022-05-13', '2022-02-12 09:28:04', '2022-02-12 09:28:04'),
(75, 1250, '1', '2022-05-14', '2022-02-12 09:28:04', '2022-02-12 09:28:04'),
(76, 1250, '1', '2022-05-15', '2022-02-12 09:28:04', '2022-02-12 09:28:04'),
(77, 1250, '1', '2022-05-16', '2022-02-12 09:28:04', '2022-02-12 09:28:04'),
(78, 1250, '1', '2022-05-17', '2022-02-12 09:28:04', '2022-02-12 09:28:04'),
(79, 1250, '1', '2022-05-18', '2022-02-12 09:28:04', '2022-02-12 09:28:04'),
(80, 1250, '1', '2022-05-19', '2022-02-12 09:28:04', '2022-02-12 09:28:04'),
(81, 1250, '1', '2022-05-20', '2022-02-12 09:28:04', '2022-02-12 09:28:04'),
(82, 1250, '1', '2022-05-21', '2022-02-12 09:28:04', '2022-02-12 09:28:04'),
(83, 1250, '1', '2022-05-22', '2022-02-12 09:28:04', '2022-02-12 09:28:04'),
(84, 1250, '1', '2022-05-23', '2022-02-12 09:28:04', '2022-02-12 09:28:04'),
(85, 1250, '1', '2022-05-24', '2022-02-12 09:28:04', '2022-02-12 09:28:04'),
(86, 1250, '1', '2022-05-25', '2022-02-12 09:28:04', '2022-02-12 09:28:04'),
(87, 1250, '1', '2022-05-26', '2022-02-12 09:28:04', '2022-02-12 09:28:04'),
(88, 1250, '1', '2022-05-27', '2022-02-12 09:28:04', '2022-02-12 09:28:04'),
(89, 1250, '1', '2022-05-28', '2022-02-12 09:28:04', '2022-02-12 09:28:04'),
(90, 1250, '1', '2022-05-29', '2022-02-12 09:28:04', '2022-02-12 09:28:04'),
(91, 1250, '1', '2022-05-30', '2022-02-12 09:28:04', '2022-02-12 09:28:04'),
(92, 1250, '1', '2022-05-31', '2022-02-12 09:28:04', '2022-02-12 09:28:04'),
(93, 1250, '1', '2022-06-01', '2022-02-12 09:28:04', '2022-02-12 09:28:04'),
(94, 1250, '1', '2022-06-02', '2022-02-12 09:28:04', '2022-02-12 09:28:04'),
(95, 1250, '1', '2022-06-03', '2022-02-12 09:28:04', '2022-02-12 09:28:04'),
(96, 1250, '1', '2022-06-04', '2022-02-12 09:28:04', '2022-02-12 09:28:04'),
(97, 1250, '1', '2022-06-05', '2022-02-12 09:28:04', '2022-02-12 09:28:04'),
(98, 1250, '1', '2022-06-06', '2022-02-12 09:28:04', '2022-02-12 09:28:04'),
(99, 1250, '1', '2022-06-07', '2022-02-12 09:28:04', '2022-02-12 09:28:04'),
(100, 1250, '1', '2022-06-08', '2022-02-12 09:28:04', '2022-02-12 09:28:04'),
(101, 1250, '1', '2022-06-09', '2022-02-12 09:28:04', '2022-02-12 09:28:04'),
(102, 1250, '1', '2022-06-10', '2022-02-12 09:28:04', '2022-02-12 09:28:04'),
(103, 1250, '1', '2022-06-11', '2022-02-12 09:28:04', '2022-02-12 09:28:04'),
(104, 1250, '1', '2022-06-12', '2022-02-12 09:28:04', '2022-02-12 09:28:04'),
(105, 1250, '1', '2022-06-13', '2022-02-12 09:28:04', '2022-02-12 09:28:04'),
(106, 1250, '1', '2022-06-14', '2022-02-12 09:28:04', '2022-02-12 09:28:04'),
(107, 1250, '1', '2022-06-15', '2022-02-12 09:28:04', '2022-02-12 09:28:04'),
(108, 1250, '1', '2022-06-16', '2022-02-12 09:28:04', '2022-02-12 09:28:04'),
(109, 1250, '1', '2022-06-17', '2022-02-12 09:28:04', '2022-02-12 09:28:04'),
(110, 1250, '1', '2022-06-18', '2022-02-12 09:28:04', '2022-02-12 09:28:04'),
(111, 1250, '1', '2022-06-19', '2022-02-12 09:28:04', '2022-02-12 09:28:04'),
(112, 1250, '1', '2022-06-20', '2022-02-12 09:28:05', '2022-02-12 09:28:05'),
(113, 1250, '1', '2022-06-21', '2022-02-12 09:28:05', '2022-02-12 09:28:05'),
(114, 1250, '1', '2022-06-22', '2022-02-12 09:28:05', '2022-02-12 09:28:05'),
(115, 1250, '1', '2022-06-23', '2022-02-12 09:28:05', '2022-02-12 09:28:05'),
(116, 1250, '1', '2022-06-24', '2022-02-12 09:28:05', '2022-02-12 09:28:05'),
(117, 1250, '1', '2022-06-25', '2022-02-12 09:28:05', '2022-02-12 09:28:05'),
(118, 1250, '1', '2022-06-26', '2022-02-12 09:28:05', '2022-02-12 09:28:05'),
(119, 1250, '1', '2022-06-27', '2022-02-12 09:28:05', '2022-02-12 09:28:05'),
(120, 1250, '1', '2022-06-28', '2022-02-12 09:28:05', '2022-02-12 09:28:05'),
(121, 1250, '1', '2022-06-29', '2022-02-12 09:28:05', '2022-02-12 09:28:05'),
(122, 1250, '1', '2022-06-30', '2022-02-12 09:28:05', '2022-02-12 09:28:05'),
(123, 1250, '1', '2022-07-01', '2022-02-12 09:28:05', '2022-02-12 09:28:05'),
(124, 1250, '1', '2022-07-02', '2022-02-12 09:28:05', '2022-02-12 09:28:05'),
(125, 1250, '1', '2022-07-03', '2022-02-12 09:28:05', '2022-02-12 09:28:05'),
(126, 1250, '1', '2022-07-04', '2022-02-12 09:28:05', '2022-02-12 09:28:05'),
(127, 1250, '1', '2022-07-05', '2022-02-12 09:28:05', '2022-02-12 09:28:05'),
(128, 1250, '1', '2022-07-06', '2022-02-12 09:28:05', '2022-02-12 09:28:05'),
(129, 1250, '1', '2022-07-07', '2022-02-12 09:28:05', '2022-02-12 09:28:05'),
(130, 1250, '1', '2022-07-08', '2022-02-12 09:28:05', '2022-02-12 09:28:05'),
(131, 1250, '1', '2022-07-09', '2022-02-12 09:28:05', '2022-02-12 09:28:05'),
(132, 1250, '1', '2022-07-10', '2022-02-12 09:28:05', '2022-02-12 09:28:05'),
(133, 1250, '1', '2022-07-11', '2022-02-12 09:28:05', '2022-02-12 09:28:05'),
(134, 1250, '1', '2022-07-12', '2022-02-12 09:28:05', '2022-02-12 09:28:05'),
(135, 1250, '1', '2022-07-13', '2022-02-12 09:28:05', '2022-02-12 09:28:05'),
(136, 1250, '1', '2022-07-14', '2022-02-12 09:28:05', '2022-02-12 09:28:05'),
(137, 1250, '1', '2022-07-15', '2022-02-12 09:28:05', '2022-02-12 09:28:05'),
(138, 1250, '1', '2022-07-16', '2022-02-12 09:28:05', '2022-02-12 09:28:05'),
(139, 1250, '1', '2022-07-17', '2022-02-12 09:28:05', '2022-02-12 09:28:05'),
(140, 1250, '1', '2022-07-18', '2022-02-12 09:28:05', '2022-02-12 09:28:05'),
(141, 1250, '1', '2022-07-19', '2022-02-12 09:28:05', '2022-02-12 09:28:05'),
(142, 1250, '1', '2022-07-20', '2022-02-12 09:28:05', '2022-02-12 09:28:05'),
(143, 1250, '1', '2022-07-21', '2022-02-12 09:28:05', '2022-02-12 09:28:05'),
(144, 1250, '1', '2022-07-22', '2022-02-12 09:28:05', '2022-02-12 09:28:05'),
(145, 1250, '1', '2022-07-23', '2022-02-12 09:28:05', '2022-02-12 09:28:05'),
(146, 1250, '1', '2022-07-24', '2022-02-12 09:28:05', '2022-02-12 09:28:05'),
(147, 1250, '1', '2022-07-25', '2022-02-12 09:28:05', '2022-02-12 09:28:05'),
(148, 1250, '1', '2022-07-26', '2022-02-12 09:28:05', '2022-02-12 09:28:05'),
(149, 1250, '1', '2022-07-27', '2022-02-12 09:28:05', '2022-02-12 09:28:05'),
(150, 1250, '1', '2022-07-28', '2022-02-12 09:28:05', '2022-02-12 09:28:05'),
(151, 1250, '1', '2022-07-29', '2022-02-12 09:28:05', '2022-02-12 09:28:05'),
(152, 1250, '1', '2022-07-30', '2022-02-12 09:28:05', '2022-02-12 09:28:05'),
(153, 1250, '1', '2022-07-31', '2022-02-12 09:28:05', '2022-02-12 09:28:05'),
(154, 1250, '1', '2022-08-01', '2022-02-12 09:28:05', '2022-02-12 09:28:05'),
(155, 1250, '1', '2022-08-02', '2022-02-12 09:28:05', '2022-02-12 09:28:05'),
(156, 1250, '1', '2022-08-03', '2022-02-12 09:28:05', '2022-02-12 09:28:05'),
(157, 1250, '1', '2022-08-04', '2022-02-12 09:28:05', '2022-02-12 09:28:05'),
(158, 1250, '1', '2022-08-05', '2022-02-12 09:28:05', '2022-02-12 09:28:05'),
(159, 1250, '1', '2022-08-06', '2022-02-12 09:28:05', '2022-02-12 09:28:05'),
(160, 1250, '1', '2022-08-07', '2022-02-12 09:28:05', '2022-02-12 09:28:05'),
(161, 1250, '1', '2022-08-08', '2022-02-12 09:28:05', '2022-02-12 09:28:05'),
(162, 1250, '1', '2022-08-09', '2022-02-12 09:28:05', '2022-02-12 09:28:05'),
(163, 1250, '1', '2022-08-10', '2022-02-12 09:28:05', '2022-02-12 09:28:05'),
(164, 1250, '1', '2022-08-11', '2022-02-12 09:28:05', '2022-02-12 09:28:05'),
(165, 1250, '1', '2022-08-12', '2022-02-12 09:28:05', '2022-02-12 09:28:05'),
(166, 1250, '1', '2022-08-13', '2022-02-12 09:28:05', '2022-02-12 09:28:05'),
(167, 1250, '1', '2022-08-14', '2022-02-12 09:28:05', '2022-02-12 09:28:05'),
(168, 1250, '1', '2022-08-15', '2022-02-12 09:28:05', '2022-02-12 09:28:05'),
(169, 1250, '1', '2022-08-16', '2022-02-12 09:28:05', '2022-02-12 09:28:05'),
(170, 1250, '1', '2022-08-17', '2022-02-12 09:28:05', '2022-02-12 09:28:05'),
(171, 1250, '1', '2022-08-18', '2022-02-12 09:28:05', '2022-02-12 09:28:05'),
(172, 1250, '1', '2022-08-19', '2022-02-12 09:28:05', '2022-02-12 09:28:05'),
(173, 1250, '1', '2022-08-20', '2022-02-12 09:28:05', '2022-02-12 09:28:05'),
(174, 1250, '1', '2022-08-21', '2022-02-12 09:28:05', '2022-02-12 09:28:05'),
(175, 1250, '1', '2022-08-22', '2022-02-12 09:28:05', '2022-02-12 09:28:05'),
(176, 1250, '1', '2022-08-23', '2022-02-12 09:28:05', '2022-02-12 09:28:05'),
(177, 1250, '1', '2022-08-24', '2022-02-12 09:28:05', '2022-02-12 09:28:05'),
(178, 1250, '1', '2022-08-25', '2022-02-12 09:28:05', '2022-02-12 09:28:05'),
(179, 1250, '1', '2022-08-26', '2022-02-12 09:28:05', '2022-02-12 09:28:05'),
(180, 1250, '1', '2022-08-27', '2022-02-12 09:28:05', '2022-02-12 09:28:05'),
(181, 1250, '1', '2022-08-28', '2022-02-12 09:28:05', '2022-02-12 09:28:05'),
(182, 1250, '1', '2022-08-29', '2022-02-12 09:28:05', '2022-02-12 09:28:05'),
(183, 1250, '1', '2022-08-30', '2022-02-12 09:28:05', '2022-02-12 09:28:05'),
(184, 1250, '1', '2022-08-31', '2022-02-12 09:28:05', '2022-02-12 09:28:05'),
(185, 1250, '1', '2022-09-01', '2022-02-12 09:28:05', '2022-02-12 09:28:05'),
(186, 1250, '1', '2022-09-02', '2022-02-12 09:28:05', '2022-02-12 09:28:05'),
(187, 1250, '1', '2022-09-03', '2022-02-12 09:28:05', '2022-02-12 09:28:05'),
(188, 1250, '1', '2022-09-04', '2022-02-12 09:28:05', '2022-02-12 09:28:05'),
(189, 1250, '1', '2022-09-05', '2022-02-12 09:28:05', '2022-02-12 09:28:05'),
(190, 1250, '1', '2022-09-06', '2022-02-12 09:28:05', '2022-02-12 09:28:05'),
(191, 1250, '1', '2022-09-07', '2022-02-12 09:28:05', '2022-02-12 09:28:05'),
(192, 1250, '1', '2022-09-08', '2022-02-12 09:28:05', '2022-02-12 09:28:05'),
(193, 1250, '1', '2022-09-09', '2022-02-12 09:28:05', '2022-02-12 09:28:05'),
(194, 1250, '1', '2022-09-10', '2022-02-12 09:28:05', '2022-02-12 09:28:05'),
(195, 1250, '1', '2022-09-11', '2022-02-12 09:28:05', '2022-02-12 09:28:05'),
(196, 1250, '1', '2022-09-12', '2022-02-12 09:28:05', '2022-02-12 09:28:05'),
(197, 1250, '1', '2022-09-13', '2022-02-12 09:28:05', '2022-02-12 09:28:05'),
(198, 1250, '1', '2022-09-14', '2022-02-12 09:28:05', '2022-02-12 09:28:05'),
(199, 1250, '1', '2022-09-15', '2022-02-12 09:28:05', '2022-02-12 09:28:05'),
(200, 1250, '1', '2022-09-16', '2022-02-12 09:28:05', '2022-02-12 09:28:05'),
(201, 1250, '1', '2022-09-17', '2022-02-12 09:28:05', '2022-02-12 09:28:05'),
(202, 1250, '1', '2022-09-18', '2022-02-12 09:28:05', '2022-02-12 09:28:05'),
(203, 1250, '1', '2022-09-19', '2022-02-12 09:28:05', '2022-02-12 09:28:05'),
(204, 1250, '1', '2022-09-20', '2022-02-12 09:28:05', '2022-02-12 09:28:05'),
(205, 1250, '1', '2022-09-21', '2022-02-12 09:28:05', '2022-02-12 09:28:05'),
(206, 1250, '1', '2022-09-22', '2022-02-12 09:28:05', '2022-02-12 09:28:05'),
(207, 1250, '1', '2022-09-23', '2022-02-12 09:28:05', '2022-02-12 09:28:05'),
(208, 1250, '1', '2022-09-24', '2022-02-12 09:28:05', '2022-02-12 09:28:05'),
(209, 1250, '1', '2022-09-25', '2022-02-12 09:28:05', '2022-02-12 09:28:05'),
(210, 1250, '1', '2022-09-26', '2022-02-12 09:28:05', '2022-02-12 09:28:05'),
(211, 1250, '1', '2022-09-27', '2022-02-12 09:28:05', '2022-02-12 09:28:05'),
(212, 1250, '1', '2022-09-28', '2022-02-12 09:28:05', '2022-02-12 09:28:05'),
(213, 1250, '1', '2022-09-29', '2022-02-12 09:28:05', '2022-02-12 09:28:05'),
(214, 1250, '1', '2022-09-30', '2022-02-12 09:28:05', '2022-02-12 09:28:05'),
(215, 1250, '1', '2022-10-01', '2022-02-12 09:28:05', '2022-02-12 09:28:05'),
(216, 1250, '1', '2022-10-02', '2022-02-12 09:28:05', '2022-02-12 09:28:05'),
(217, 1250, '1', '2022-10-03', '2022-02-12 09:28:05', '2022-02-12 09:28:05'),
(218, 1250, '1', '2022-10-04', '2022-02-12 09:28:05', '2022-02-12 09:28:05'),
(219, 1250, '1', '2022-10-05', '2022-02-12 09:28:05', '2022-02-12 09:28:05'),
(220, 1250, '1', '2022-10-06', '2022-02-12 09:28:05', '2022-02-12 09:28:05'),
(221, 1250, '1', '2022-10-07', '2022-02-12 09:28:05', '2022-02-12 09:28:05'),
(222, 1250, '1', '2022-10-08', '2022-02-12 09:28:05', '2022-02-12 09:28:05'),
(223, 1250, '1', '2022-10-09', '2022-02-12 09:28:05', '2022-02-12 09:28:05'),
(224, 1250, '1', '2022-10-10', '2022-02-12 09:28:05', '2022-02-12 09:28:05'),
(225, 1250, '1', '2022-10-11', '2022-02-12 09:28:05', '2022-02-12 09:28:05'),
(226, 1250, '1', '2022-10-12', '2022-02-12 09:28:05', '2022-02-12 09:28:05'),
(227, 1250, '1', '2022-10-13', '2022-02-12 09:28:05', '2022-02-12 09:28:05'),
(228, 1250, '1', '2022-10-14', '2022-02-12 09:28:05', '2022-02-12 09:28:05'),
(229, 1250, '1', '2022-10-15', '2022-02-12 09:28:05', '2022-02-12 09:28:05'),
(230, 1250, '1', '2022-10-16', '2022-02-12 09:28:05', '2022-02-12 09:28:05'),
(231, 1250, '1', '2022-10-17', '2022-02-12 09:28:05', '2022-02-12 09:28:05'),
(232, 1250, '1', '2022-10-18', '2022-02-12 09:28:05', '2022-02-12 09:28:05'),
(233, 1250, '1', '2022-10-19', '2022-02-12 09:28:05', '2022-02-12 09:28:05'),
(234, 1250, '1', '2022-10-20', '2022-02-12 09:28:05', '2022-02-12 09:28:05'),
(235, 1250, '1', '2022-10-21', '2022-02-12 09:28:05', '2022-02-12 09:28:05'),
(236, 1250, '1', '2022-10-22', '2022-02-12 09:28:05', '2022-02-12 09:28:05'),
(237, 1250, '1', '2022-10-23', '2022-02-12 09:28:05', '2022-02-12 09:28:05'),
(238, 1250, '1', '2022-10-24', '2022-02-12 09:28:05', '2022-02-12 09:28:05'),
(239, 1250, '1', '2022-10-25', '2022-02-12 09:28:05', '2022-02-12 09:28:05'),
(240, 1250, '1', '2022-10-26', '2022-02-12 09:28:05', '2022-02-12 09:28:05'),
(241, 1250, '1', '2022-10-27', '2022-02-12 09:28:05', '2022-02-12 09:28:05'),
(242, 1250, '1', '2022-10-28', '2022-02-12 09:28:05', '2022-02-12 09:28:05'),
(243, 1250, '1', '2022-10-29', '2022-02-12 09:28:05', '2022-02-12 09:28:05'),
(244, 1250, '1', '2022-10-30', '2022-02-12 09:28:05', '2022-02-12 09:28:05'),
(245, 1250, '1', '2022-10-31', '2022-02-12 09:28:05', '2022-02-12 09:28:05'),
(246, 1250, '1', '2022-11-01', '2022-02-12 09:28:05', '2022-02-12 09:28:05'),
(247, 1250, '1', '2022-11-02', '2022-02-12 09:28:05', '2022-02-12 09:28:05'),
(248, 1250, '1', '2022-11-03', '2022-02-12 09:28:05', '2022-02-12 09:28:05'),
(249, 1250, '1', '2022-11-04', '2022-02-12 09:28:05', '2022-02-12 09:28:05'),
(250, 1250, '1', '2022-11-05', '2022-02-12 09:28:05', '2022-02-12 09:28:05'),
(251, 1250, '1', '2022-11-06', '2022-02-12 09:28:05', '2022-02-12 09:28:05'),
(252, 1250, '1', '2022-11-07', '2022-02-12 09:28:05', '2022-02-12 09:28:05'),
(253, 1250, '1', '2022-11-08', '2022-02-12 09:28:05', '2022-02-12 09:28:05'),
(254, 1250, '1', '2022-11-09', '2022-02-12 09:28:05', '2022-02-12 09:28:05'),
(255, 1250, '1', '2022-11-10', '2022-02-12 09:28:05', '2022-02-12 09:28:05'),
(256, 1250, '1', '2022-11-11', '2022-02-12 09:28:05', '2022-02-12 09:28:05'),
(257, 1250, '1', '2022-11-12', '2022-02-12 09:28:05', '2022-02-12 09:28:05'),
(258, 1250, '1', '2022-11-13', '2022-02-12 09:28:05', '2022-02-12 09:28:05'),
(259, 1250, '1', '2022-11-14', '2022-02-12 09:28:05', '2022-02-12 09:28:05'),
(260, 1250, '1', '2022-11-15', '2022-02-12 09:28:05', '2022-02-12 09:28:05'),
(261, 1250, '1', '2022-11-16', '2022-02-12 09:28:05', '2022-02-12 09:28:05'),
(262, 1250, '1', '2022-11-17', '2022-02-12 09:28:05', '2022-02-12 09:28:05'),
(263, 1250, '1', '2022-11-18', '2022-02-12 09:28:05', '2022-02-12 09:28:05'),
(264, 1250, '1', '2022-11-19', '2022-02-12 09:28:05', '2022-02-12 09:28:05'),
(265, 1250, '1', '2022-11-20', '2022-02-12 09:28:05', '2022-02-12 09:28:05'),
(266, 1250, '1', '2022-11-21', '2022-02-12 09:28:05', '2022-02-12 09:28:05'),
(267, 1250, '1', '2022-11-22', '2022-02-12 09:28:05', '2022-02-12 09:28:05'),
(268, 1250, '1', '2022-11-23', '2022-02-12 09:28:05', '2022-02-12 09:28:05'),
(269, 1250, '1', '2022-11-24', '2022-02-12 09:28:05', '2022-02-12 09:28:05'),
(270, 1250, '1', '2022-11-25', '2022-02-12 09:28:05', '2022-02-12 09:28:05'),
(271, 1250, '1', '2022-11-26', '2022-02-12 09:28:05', '2022-02-12 09:28:05'),
(272, 1250, '1', '2022-11-27', '2022-02-12 09:28:05', '2022-02-12 09:28:05'),
(273, 1250, '1', '2022-11-28', '2022-02-12 09:28:05', '2022-02-12 09:28:05'),
(274, 1250, '1', '2022-11-29', '2022-02-12 09:28:05', '2022-02-12 09:28:05'),
(275, 1250, '1', '2022-11-30', '2022-02-12 09:28:05', '2022-02-12 09:28:05'),
(276, 1250, '1', '2022-12-01', '2022-02-12 09:28:05', '2022-02-12 09:28:05'),
(277, 1250, '1', '2022-12-02', '2022-02-12 09:28:05', '2022-02-12 09:28:05'),
(278, 1250, '1', '2022-12-03', '2022-02-12 09:28:05', '2022-02-12 09:28:05'),
(279, 1250, '1', '2022-12-04', '2022-02-12 09:28:05', '2022-02-12 09:28:05'),
(280, 1250, '1', '2022-12-05', '2022-02-12 09:28:05', '2022-02-12 09:28:05'),
(281, 1250, '1', '2022-12-06', '2022-02-12 09:28:05', '2022-02-12 09:28:05'),
(282, 1250, '1', '2022-12-07', '2022-02-12 09:28:05', '2022-02-12 09:28:05'),
(283, 1250, '1', '2022-12-08', '2022-02-12 09:28:05', '2022-02-12 09:28:05'),
(284, 1250, '1', '2022-12-09', '2022-02-12 09:28:05', '2022-02-12 09:28:05'),
(285, 1250, '1', '2022-12-10', '2022-02-12 09:28:05', '2022-02-12 09:28:05'),
(286, 1250, '1', '2022-12-11', '2022-02-12 09:28:05', '2022-02-12 09:28:05'),
(287, 1250, '1', '2022-12-12', '2022-02-12 09:28:05', '2022-02-12 09:28:05'),
(288, 1250, '1', '2022-12-13', '2022-02-12 09:28:05', '2022-02-12 09:28:05'),
(289, 1250, '1', '2022-12-14', '2022-02-12 09:28:05', '2022-02-12 09:28:05'),
(290, 1250, '1', '2022-12-15', '2022-02-12 09:28:05', '2022-02-12 09:28:05'),
(291, 1250, '1', '2022-12-16', '2022-02-12 09:28:05', '2022-02-12 09:28:05'),
(292, 1250, '1', '2022-12-17', '2022-02-12 09:28:05', '2022-02-12 09:28:05'),
(293, 1250, '1', '2022-12-18', '2022-02-12 09:28:05', '2022-02-12 09:28:05'),
(294, 1250, '1', '2022-12-19', '2022-02-12 09:28:05', '2022-02-12 09:28:05'),
(295, 1250, '1', '2022-12-20', '2022-02-12 09:28:05', '2022-02-12 09:28:05'),
(296, 1250, '1', '2022-12-21', '2022-02-12 09:28:05', '2022-02-12 09:28:05'),
(297, 1250, '1', '2022-12-22', '2022-02-12 09:28:05', '2022-02-12 09:28:05'),
(298, 1250, '1', '2022-12-23', '2022-02-12 09:28:05', '2022-02-12 09:28:05'),
(299, 1250, '1', '2022-12-24', '2022-02-12 09:28:05', '2022-02-12 09:28:05'),
(300, 1250, '1', '2022-12-25', '2022-02-12 09:28:05', '2022-02-12 09:28:05'),
(301, 1250, '1', '2022-12-26', '2022-02-12 09:28:05', '2022-02-12 09:28:05'),
(302, 1250, '1', '2022-12-27', '2022-02-12 09:28:05', '2022-02-12 09:28:05'),
(303, 1250, '1', '2022-12-28', '2022-02-12 09:28:05', '2022-02-12 09:28:05'),
(304, 1250, '1', '2022-12-29', '2022-02-12 09:28:05', '2022-02-12 09:28:05'),
(305, 1250, '1', '2022-12-30', '2022-02-12 09:28:05', '2022-02-12 09:28:05'),
(306, 1250, '1', '2022-12-31', '2022-02-12 09:28:05', '2022-02-12 09:28:05'),
(307, 1250, '1', '2022-02-01', '2022-02-12 09:28:24', '2022-02-12 09:28:24'),
(308, 1250, '1', '2022-02-02', '2022-02-12 09:28:24', '2022-02-12 09:28:24'),
(309, 1250, '1', '2022-02-03', '2022-02-12 09:28:24', '2022-02-12 09:28:24'),
(310, 1250, '1', '2022-02-04', '2022-02-12 09:28:24', '2022-02-12 09:28:24'),
(311, 1250, '1', '2022-02-05', '2022-02-12 09:28:24', '2022-02-12 09:28:24'),
(312, 1250, '1', '2022-02-06', '2022-02-12 09:28:24', '2022-02-12 09:28:24'),
(313, 1250, '1', '2022-02-07', '2022-02-12 09:28:24', '2022-02-12 09:28:24'),
(314, 1250, '1', '2022-02-08', '2022-02-12 09:28:24', '2022-02-12 09:28:24'),
(315, 1250, '1', '2022-02-09', '2022-02-12 09:28:24', '2022-02-12 09:28:24'),
(316, 1250, '1', '2022-02-10', '2022-02-12 09:28:24', '2022-02-12 09:28:24'),
(317, 1250, '1', '2022-02-11', '2022-02-12 09:28:24', '2022-02-12 09:28:24'),
(318, 1250, '1', '2022-02-12', '2022-02-12 09:28:24', '2022-02-12 09:28:24'),
(319, 1250, '1', '2022-02-13', '2022-02-12 09:28:24', '2022-02-12 09:28:24'),
(320, 1250, '1', '2022-02-14', '2022-02-12 09:28:24', '2022-02-12 09:28:24'),
(321, 1250, '1', '2022-02-15', '2022-02-12 09:28:24', '2022-02-12 09:28:24'),
(322, 1250, '1', '2022-02-16', '2022-02-12 09:28:24', '2022-02-12 09:28:24'),
(323, 1250, '1', '2022-02-17', '2022-02-12 09:28:24', '2022-02-12 09:28:24'),
(324, 1250, '1', '2022-02-18', '2022-02-12 09:28:24', '2022-02-12 09:28:24'),
(325, 1250, '1', '2022-02-19', '2022-02-12 09:28:24', '2022-02-12 09:28:24'),
(326, 1250, '1', '2022-02-20', '2022-02-12 09:28:24', '2022-02-12 09:28:24'),
(327, 1250, '1', '2022-02-21', '2022-02-12 09:28:24', '2022-02-12 09:28:24'),
(328, 1250, '1', '2022-02-22', '2022-02-12 09:28:24', '2022-02-12 09:28:24'),
(329, 1250, '1', '2022-02-23', '2022-02-12 09:28:24', '2022-02-12 09:28:24'),
(330, 1250, '1', '2022-02-24', '2022-02-12 09:28:24', '2022-02-12 09:28:24'),
(331, 1250, '1', '2022-02-25', '2022-02-12 09:28:24', '2022-02-12 09:28:24'),
(332, 1250, '1', '2022-02-26', '2022-02-12 09:28:24', '2022-02-12 09:28:24'),
(333, 1250, '1', '2022-02-27', '2022-02-12 09:28:24', '2022-02-12 09:28:24'),
(334, 1250, '1', '2022-02-28', '2022-02-12 09:28:24', '2022-02-12 09:28:24'),
(335, 1250, '1', '2022-01-01', '2022-02-12 09:28:36', '2022-02-12 09:28:36'),
(336, 1250, '1', '2022-01-02', '2022-02-12 09:28:36', '2022-02-12 09:28:36'),
(337, 1250, '1', '2022-01-03', '2022-02-12 09:28:36', '2022-02-12 09:28:36'),
(338, 1250, '1', '2022-01-04', '2022-02-12 09:28:36', '2022-02-12 09:28:36'),
(339, 1250, '1', '2022-01-05', '2022-02-12 09:28:36', '2022-02-12 09:28:36'),
(340, 1250, '1', '2022-01-06', '2022-02-12 09:28:36', '2022-02-12 09:28:36'),
(341, 1250, '1', '2022-01-07', '2022-02-12 09:28:36', '2022-02-12 09:28:36'),
(342, 1250, '1', '2022-01-08', '2022-02-12 09:28:36', '2022-02-12 09:28:36'),
(343, 1250, '1', '2022-01-09', '2022-02-12 09:28:36', '2022-02-12 09:28:36'),
(344, 1250, '1', '2022-01-10', '2022-02-12 09:28:36', '2022-02-12 09:28:36'),
(345, 1250, '1', '2022-01-11', '2022-02-12 09:28:36', '2022-02-12 09:28:36'),
(346, 1250, '1', '2022-01-12', '2022-02-12 09:28:36', '2022-02-12 09:28:36'),
(347, 1250, '1', '2022-01-13', '2022-02-12 09:28:36', '2022-02-12 09:28:36'),
(348, 1250, '1', '2022-01-14', '2022-02-12 09:28:36', '2022-02-12 09:28:36'),
(349, 1250, '1', '2022-01-15', '2022-02-12 09:28:36', '2022-02-12 09:28:36'),
(350, 1250, '1', '2022-01-16', '2022-02-12 09:28:36', '2022-02-12 09:28:36'),
(351, 1250, '1', '2022-01-17', '2022-02-12 09:28:36', '2022-02-12 09:28:36'),
(352, 1250, '1', '2022-01-18', '2022-02-12 09:28:36', '2022-02-12 09:28:36'),
(353, 1250, '1', '2022-01-19', '2022-02-12 09:28:36', '2022-02-12 09:28:36'),
(354, 1250, '1', '2022-01-20', '2022-02-12 09:28:36', '2022-02-12 09:28:36'),
(355, 1250, '1', '2022-01-21', '2022-02-12 09:28:36', '2022-02-12 09:28:36'),
(356, 1250, '1', '2022-01-22', '2022-02-12 09:28:36', '2022-02-12 09:28:36'),
(357, 1250, '1', '2022-01-23', '2022-02-12 09:28:36', '2022-02-12 09:28:36'),
(358, 1250, '1', '2022-01-24', '2022-02-12 09:28:36', '2022-02-12 09:28:36'),
(359, 1250, '1', '2022-01-25', '2022-02-12 09:28:36', '2022-02-12 09:28:36'),
(360, 1250, '1', '2022-01-26', '2022-02-12 09:28:36', '2022-02-12 09:28:36'),
(361, 1250, '1', '2022-01-27', '2022-02-12 09:28:36', '2022-02-12 09:28:36'),
(362, 1250, '1', '2022-01-28', '2022-02-12 09:28:36', '2022-02-12 09:28:36'),
(363, 1250, '1', '2022-01-29', '2022-02-12 09:28:36', '2022-02-12 09:28:36'),
(364, 1250, '1', '2022-01-30', '2022-02-12 09:28:36', '2022-02-12 09:28:36'),
(365, 1250, '1', '2022-01-31', '2022-02-12 09:28:36', '2022-02-12 09:28:36'),
(366, 1250, '1', '2023-01-01', '2022-02-12 09:41:37', '2022-02-12 09:41:37'),
(367, 1250, '1', '2023-01-02', '2022-02-12 09:41:37', '2022-02-12 09:41:37'),
(368, 1250, '1', '2023-01-03', '2022-02-12 09:41:37', '2022-02-12 09:41:37'),
(369, 1250, '1', '2023-01-04', '2022-02-12 09:41:37', '2022-02-12 09:41:37'),
(370, 1250, '1', '2023-01-05', '2022-02-12 09:41:37', '2022-02-12 09:41:37'),
(371, 1250, '1', '2023-01-06', '2022-02-12 09:41:37', '2022-02-12 09:41:37'),
(372, 1250, '1', '2023-01-07', '2022-02-12 09:41:37', '2022-02-12 09:41:37'),
(373, 1250, '1', '2023-01-08', '2022-02-12 09:41:37', '2022-02-12 09:41:37'),
(374, 1250, '1', '2023-01-09', '2022-02-12 09:41:37', '2022-02-12 09:41:37'),
(375, 1250, '1', '2023-01-10', '2022-02-12 09:41:37', '2022-02-12 09:41:37'),
(376, 1250, '1', '2023-01-11', '2022-02-12 09:41:37', '2022-02-12 09:41:37'),
(377, 1250, '1', '2023-01-12', '2022-02-12 09:41:37', '2022-02-12 09:41:37'),
(378, 1250, '1', '2023-01-13', '2022-02-12 09:41:37', '2022-02-12 09:41:37'),
(379, 1250, '1', '2023-01-14', '2022-02-12 09:41:37', '2022-02-12 09:41:37'),
(380, 1250, '1', '2023-01-15', '2022-02-12 09:41:37', '2022-02-12 09:41:37'),
(381, 1250, '1', '2023-01-16', '2022-02-12 09:41:37', '2022-02-12 09:41:37'),
(382, 1250, '1', '2023-01-17', '2022-02-12 09:41:37', '2022-02-12 09:41:37'),
(383, 1250, '1', '2023-01-18', '2022-02-12 09:41:37', '2022-02-12 09:41:37'),
(384, 1250, '1', '2023-01-19', '2022-02-12 09:41:37', '2022-02-12 09:41:37'),
(385, 1250, '1', '2023-01-20', '2022-02-12 09:41:37', '2022-02-12 09:41:37'),
(386, 1250, '1', '2023-01-21', '2022-02-12 09:41:37', '2022-02-12 09:41:37'),
(387, 1250, '1', '2023-01-22', '2022-02-12 09:41:37', '2022-02-12 09:41:37'),
(388, 1250, '1', '2023-01-23', '2022-02-12 09:41:37', '2022-02-12 09:41:37'),
(389, 1250, '1', '2023-01-24', '2022-02-12 09:41:37', '2022-02-12 09:41:37'),
(390, 1250, '1', '2023-01-25', '2022-02-12 09:41:37', '2022-02-12 09:41:37'),
(391, 1250, '1', '2023-01-26', '2022-02-12 09:41:37', '2022-02-12 09:41:37'),
(392, 1250, '1', '2023-01-27', '2022-02-12 09:41:37', '2022-02-12 09:41:37'),
(393, 1250, '1', '2023-01-28', '2022-02-12 09:41:37', '2022-02-12 09:41:37'),
(394, 1250, '1', '2023-01-29', '2022-02-12 09:41:37', '2022-02-12 09:41:37'),
(395, 1250, '1', '2023-01-30', '2022-02-12 09:41:37', '2022-02-12 09:41:37'),
(396, 1250, '1', '2023-01-31', '2022-02-12 09:41:37', '2022-02-12 09:41:37'),
(397, 1250, '1', '2023-02-01', '2022-02-12 09:41:37', '2022-02-12 09:41:37'),
(398, 1250, '1', '2023-02-02', '2022-02-12 09:41:37', '2022-02-12 09:41:37'),
(399, 1250, '1', '2023-02-03', '2022-02-12 09:41:37', '2022-02-12 09:41:37'),
(400, 1250, '1', '2023-02-04', '2022-02-12 09:41:37', '2022-02-12 09:41:37'),
(401, 1250, '1', '2023-02-05', '2022-02-12 09:41:37', '2022-02-12 09:41:37'),
(402, 1250, '1', '2023-02-06', '2022-02-12 09:41:37', '2022-02-12 09:41:37'),
(403, 1250, '1', '2023-02-07', '2022-02-12 09:41:37', '2022-02-12 09:41:37'),
(404, 1250, '1', '2023-02-08', '2022-02-12 09:41:37', '2022-02-12 09:41:37'),
(405, 1250, '1', '2023-02-09', '2022-02-12 09:41:37', '2022-02-12 09:41:37'),
(406, 1250, '1', '2023-02-10', '2022-02-12 09:41:37', '2022-02-12 09:41:37'),
(407, 1250, '1', '2023-02-11', '2022-02-12 09:41:37', '2022-02-12 09:41:37'),
(408, 1250, '1', '2023-02-12', '2022-02-12 09:41:37', '2022-02-12 09:41:37'),
(409, 1250, '1', '2023-02-13', '2022-02-12 09:41:37', '2022-02-12 09:41:37'),
(410, 1250, '1', '2023-02-14', '2022-02-12 09:41:37', '2022-02-12 09:41:37'),
(411, 1250, '1', '2023-02-15', '2022-02-12 09:41:37', '2022-02-12 09:41:37'),
(412, 1250, '1', '2023-02-16', '2022-02-12 09:41:37', '2022-02-12 09:41:37'),
(413, 1250, '1', '2023-02-17', '2022-02-12 09:41:37', '2022-02-12 09:41:37'),
(414, 1250, '1', '2023-02-18', '2022-02-12 09:41:37', '2022-02-12 09:41:37'),
(415, 1250, '1', '2023-02-19', '2022-02-12 09:41:37', '2022-02-12 09:41:37'),
(416, 1250, '1', '2023-02-20', '2022-02-12 09:41:37', '2022-02-12 09:41:37'),
(417, 1250, '1', '2023-02-21', '2022-02-12 09:41:37', '2022-02-12 09:41:37'),
(418, 1250, '1', '2023-02-22', '2022-02-12 09:41:37', '2022-02-12 09:41:37'),
(419, 1250, '1', '2023-02-23', '2022-02-12 09:41:37', '2022-02-12 09:41:37'),
(420, 1250, '1', '2023-02-24', '2022-02-12 09:41:37', '2022-02-12 09:41:37'),
(421, 1250, '1', '2023-02-25', '2022-02-12 09:41:37', '2022-02-12 09:41:37'),
(422, 1250, '1', '2023-02-26', '2022-02-12 09:41:37', '2022-02-12 09:41:37'),
(423, 1250, '1', '2023-02-27', '2022-02-12 09:41:37', '2022-02-12 09:41:37'),
(424, 1250, '1', '2023-02-28', '2022-02-12 09:41:37', '2022-02-12 09:41:37'),
(425, 1250, '1', '2023-03-01', '2022-02-12 09:41:37', '2022-02-12 09:41:37'),
(426, 1250, '1', '2023-03-02', '2022-02-12 09:41:37', '2022-02-12 09:41:37'),
(427, 1250, '1', '2023-03-03', '2022-02-12 09:41:37', '2022-02-12 09:41:37'),
(428, 1250, '1', '2023-03-04', '2022-02-12 09:41:37', '2022-02-12 09:41:37'),
(429, 1250, '1', '2023-03-05', '2022-02-12 09:41:37', '2022-02-12 09:41:37'),
(430, 1250, '1', '2023-03-06', '2022-02-12 09:41:37', '2022-02-12 09:41:37'),
(431, 1250, '1', '2023-03-07', '2022-02-12 09:41:37', '2022-02-12 09:41:37'),
(432, 1250, '1', '2023-03-08', '2022-02-12 09:41:37', '2022-02-12 09:41:37'),
(433, 1250, '1', '2023-03-09', '2022-02-12 09:41:37', '2022-02-12 09:41:37'),
(434, 1250, '1', '2023-03-10', '2022-02-12 09:41:37', '2022-02-12 09:41:37'),
(435, 1250, '1', '2023-03-11', '2022-02-12 09:41:37', '2022-02-12 09:41:37'),
(436, 1250, '1', '2023-03-12', '2022-02-12 09:41:37', '2022-02-12 09:41:37'),
(437, 1250, '1', '2023-03-13', '2022-02-12 09:41:37', '2022-02-12 09:41:37'),
(438, 1250, '1', '2023-03-14', '2022-02-12 09:41:37', '2022-02-12 09:41:37'),
(439, 1250, '1', '2023-03-15', '2022-02-12 09:41:37', '2022-02-12 09:41:37'),
(440, 1250, '1', '2023-03-16', '2022-02-12 09:41:37', '2022-02-12 09:41:37'),
(441, 1250, '1', '2023-03-17', '2022-02-12 09:41:37', '2022-02-12 09:41:37'),
(442, 1250, '1', '2023-03-18', '2022-02-12 09:41:37', '2022-02-12 09:41:37'),
(443, 1250, '1', '2023-03-19', '2022-02-12 09:41:37', '2022-02-12 09:41:37'),
(444, 1250, '1', '2023-03-20', '2022-02-12 09:41:37', '2022-02-12 09:41:37'),
(445, 1250, '1', '2023-03-21', '2022-02-12 09:41:37', '2022-02-12 09:41:37'),
(446, 1250, '1', '2023-03-22', '2022-02-12 09:41:37', '2022-02-12 09:41:37'),
(447, 1250, '1', '2023-03-23', '2022-02-12 09:41:37', '2022-02-12 09:41:37'),
(448, 1250, '1', '2023-03-24', '2022-02-12 09:41:37', '2022-02-12 09:41:37'),
(449, 1250, '1', '2023-03-25', '2022-02-12 09:41:37', '2022-02-12 09:41:37'),
(450, 1250, '1', '2023-03-26', '2022-02-12 09:41:37', '2022-02-12 09:41:37'),
(451, 1250, '1', '2023-03-27', '2022-02-12 09:41:37', '2022-02-12 09:41:37'),
(452, 1250, '1', '2023-03-28', '2022-02-12 09:41:37', '2022-02-12 09:41:37'),
(453, 1250, '1', '2023-03-29', '2022-02-12 09:41:37', '2022-02-12 09:41:37'),
(454, 1250, '1', '2023-03-30', '2022-02-12 09:41:37', '2022-02-12 09:41:37'),
(455, 1250, '1', '2023-03-31', '2022-02-12 09:41:37', '2022-02-12 09:41:37'),
(456, 1250, '1', '2023-04-01', '2022-02-12 09:41:37', '2022-02-12 09:41:37'),
(457, 1250, '1', '2023-04-02', '2022-02-12 09:41:37', '2022-02-12 09:41:37'),
(458, 1250, '1', '2023-04-03', '2022-02-12 09:41:37', '2022-02-12 09:41:37'),
(459, 1250, '1', '2023-04-04', '2022-02-12 09:41:37', '2022-02-12 09:41:37'),
(460, 1250, '1', '2023-04-05', '2022-02-12 09:41:37', '2022-02-12 09:41:37'),
(461, 1250, '1', '2023-04-06', '2022-02-12 09:41:37', '2022-02-12 09:41:37'),
(462, 1250, '1', '2023-04-07', '2022-02-12 09:41:37', '2022-02-12 09:41:37'),
(463, 1250, '1', '2023-04-08', '2022-02-12 09:41:37', '2022-02-12 09:41:37'),
(464, 1250, '1', '2023-04-09', '2022-02-12 09:41:37', '2022-02-12 09:41:37'),
(465, 1250, '1', '2023-04-10', '2022-02-12 09:41:37', '2022-02-12 09:41:37'),
(466, 1250, '1', '2023-04-11', '2022-02-12 09:41:37', '2022-02-12 09:41:37'),
(467, 1250, '1', '2023-04-12', '2022-02-12 09:41:37', '2022-02-12 09:41:37'),
(468, 1250, '1', '2023-04-13', '2022-02-12 09:41:37', '2022-02-12 09:41:37'),
(469, 1250, '1', '2023-04-14', '2022-02-12 09:41:37', '2022-02-12 09:41:37'),
(470, 1250, '1', '2023-04-15', '2022-02-12 09:41:37', '2022-02-12 09:41:37'),
(471, 1250, '1', '2023-04-16', '2022-02-12 09:41:37', '2022-02-12 09:41:37'),
(472, 1250, '1', '2023-04-17', '2022-02-12 09:41:37', '2022-02-12 09:41:37'),
(473, 1250, '1', '2023-04-18', '2022-02-12 09:41:37', '2022-02-12 09:41:37'),
(474, 1250, '1', '2023-04-19', '2022-02-12 09:41:37', '2022-02-12 09:41:37'),
(475, 1250, '1', '2023-04-20', '2022-02-12 09:41:37', '2022-02-12 09:41:37'),
(476, 1250, '1', '2023-04-21', '2022-02-12 09:41:37', '2022-02-12 09:41:37'),
(477, 1250, '1', '2023-04-22', '2022-02-12 09:41:37', '2022-02-12 09:41:37'),
(478, 1250, '1', '2023-04-23', '2022-02-12 09:41:37', '2022-02-12 09:41:37'),
(479, 1250, '1', '2023-04-24', '2022-02-12 09:41:37', '2022-02-12 09:41:37'),
(480, 1250, '1', '2023-04-25', '2022-02-12 09:41:37', '2022-02-12 09:41:37'),
(481, 1250, '1', '2023-04-26', '2022-02-12 09:41:37', '2022-02-12 09:41:37'),
(482, 1250, '1', '2023-04-27', '2022-02-12 09:41:37', '2022-02-12 09:41:37'),
(483, 1250, '1', '2023-04-28', '2022-02-12 09:41:37', '2022-02-12 09:41:37'),
(484, 1250, '1', '2023-04-29', '2022-02-12 09:41:37', '2022-02-12 09:41:37'),
(485, 1250, '1', '2023-04-30', '2022-02-12 09:41:37', '2022-02-12 09:41:37'),
(486, 1250, '1', '2023-05-01', '2022-02-12 09:41:37', '2022-02-12 09:41:37'),
(487, 1250, '1', '2023-05-02', '2022-02-12 09:41:37', '2022-02-12 09:41:37'),
(488, 1250, '1', '2023-05-03', '2022-02-12 09:41:37', '2022-02-12 09:41:37'),
(489, 1250, '1', '2023-05-04', '2022-02-12 09:41:37', '2022-02-12 09:41:37'),
(490, 1250, '1', '2023-05-05', '2022-02-12 09:41:37', '2022-02-12 09:41:37'),
(491, 1250, '1', '2023-05-06', '2022-02-12 09:41:37', '2022-02-12 09:41:37'),
(492, 1250, '1', '2023-05-07', '2022-02-12 09:41:37', '2022-02-12 09:41:37'),
(493, 1250, '1', '2023-05-08', '2022-02-12 09:41:37', '2022-02-12 09:41:37'),
(494, 1250, '1', '2023-05-09', '2022-02-12 09:41:37', '2022-02-12 09:41:37'),
(495, 1250, '1', '2023-05-10', '2022-02-12 09:41:37', '2022-02-12 09:41:37'),
(496, 1250, '1', '2023-05-11', '2022-02-12 09:41:37', '2022-02-12 09:41:37'),
(497, 1250, '1', '2023-05-12', '2022-02-12 09:41:37', '2022-02-12 09:41:37'),
(498, 1250, '1', '2023-05-13', '2022-02-12 09:41:37', '2022-02-12 09:41:37'),
(499, 1250, '1', '2023-05-14', '2022-02-12 09:41:37', '2022-02-12 09:41:37'),
(500, 1250, '1', '2023-05-15', '2022-02-12 09:41:37', '2022-02-12 09:41:37'),
(501, 1250, '1', '2023-05-16', '2022-02-12 09:41:37', '2022-02-12 09:41:37'),
(502, 1250, '1', '2023-05-17', '2022-02-12 09:41:37', '2022-02-12 09:41:37'),
(503, 1250, '1', '2023-05-18', '2022-02-12 09:41:37', '2022-02-12 09:41:37'),
(504, 1250, '1', '2023-05-19', '2022-02-12 09:41:37', '2022-02-12 09:41:37'),
(505, 1250, '1', '2023-05-20', '2022-02-12 09:41:37', '2022-02-12 09:41:37'),
(506, 1250, '1', '2023-05-21', '2022-02-12 09:41:37', '2022-02-12 09:41:37'),
(507, 1250, '1', '2023-05-22', '2022-02-12 09:41:37', '2022-02-12 09:41:37'),
(508, 1250, '1', '2023-05-23', '2022-02-12 09:41:37', '2022-02-12 09:41:37'),
(509, 1250, '1', '2023-05-24', '2022-02-12 09:41:37', '2022-02-12 09:41:37'),
(510, 1250, '1', '2023-05-25', '2022-02-12 09:41:37', '2022-02-12 09:41:37'),
(511, 1250, '1', '2023-05-26', '2022-02-12 09:41:37', '2022-02-12 09:41:37'),
(512, 1250, '1', '2023-05-27', '2022-02-12 09:41:37', '2022-02-12 09:41:37'),
(513, 1250, '1', '2023-05-28', '2022-02-12 09:41:37', '2022-02-12 09:41:37'),
(514, 1250, '1', '2023-05-29', '2022-02-12 09:41:37', '2022-02-12 09:41:37'),
(515, 1250, '1', '2023-05-30', '2022-02-12 09:41:37', '2022-02-12 09:41:37'),
(516, 1250, '1', '2023-05-31', '2022-02-12 09:41:37', '2022-02-12 09:41:37'),
(517, 1250, '1', '2023-06-01', '2022-02-12 09:41:37', '2022-02-12 09:41:37'),
(518, 1250, '1', '2023-06-02', '2022-02-12 09:41:37', '2022-02-12 09:41:37'),
(519, 1250, '1', '2023-06-03', '2022-02-12 09:41:37', '2022-02-12 09:41:37'),
(520, 1250, '1', '2023-06-04', '2022-02-12 09:41:37', '2022-02-12 09:41:37'),
(521, 1250, '1', '2023-06-05', '2022-02-12 09:41:37', '2022-02-12 09:41:37'),
(522, 1250, '1', '2023-06-06', '2022-02-12 09:41:37', '2022-02-12 09:41:37'),
(523, 1250, '1', '2023-06-07', '2022-02-12 09:41:37', '2022-02-12 09:41:37'),
(524, 1250, '1', '2023-06-08', '2022-02-12 09:41:37', '2022-02-12 09:41:37'),
(525, 1250, '1', '2023-06-09', '2022-02-12 09:41:37', '2022-02-12 09:41:37'),
(526, 1250, '1', '2023-06-10', '2022-02-12 09:41:37', '2022-02-12 09:41:37'),
(527, 1250, '1', '2023-06-11', '2022-02-12 09:41:37', '2022-02-12 09:41:37'),
(528, 1250, '1', '2023-06-12', '2022-02-12 09:41:37', '2022-02-12 09:41:37'),
(529, 1250, '1', '2023-06-13', '2022-02-12 09:41:37', '2022-02-12 09:41:37'),
(530, 1250, '1', '2023-06-14', '2022-02-12 09:41:37', '2022-02-12 09:41:37'),
(531, 1250, '1', '2023-06-15', '2022-02-12 09:41:37', '2022-02-12 09:41:37'),
(532, 1250, '1', '2023-06-16', '2022-02-12 09:41:37', '2022-02-12 09:41:37'),
(533, 1250, '1', '2023-06-17', '2022-02-12 09:41:37', '2022-02-12 09:41:37'),
(534, 1250, '1', '2023-06-18', '2022-02-12 09:41:37', '2022-02-12 09:41:37'),
(535, 1250, '1', '2023-06-19', '2022-02-12 09:41:37', '2022-02-12 09:41:37'),
(536, 1250, '1', '2023-06-20', '2022-02-12 09:41:37', '2022-02-12 09:41:37'),
(537, 1250, '1', '2023-06-21', '2022-02-12 09:41:38', '2022-02-12 09:41:38'),
(538, 1250, '1', '2023-06-22', '2022-02-12 09:41:38', '2022-02-12 09:41:38'),
(539, 1250, '1', '2023-06-23', '2022-02-12 09:41:38', '2022-02-12 09:41:38'),
(540, 1250, '1', '2023-06-24', '2022-02-12 09:41:38', '2022-02-12 09:41:38'),
(541, 1250, '1', '2023-06-25', '2022-02-12 09:41:38', '2022-02-12 09:41:38'),
(542, 1250, '1', '2023-06-26', '2022-02-12 09:41:38', '2022-02-12 09:41:38'),
(543, 1250, '1', '2023-06-27', '2022-02-12 09:41:38', '2022-02-12 09:41:38'),
(544, 1250, '1', '2023-06-28', '2022-02-12 09:41:38', '2022-02-12 09:41:38'),
(545, 1250, '1', '2023-06-29', '2022-02-12 09:41:38', '2022-02-12 09:41:38'),
(546, 1250, '1', '2023-06-30', '2022-02-12 09:41:38', '2022-02-12 09:41:38'),
(547, 1250, '1', '2023-07-01', '2022-02-12 09:41:38', '2022-02-12 09:41:38'),
(548, 1250, '1', '2023-07-02', '2022-02-12 09:41:38', '2022-02-12 09:41:38'),
(549, 1250, '1', '2023-07-03', '2022-02-12 09:41:38', '2022-02-12 09:41:38'),
(550, 1250, '1', '2023-07-04', '2022-02-12 09:41:38', '2022-02-12 09:41:38'),
(551, 1250, '1', '2023-07-05', '2022-02-12 09:41:38', '2022-02-12 09:41:38'),
(552, 1250, '1', '2023-07-06', '2022-02-12 09:41:38', '2022-02-12 09:41:38'),
(553, 1250, '1', '2023-07-07', '2022-02-12 09:41:38', '2022-02-12 09:41:38'),
(554, 1250, '1', '2023-07-08', '2022-02-12 09:41:38', '2022-02-12 09:41:38'),
(555, 1250, '1', '2023-07-09', '2022-02-12 09:41:38', '2022-02-12 09:41:38'),
(556, 1250, '1', '2023-07-10', '2022-02-12 09:41:38', '2022-02-12 09:41:38'),
(557, 1250, '1', '2023-07-11', '2022-02-12 09:41:38', '2022-02-12 09:41:38'),
(558, 1250, '1', '2023-07-12', '2022-02-12 09:41:38', '2022-02-12 09:41:38'),
(559, 1250, '1', '2023-07-13', '2022-02-12 09:41:38', '2022-02-12 09:41:38'),
(560, 1250, '1', '2023-07-14', '2022-02-12 09:41:38', '2022-02-12 09:41:38'),
(561, 1250, '1', '2023-07-15', '2022-02-12 09:41:38', '2022-02-12 09:41:38'),
(562, 1250, '1', '2023-07-16', '2022-02-12 09:41:38', '2022-02-12 09:41:38'),
(563, 1250, '1', '2023-07-17', '2022-02-12 09:41:38', '2022-02-12 09:41:38'),
(564, 1250, '1', '2023-07-18', '2022-02-12 09:41:38', '2022-02-12 09:41:38'),
(565, 1250, '1', '2023-07-19', '2022-02-12 09:41:38', '2022-02-12 09:41:38'),
(566, 1250, '1', '2023-07-20', '2022-02-12 09:41:38', '2022-02-12 09:41:38'),
(567, 1250, '1', '2023-07-21', '2022-02-12 09:41:38', '2022-02-12 09:41:38'),
(568, 1250, '1', '2023-07-22', '2022-02-12 09:41:38', '2022-02-12 09:41:38'),
(569, 1250, '1', '2023-07-23', '2022-02-12 09:41:38', '2022-02-12 09:41:38'),
(570, 1250, '1', '2023-07-24', '2022-02-12 09:41:38', '2022-02-12 09:41:38'),
(571, 1250, '1', '2023-07-25', '2022-02-12 09:41:38', '2022-02-12 09:41:38'),
(572, 1250, '1', '2023-07-26', '2022-02-12 09:41:38', '2022-02-12 09:41:38'),
(573, 1250, '1', '2023-07-27', '2022-02-12 09:41:38', '2022-02-12 09:41:38'),
(574, 1250, '1', '2023-07-28', '2022-02-12 09:41:38', '2022-02-12 09:41:38'),
(575, 1250, '1', '2023-07-29', '2022-02-12 09:41:38', '2022-02-12 09:41:38'),
(576, 1250, '1', '2023-07-30', '2022-02-12 09:41:38', '2022-02-12 09:41:38'),
(577, 1250, '1', '2023-07-31', '2022-02-12 09:41:38', '2022-02-12 09:41:38'),
(578, 1250, '1', '2023-08-01', '2022-02-12 09:41:38', '2022-02-12 09:41:38'),
(579, 1250, '1', '2023-08-02', '2022-02-12 09:41:38', '2022-02-12 09:41:38'),
(580, 1250, '1', '2023-08-03', '2022-02-12 09:41:38', '2022-02-12 09:41:38'),
(581, 1250, '1', '2023-08-04', '2022-02-12 09:41:38', '2022-02-12 09:41:38'),
(582, 1250, '1', '2023-08-05', '2022-02-12 09:41:38', '2022-02-12 09:41:38'),
(583, 1250, '1', '2023-08-06', '2022-02-12 09:41:38', '2022-02-12 09:41:38'),
(584, 1250, '1', '2023-08-07', '2022-02-12 09:41:38', '2022-02-12 09:41:38'),
(585, 1250, '1', '2023-08-08', '2022-02-12 09:41:38', '2022-02-12 09:41:38'),
(586, 1250, '1', '2023-08-09', '2022-02-12 09:41:38', '2022-02-12 09:41:38'),
(587, 1250, '1', '2023-08-10', '2022-02-12 09:41:38', '2022-02-12 09:41:38'),
(588, 1250, '1', '2023-08-11', '2022-02-12 09:41:38', '2022-02-12 09:41:38'),
(589, 1250, '1', '2023-08-12', '2022-02-12 09:41:38', '2022-02-12 09:41:38'),
(590, 1250, '1', '2023-08-13', '2022-02-12 09:41:38', '2022-02-12 09:41:38'),
(591, 1250, '1', '2023-08-14', '2022-02-12 09:41:38', '2022-02-12 09:41:38'),
(592, 1250, '1', '2023-08-15', '2022-02-12 09:41:38', '2022-02-12 09:41:38'),
(593, 1250, '1', '2023-08-16', '2022-02-12 09:41:38', '2022-02-12 09:41:38'),
(594, 1250, '1', '2023-08-17', '2022-02-12 09:41:38', '2022-02-12 09:41:38'),
(595, 1250, '1', '2023-08-18', '2022-02-12 09:41:38', '2022-02-12 09:41:38'),
(596, 1250, '1', '2023-08-19', '2022-02-12 09:41:38', '2022-02-12 09:41:38'),
(597, 1250, '1', '2023-08-20', '2022-02-12 09:41:38', '2022-02-12 09:41:38'),
(598, 1250, '1', '2023-08-21', '2022-02-12 09:41:38', '2022-02-12 09:41:38'),
(599, 1250, '1', '2023-08-22', '2022-02-12 09:41:38', '2022-02-12 09:41:38'),
(600, 1250, '1', '2023-08-23', '2022-02-12 09:41:38', '2022-02-12 09:41:38'),
(601, 1250, '1', '2023-08-24', '2022-02-12 09:41:38', '2022-02-12 09:41:38'),
(602, 1250, '1', '2023-08-25', '2022-02-12 09:41:38', '2022-02-12 09:41:38'),
(603, 1250, '1', '2023-08-26', '2022-02-12 09:41:38', '2022-02-12 09:41:38'),
(604, 1250, '1', '2023-08-27', '2022-02-12 09:41:38', '2022-02-12 09:41:38'),
(605, 1250, '1', '2023-08-28', '2022-02-12 09:41:38', '2022-02-12 09:41:38'),
(606, 1250, '1', '2023-08-29', '2022-02-12 09:41:38', '2022-02-12 09:41:38'),
(607, 1250, '1', '2023-08-30', '2022-02-12 09:41:38', '2022-02-12 09:41:38'),
(608, 1250, '1', '2023-08-31', '2022-02-12 09:41:38', '2022-02-12 09:41:38'),
(609, 1250, '1', '2023-09-01', '2022-02-12 09:41:38', '2022-02-12 09:41:38'),
(610, 1250, '1', '2023-09-02', '2022-02-12 09:41:38', '2022-02-12 09:41:38'),
(611, 1250, '1', '2023-09-03', '2022-02-12 09:41:38', '2022-02-12 09:41:38'),
(612, 1250, '1', '2023-09-04', '2022-02-12 09:41:38', '2022-02-12 09:41:38'),
(613, 1250, '1', '2023-09-05', '2022-02-12 09:41:38', '2022-02-12 09:41:38'),
(614, 1250, '1', '2023-09-06', '2022-02-12 09:41:38', '2022-02-12 09:41:38'),
(615, 1250, '1', '2023-09-07', '2022-02-12 09:41:38', '2022-02-12 09:41:38'),
(616, 1250, '1', '2023-09-08', '2022-02-12 09:41:38', '2022-02-12 09:41:38'),
(617, 1250, '1', '2023-09-09', '2022-02-12 09:41:38', '2022-02-12 09:41:38'),
(618, 1250, '1', '2023-09-10', '2022-02-12 09:41:38', '2022-02-12 09:41:38'),
(619, 1250, '1', '2023-09-11', '2022-02-12 09:41:38', '2022-02-12 09:41:38'),
(620, 1250, '1', '2023-09-12', '2022-02-12 09:41:38', '2022-02-12 09:41:38'),
(621, 1250, '1', '2023-09-13', '2022-02-12 09:41:38', '2022-02-12 09:41:38'),
(622, 1250, '1', '2023-09-14', '2022-02-12 09:41:38', '2022-02-12 09:41:38'),
(623, 1250, '1', '2023-09-15', '2022-02-12 09:41:38', '2022-02-12 09:41:38'),
(624, 1250, '1', '2023-09-16', '2022-02-12 09:41:38', '2022-02-12 09:41:38'),
(625, 1250, '1', '2023-09-17', '2022-02-12 09:41:38', '2022-02-12 09:41:38'),
(626, 1250, '1', '2023-09-18', '2022-02-12 09:41:38', '2022-02-12 09:41:38'),
(627, 1250, '1', '2023-09-19', '2022-02-12 09:41:38', '2022-02-12 09:41:38'),
(628, 1250, '1', '2023-09-20', '2022-02-12 09:41:38', '2022-02-12 09:41:38'),
(629, 1250, '1', '2023-09-21', '2022-02-12 09:41:38', '2022-02-12 09:41:38'),
(630, 1250, '1', '2023-09-22', '2022-02-12 09:41:38', '2022-02-12 09:41:38'),
(631, 1250, '1', '2023-09-23', '2022-02-12 09:41:38', '2022-02-12 09:41:38'),
(632, 1250, '1', '2023-09-24', '2022-02-12 09:41:38', '2022-02-12 09:41:38'),
(633, 1250, '1', '2023-09-25', '2022-02-12 09:41:38', '2022-02-12 09:41:38'),
(634, 1250, '1', '2023-09-26', '2022-02-12 09:41:38', '2022-02-12 09:41:38'),
(635, 1250, '1', '2023-09-27', '2022-02-12 09:41:38', '2022-02-12 09:41:38'),
(636, 1250, '1', '2023-09-28', '2022-02-12 09:41:38', '2022-02-12 09:41:38'),
(637, 1250, '1', '2023-09-29', '2022-02-12 09:41:38', '2022-02-12 09:41:38'),
(638, 1250, '1', '2023-09-30', '2022-02-12 09:41:38', '2022-02-12 09:41:38'),
(639, 1250, '1', '2023-10-01', '2022-02-12 09:41:38', '2022-02-12 09:41:38'),
(640, 1250, '1', '2023-10-02', '2022-02-12 09:41:38', '2022-02-12 09:41:38'),
(641, 1250, '1', '2023-10-03', '2022-02-12 09:41:38', '2022-02-12 09:41:38'),
(642, 1250, '1', '2023-10-04', '2022-02-12 09:41:38', '2022-02-12 09:41:38'),
(643, 1250, '1', '2023-10-05', '2022-02-12 09:41:38', '2022-02-12 09:41:38'),
(644, 1250, '1', '2023-10-06', '2022-02-12 09:41:38', '2022-02-12 09:41:38'),
(645, 1250, '1', '2023-10-07', '2022-02-12 09:41:38', '2022-02-12 09:41:38'),
(646, 1250, '1', '2023-10-08', '2022-02-12 09:41:38', '2022-02-12 09:41:38'),
(647, 1250, '1', '2023-10-09', '2022-02-12 09:41:38', '2022-02-12 09:41:38'),
(648, 1250, '1', '2023-10-10', '2022-02-12 09:41:38', '2022-02-12 09:41:38'),
(649, 1250, '1', '2023-10-11', '2022-02-12 09:41:38', '2022-02-12 09:41:38'),
(650, 1250, '1', '2023-10-12', '2022-02-12 09:41:38', '2022-02-12 09:41:38'),
(651, 1250, '1', '2023-10-13', '2022-02-12 09:41:38', '2022-02-12 09:41:38'),
(652, 1250, '1', '2023-10-14', '2022-02-12 09:41:38', '2022-02-12 09:41:38'),
(653, 1250, '1', '2023-10-15', '2022-02-12 09:41:38', '2022-02-12 09:41:38'),
(654, 1250, '1', '2023-10-16', '2022-02-12 09:41:38', '2022-02-12 09:41:38'),
(655, 1250, '1', '2023-10-17', '2022-02-12 09:41:38', '2022-02-12 09:41:38'),
(656, 1250, '1', '2023-10-18', '2022-02-12 09:41:38', '2022-02-12 09:41:38'),
(657, 1250, '1', '2023-10-19', '2022-02-12 09:41:38', '2022-02-12 09:41:38'),
(658, 1250, '1', '2023-10-20', '2022-02-12 09:41:38', '2022-02-12 09:41:38');
INSERT INTO `capacity_days` (`id`, `count`, `status`, `day`, `created_at`, `updated_at`) VALUES
(659, 1250, '1', '2023-10-21', '2022-02-12 09:41:38', '2022-02-12 09:41:38'),
(660, 1250, '1', '2023-10-22', '2022-02-12 09:41:38', '2022-02-12 09:41:38'),
(661, 1250, '1', '2023-10-23', '2022-02-12 09:41:38', '2022-02-12 09:41:38'),
(662, 1250, '1', '2023-10-24', '2022-02-12 09:41:38', '2022-02-12 09:41:38'),
(663, 1250, '1', '2023-10-25', '2022-02-12 09:41:38', '2022-02-12 09:41:38'),
(664, 1250, '1', '2023-10-26', '2022-02-12 09:41:38', '2022-02-12 09:41:38'),
(665, 1250, '1', '2023-10-27', '2022-02-12 09:41:38', '2022-02-12 09:41:38'),
(666, 1250, '1', '2023-10-28', '2022-02-12 09:41:38', '2022-02-12 09:41:38'),
(667, 1250, '1', '2023-10-29', '2022-02-12 09:41:38', '2022-02-12 09:41:38'),
(668, 1250, '1', '2023-10-30', '2022-02-12 09:41:38', '2022-02-12 09:41:38'),
(669, 1250, '1', '2023-10-31', '2022-02-12 09:41:38', '2022-02-12 09:41:38'),
(670, 1250, '1', '2023-11-01', '2022-02-12 09:41:38', '2022-02-12 09:41:38'),
(671, 1250, '1', '2023-11-02', '2022-02-12 09:41:38', '2022-02-12 09:41:38'),
(672, 1250, '1', '2023-11-03', '2022-02-12 09:41:38', '2022-02-12 09:41:38'),
(673, 1250, '1', '2023-11-04', '2022-02-12 09:41:38', '2022-02-12 09:41:38'),
(674, 1250, '1', '2023-11-05', '2022-02-12 09:41:38', '2022-02-12 09:41:38'),
(675, 1250, '1', '2023-11-06', '2022-02-12 09:41:38', '2022-02-12 09:41:38'),
(676, 1250, '1', '2023-11-07', '2022-02-12 09:41:38', '2022-02-12 09:41:38'),
(677, 1250, '1', '2023-11-08', '2022-02-12 09:41:38', '2022-02-12 09:41:38'),
(678, 1250, '1', '2023-11-09', '2022-02-12 09:41:38', '2022-02-12 09:41:38'),
(679, 1250, '1', '2023-11-10', '2022-02-12 09:41:38', '2022-02-12 09:41:38'),
(680, 1250, '1', '2023-11-11', '2022-02-12 09:41:38', '2022-02-12 09:41:38'),
(681, 1250, '1', '2023-11-12', '2022-02-12 09:41:38', '2022-02-12 09:41:38'),
(682, 1250, '1', '2023-11-13', '2022-02-12 09:41:38', '2022-02-12 09:41:38'),
(683, 1250, '1', '2023-11-14', '2022-02-12 09:41:38', '2022-02-12 09:41:38'),
(684, 1250, '1', '2023-11-15', '2022-02-12 09:41:38', '2022-02-12 09:41:38'),
(685, 1250, '1', '2023-11-16', '2022-02-12 09:41:38', '2022-02-12 09:41:38'),
(686, 1250, '1', '2023-11-17', '2022-02-12 09:41:38', '2022-02-12 09:41:38'),
(687, 1250, '1', '2023-11-18', '2022-02-12 09:41:38', '2022-02-12 09:41:38'),
(688, 1250, '1', '2023-11-19', '2022-02-12 09:41:38', '2022-02-12 09:41:38'),
(689, 1250, '1', '2023-11-20', '2022-02-12 09:41:38', '2022-02-12 09:41:38'),
(690, 1250, '1', '2023-11-21', '2022-02-12 09:41:38', '2022-02-12 09:41:38'),
(691, 1250, '1', '2023-11-22', '2022-02-12 09:41:38', '2022-02-12 09:41:38'),
(692, 1250, '1', '2023-11-23', '2022-02-12 09:41:38', '2022-02-12 09:41:38'),
(693, 1250, '1', '2023-11-24', '2022-02-12 09:41:38', '2022-02-12 09:41:38'),
(694, 1250, '1', '2023-11-25', '2022-02-12 09:41:38', '2022-02-12 09:41:38'),
(695, 1250, '1', '2023-11-26', '2022-02-12 09:41:38', '2022-02-12 09:41:38'),
(696, 1250, '1', '2023-11-27', '2022-02-12 09:41:38', '2022-02-12 09:41:38'),
(697, 1250, '1', '2023-11-28', '2022-02-12 09:41:38', '2022-02-12 09:41:38'),
(698, 1250, '1', '2023-11-29', '2022-02-12 09:41:38', '2022-02-12 09:41:38'),
(699, 1250, '1', '2023-11-30', '2022-02-12 09:41:38', '2022-02-12 09:41:38'),
(700, 1250, '1', '2023-12-01', '2022-02-12 09:41:38', '2022-02-12 09:41:38'),
(701, 1250, '1', '2023-12-02', '2022-02-12 09:41:38', '2022-02-12 09:41:38'),
(702, 1250, '1', '2023-12-03', '2022-02-12 09:41:38', '2022-02-12 09:41:38'),
(703, 1250, '1', '2023-12-04', '2022-02-12 09:41:38', '2022-02-12 09:41:38'),
(704, 1250, '1', '2023-12-05', '2022-02-12 09:41:38', '2022-02-12 09:41:38'),
(705, 1250, '1', '2023-12-06', '2022-02-12 09:41:38', '2022-02-12 09:41:38'),
(706, 1250, '1', '2023-12-07', '2022-02-12 09:41:38', '2022-02-12 09:41:38'),
(707, 1250, '1', '2023-12-08', '2022-02-12 09:41:38', '2022-02-12 09:41:38'),
(708, 1250, '1', '2023-12-09', '2022-02-12 09:41:38', '2022-02-12 09:41:38'),
(709, 1250, '1', '2023-12-10', '2022-02-12 09:41:38', '2022-02-12 09:41:38'),
(710, 1250, '1', '2023-12-11', '2022-02-12 09:41:38', '2022-02-12 09:41:38'),
(711, 1250, '1', '2023-12-12', '2022-02-12 09:41:38', '2022-02-12 09:41:38'),
(712, 1250, '1', '2023-12-13', '2022-02-12 09:41:38', '2022-02-12 09:41:38'),
(713, 1250, '1', '2023-12-14', '2022-02-12 09:41:38', '2022-02-12 09:41:38'),
(714, 1250, '1', '2023-12-15', '2022-02-12 09:41:38', '2022-02-12 09:41:38'),
(715, 1250, '1', '2023-12-16', '2022-02-12 09:41:38', '2022-02-12 09:41:38'),
(716, 1250, '1', '2023-12-17', '2022-02-12 09:41:38', '2022-02-12 09:41:38'),
(717, 1250, '1', '2023-12-18', '2022-02-12 09:41:38', '2022-02-12 09:41:38'),
(718, 1250, '1', '2023-12-19', '2022-02-12 09:41:38', '2022-02-12 09:41:38'),
(719, 1250, '1', '2023-12-20', '2022-02-12 09:41:38', '2022-02-12 09:41:38'),
(720, 1250, '1', '2023-12-21', '2022-02-12 09:41:38', '2022-02-12 09:41:38'),
(721, 1250, '1', '2023-12-22', '2022-02-12 09:41:38', '2022-02-12 09:41:38'),
(722, 1250, '1', '2023-12-23', '2022-02-12 09:41:38', '2022-02-12 09:41:38'),
(723, 1250, '1', '2023-12-24', '2022-02-12 09:41:38', '2022-02-12 09:41:38'),
(724, 1250, '1', '2023-12-25', '2022-02-12 09:41:38', '2022-02-12 09:41:38'),
(725, 1250, '1', '2023-12-26', '2022-02-12 09:41:38', '2022-02-12 09:41:38'),
(726, 1250, '1', '2023-12-27', '2022-02-12 09:41:38', '2022-02-12 09:41:38'),
(727, 1250, '1', '2023-12-28', '2022-02-12 09:41:39', '2022-02-12 09:41:39'),
(728, 1250, '1', '2023-12-29', '2022-02-12 09:41:39', '2022-02-12 09:41:39'),
(729, 1250, '1', '2023-12-30', '2022-02-12 09:41:39', '2022-02-12 09:41:39'),
(730, 1250, '1', '2023-12-31', '2022-02-12 09:41:39', '2022-02-12 09:41:39'),
(731, 1250, '1', '2024-01-01', '2022-02-12 09:41:57', '2022-02-12 09:41:57'),
(732, 1250, '1', '2024-01-02', '2022-02-12 09:41:57', '2022-02-12 09:41:57'),
(733, 1250, '1', '2024-01-03', '2022-02-12 09:41:57', '2022-02-12 09:41:57'),
(734, 1250, '1', '2024-01-04', '2022-02-12 09:41:57', '2022-02-12 09:41:57'),
(735, 1250, '1', '2024-01-05', '2022-02-12 09:41:57', '2022-02-12 09:41:57'),
(736, 1250, '1', '2024-01-06', '2022-02-12 09:41:57', '2022-02-12 09:41:57'),
(737, 1250, '1', '2024-01-07', '2022-02-12 09:41:57', '2022-02-12 09:41:57'),
(738, 1250, '1', '2024-01-08', '2022-02-12 09:41:57', '2022-02-12 09:41:57'),
(739, 1250, '1', '2024-01-09', '2022-02-12 09:41:57', '2022-02-12 09:41:57'),
(740, 1250, '1', '2024-01-10', '2022-02-12 09:41:57', '2022-02-12 09:41:57'),
(741, 1250, '1', '2024-01-11', '2022-02-12 09:41:57', '2022-02-12 09:41:57'),
(742, 1250, '1', '2024-01-12', '2022-02-12 09:41:57', '2022-02-12 09:41:57'),
(743, 1250, '1', '2024-01-13', '2022-02-12 09:41:57', '2022-02-12 09:41:57'),
(744, 1250, '1', '2024-01-14', '2022-02-12 09:41:57', '2022-02-12 09:41:57'),
(745, 1250, '1', '2024-01-15', '2022-02-12 09:41:57', '2022-02-12 09:41:57'),
(746, 1250, '1', '2024-01-16', '2022-02-12 09:41:57', '2022-02-12 09:41:57'),
(747, 1250, '1', '2024-01-17', '2022-02-12 09:41:57', '2022-02-12 09:41:57'),
(748, 1250, '1', '2024-01-18', '2022-02-12 09:41:57', '2022-02-12 09:41:57'),
(749, 1250, '1', '2024-01-19', '2022-02-12 09:41:57', '2022-02-12 09:41:57'),
(750, 1250, '1', '2024-01-20', '2022-02-12 09:41:57', '2022-02-12 09:41:57'),
(751, 1250, '1', '2024-01-21', '2022-02-12 09:41:57', '2022-02-12 09:41:57'),
(752, 1250, '1', '2024-01-22', '2022-02-12 09:41:57', '2022-02-12 09:41:57'),
(753, 1250, '1', '2024-01-23', '2022-02-12 09:41:57', '2022-02-12 09:41:57'),
(754, 1250, '1', '2024-01-24', '2022-02-12 09:41:57', '2022-02-12 09:41:57'),
(755, 1250, '1', '2024-01-25', '2022-02-12 09:41:57', '2022-02-12 09:41:57'),
(756, 1250, '1', '2024-01-26', '2022-02-12 09:41:57', '2022-02-12 09:41:57'),
(757, 1250, '1', '2024-01-27', '2022-02-12 09:41:57', '2022-02-12 09:41:57'),
(758, 1250, '1', '2024-01-28', '2022-02-12 09:41:57', '2022-02-12 09:41:57'),
(759, 1250, '1', '2024-01-29', '2022-02-12 09:41:57', '2022-02-12 09:41:57'),
(760, 1250, '1', '2024-01-30', '2022-02-12 09:41:57', '2022-02-12 09:41:57'),
(761, 1250, '1', '2024-01-31', '2022-02-12 09:41:57', '2022-02-12 09:41:57'),
(762, 1250, '1', '2024-02-01', '2022-02-12 09:41:57', '2022-02-12 09:41:57'),
(763, 1250, '1', '2024-02-02', '2022-02-12 09:41:57', '2022-02-12 09:41:57'),
(764, 1250, '1', '2024-02-03', '2022-02-12 09:41:57', '2022-02-12 09:41:57'),
(765, 1250, '1', '2024-02-04', '2022-02-12 09:41:57', '2022-02-12 09:41:57'),
(766, 1250, '1', '2024-02-05', '2022-02-12 09:41:57', '2022-02-12 09:41:57'),
(767, 1250, '1', '2024-02-06', '2022-02-12 09:41:57', '2022-02-12 09:41:57'),
(768, 1250, '1', '2024-02-07', '2022-02-12 09:41:57', '2022-02-12 09:41:57'),
(769, 1250, '1', '2024-02-08', '2022-02-12 09:41:57', '2022-02-12 09:41:57'),
(770, 1250, '1', '2024-02-09', '2022-02-12 09:41:57', '2022-02-12 09:41:57'),
(771, 1250, '1', '2024-02-10', '2022-02-12 09:41:57', '2022-02-12 09:41:57'),
(772, 1250, '1', '2024-02-11', '2022-02-12 09:41:57', '2022-02-12 09:41:57'),
(773, 1250, '1', '2024-02-12', '2022-02-12 09:41:57', '2022-02-12 09:41:57'),
(774, 1250, '1', '2024-02-13', '2022-02-12 09:41:57', '2022-02-12 09:41:57'),
(775, 1250, '1', '2024-02-14', '2022-02-12 09:41:57', '2022-02-12 09:41:57'),
(776, 1250, '1', '2024-02-15', '2022-02-12 09:41:57', '2022-02-12 09:41:57'),
(777, 1250, '1', '2024-02-16', '2022-02-12 09:41:57', '2022-02-12 09:41:57'),
(778, 1250, '1', '2024-02-17', '2022-02-12 09:41:57', '2022-02-12 09:41:57'),
(779, 1250, '1', '2024-02-18', '2022-02-12 09:41:57', '2022-02-12 09:41:57'),
(780, 1250, '1', '2024-02-19', '2022-02-12 09:41:57', '2022-02-12 09:41:57'),
(781, 1250, '1', '2024-02-20', '2022-02-12 09:41:57', '2022-02-12 09:41:57'),
(782, 1250, '1', '2024-02-21', '2022-02-12 09:41:57', '2022-02-12 09:41:57'),
(783, 1250, '1', '2024-02-22', '2022-02-12 09:41:57', '2022-02-12 09:41:57'),
(784, 1250, '1', '2024-02-23', '2022-02-12 09:41:57', '2022-02-12 09:41:57'),
(785, 1250, '1', '2024-02-24', '2022-02-12 09:41:57', '2022-02-12 09:41:57'),
(786, 1250, '1', '2024-02-25', '2022-02-12 09:41:57', '2022-02-12 09:41:57'),
(787, 1250, '1', '2024-02-26', '2022-02-12 09:41:57', '2022-02-12 09:41:57'),
(788, 1250, '1', '2024-02-27', '2022-02-12 09:41:57', '2022-02-12 09:41:57'),
(789, 1250, '1', '2024-02-28', '2022-02-12 09:41:57', '2022-02-12 09:41:57'),
(790, 1250, '1', '2024-02-29', '2022-02-12 09:41:57', '2022-02-12 09:41:57'),
(791, 1250, '1', '2024-03-01', '2022-02-12 09:41:57', '2022-02-12 09:41:57'),
(792, 1250, '1', '2024-03-02', '2022-02-12 09:41:57', '2022-02-12 09:41:57'),
(793, 1250, '1', '2024-03-03', '2022-02-12 09:41:57', '2022-02-12 09:41:57'),
(794, 1250, '1', '2024-03-04', '2022-02-12 09:41:57', '2022-02-12 09:41:57'),
(795, 1250, '1', '2024-03-05', '2022-02-12 09:41:57', '2022-02-12 09:41:57'),
(796, 1250, '1', '2024-03-06', '2022-02-12 09:41:57', '2022-02-12 09:41:57'),
(797, 1250, '1', '2024-03-07', '2022-02-12 09:41:57', '2022-02-12 09:41:57'),
(798, 1250, '1', '2024-03-08', '2022-02-12 09:41:57', '2022-02-12 09:41:57'),
(799, 1250, '1', '2024-03-09', '2022-02-12 09:41:57', '2022-02-12 09:41:57'),
(800, 1250, '1', '2024-03-10', '2022-02-12 09:41:57', '2022-02-12 09:41:57'),
(801, 1250, '1', '2024-03-11', '2022-02-12 09:41:57', '2022-02-12 09:41:57'),
(802, 1250, '1', '2024-03-12', '2022-02-12 09:41:57', '2022-02-12 09:41:57'),
(803, 1250, '1', '2024-03-13', '2022-02-12 09:41:57', '2022-02-12 09:41:57'),
(804, 1250, '1', '2024-03-14', '2022-02-12 09:41:57', '2022-02-12 09:41:57'),
(805, 1250, '1', '2024-03-15', '2022-02-12 09:41:57', '2022-02-12 09:41:57'),
(806, 1250, '1', '2024-03-16', '2022-02-12 09:41:57', '2022-02-12 09:41:57'),
(807, 1250, '1', '2024-03-17', '2022-02-12 09:41:57', '2022-02-12 09:41:57'),
(808, 1250, '1', '2024-03-18', '2022-02-12 09:41:57', '2022-02-12 09:41:57'),
(809, 1250, '1', '2024-03-19', '2022-02-12 09:41:57', '2022-02-12 09:41:57'),
(810, 1250, '1', '2024-03-20', '2022-02-12 09:41:57', '2022-02-12 09:41:57'),
(811, 1250, '1', '2024-03-21', '2022-02-12 09:41:57', '2022-02-12 09:41:57'),
(812, 1250, '1', '2024-03-22', '2022-02-12 09:41:58', '2022-02-12 09:41:58'),
(813, 1250, '1', '2024-03-23', '2022-02-12 09:41:58', '2022-02-12 09:41:58'),
(814, 1250, '1', '2024-03-24', '2022-02-12 09:41:58', '2022-02-12 09:41:58'),
(815, 1250, '1', '2024-03-25', '2022-02-12 09:41:58', '2022-02-12 09:41:58'),
(816, 1250, '1', '2024-03-26', '2022-02-12 09:41:58', '2022-02-12 09:41:58'),
(817, 1250, '1', '2024-03-27', '2022-02-12 09:41:58', '2022-02-12 09:41:58'),
(818, 1250, '1', '2024-03-28', '2022-02-12 09:41:58', '2022-02-12 09:41:58'),
(819, 1250, '1', '2024-03-29', '2022-02-12 09:41:58', '2022-02-12 09:41:58'),
(820, 1250, '1', '2024-03-30', '2022-02-12 09:41:58', '2022-02-12 09:41:58'),
(821, 1250, '1', '2024-03-31', '2022-02-12 09:41:58', '2022-02-12 09:41:58'),
(822, 1250, '1', '2024-04-01', '2022-02-12 09:41:58', '2022-02-12 09:41:58'),
(823, 1250, '1', '2024-04-02', '2022-02-12 09:41:58', '2022-02-12 09:41:58'),
(824, 1250, '1', '2024-04-03', '2022-02-12 09:41:58', '2022-02-12 09:41:58'),
(825, 1250, '1', '2024-04-04', '2022-02-12 09:41:58', '2022-02-12 09:41:58'),
(826, 1250, '1', '2024-04-05', '2022-02-12 09:41:58', '2022-02-12 09:41:58'),
(827, 1250, '1', '2024-04-06', '2022-02-12 09:41:58', '2022-02-12 09:41:58'),
(828, 1250, '1', '2024-04-07', '2022-02-12 09:41:58', '2022-02-12 09:41:58'),
(829, 1250, '1', '2024-04-08', '2022-02-12 09:41:58', '2022-02-12 09:41:58'),
(830, 1250, '1', '2024-04-09', '2022-02-12 09:41:58', '2022-02-12 09:41:58'),
(831, 1250, '1', '2024-04-10', '2022-02-12 09:41:58', '2022-02-12 09:41:58'),
(832, 1250, '1', '2024-04-11', '2022-02-12 09:41:58', '2022-02-12 09:41:58'),
(833, 1250, '1', '2024-04-12', '2022-02-12 09:41:58', '2022-02-12 09:41:58'),
(834, 1250, '1', '2024-04-13', '2022-02-12 09:41:58', '2022-02-12 09:41:58'),
(835, 1250, '1', '2024-04-14', '2022-02-12 09:41:58', '2022-02-12 09:41:58'),
(836, 1250, '1', '2024-04-15', '2022-02-12 09:41:58', '2022-02-12 09:41:58'),
(837, 1250, '1', '2024-04-16', '2022-02-12 09:41:58', '2022-02-12 09:41:58'),
(838, 1250, '1', '2024-04-17', '2022-02-12 09:41:58', '2022-02-12 09:41:58'),
(839, 1250, '1', '2024-04-18', '2022-02-12 09:41:58', '2022-02-12 09:41:58'),
(840, 1250, '1', '2024-04-19', '2022-02-12 09:41:58', '2022-02-12 09:41:58'),
(841, 1250, '1', '2024-04-20', '2022-02-12 09:41:58', '2022-02-12 09:41:58'),
(842, 1250, '1', '2024-04-21', '2022-02-12 09:41:58', '2022-02-12 09:41:58'),
(843, 1250, '1', '2024-04-22', '2022-02-12 09:41:58', '2022-02-12 09:41:58'),
(844, 1250, '1', '2024-04-23', '2022-02-12 09:41:58', '2022-02-12 09:41:58'),
(845, 1250, '1', '2024-04-24', '2022-02-12 09:41:58', '2022-02-12 09:41:58'),
(846, 1250, '1', '2024-04-25', '2022-02-12 09:41:58', '2022-02-12 09:41:58'),
(847, 1250, '1', '2024-04-26', '2022-02-12 09:41:58', '2022-02-12 09:41:58'),
(848, 1250, '1', '2024-04-27', '2022-02-12 09:41:58', '2022-02-12 09:41:58'),
(849, 1250, '1', '2024-04-28', '2022-02-12 09:41:58', '2022-02-12 09:41:58'),
(850, 1250, '1', '2024-04-29', '2022-02-12 09:41:58', '2022-02-12 09:41:58'),
(851, 1250, '1', '2024-04-30', '2022-02-12 09:41:58', '2022-02-12 09:41:58'),
(852, 1250, '1', '2024-05-01', '2022-02-12 09:41:58', '2022-02-12 09:41:58'),
(853, 1250, '1', '2024-05-02', '2022-02-12 09:41:58', '2022-02-12 09:41:58'),
(854, 1250, '1', '2024-05-03', '2022-02-12 09:41:58', '2022-02-12 09:41:58'),
(855, 1250, '1', '2024-05-04', '2022-02-12 09:41:58', '2022-02-12 09:41:58'),
(856, 1250, '1', '2024-05-05', '2022-02-12 09:41:58', '2022-02-12 09:41:58'),
(857, 1250, '1', '2024-05-06', '2022-02-12 09:41:58', '2022-02-12 09:41:58'),
(858, 1250, '1', '2024-05-07', '2022-02-12 09:41:58', '2022-02-12 09:41:58'),
(859, 1250, '1', '2024-05-08', '2022-02-12 09:41:58', '2022-02-12 09:41:58'),
(860, 1250, '1', '2024-05-09', '2022-02-12 09:41:58', '2022-02-12 09:41:58'),
(861, 1250, '1', '2024-05-10', '2022-02-12 09:41:58', '2022-02-12 09:41:58'),
(862, 1250, '1', '2024-05-11', '2022-02-12 09:41:58', '2022-02-12 09:41:58'),
(863, 1250, '1', '2024-05-12', '2022-02-12 09:41:58', '2022-02-12 09:41:58'),
(864, 1250, '1', '2024-05-13', '2022-02-12 09:41:58', '2022-02-12 09:41:58'),
(865, 1250, '1', '2024-05-14', '2022-02-12 09:41:58', '2022-02-12 09:41:58'),
(866, 1250, '1', '2024-05-15', '2022-02-12 09:41:58', '2022-02-12 09:41:58'),
(867, 1250, '1', '2024-05-16', '2022-02-12 09:41:58', '2022-02-12 09:41:58'),
(868, 1250, '1', '2024-05-17', '2022-02-12 09:41:58', '2022-02-12 09:41:58'),
(869, 1250, '1', '2024-05-18', '2022-02-12 09:41:58', '2022-02-12 09:41:58'),
(870, 1250, '1', '2024-05-19', '2022-02-12 09:41:58', '2022-02-12 09:41:58'),
(871, 1250, '1', '2024-05-20', '2022-02-12 09:41:58', '2022-02-12 09:41:58'),
(872, 1250, '1', '2024-05-21', '2022-02-12 09:41:58', '2022-02-12 09:41:58'),
(873, 1250, '1', '2024-05-22', '2022-02-12 09:41:58', '2022-02-12 09:41:58'),
(874, 1250, '1', '2024-05-23', '2022-02-12 09:41:58', '2022-02-12 09:41:58'),
(875, 1250, '1', '2024-05-24', '2022-02-12 09:41:58', '2022-02-12 09:41:58'),
(876, 1250, '1', '2024-05-25', '2022-02-12 09:41:58', '2022-02-12 09:41:58'),
(877, 1250, '1', '2024-05-26', '2022-02-12 09:41:58', '2022-02-12 09:41:58'),
(878, 1250, '1', '2024-05-27', '2022-02-12 09:41:58', '2022-02-12 09:41:58'),
(879, 1250, '1', '2024-05-28', '2022-02-12 09:41:58', '2022-02-12 09:41:58'),
(880, 1250, '1', '2024-05-29', '2022-02-12 09:41:58', '2022-02-12 09:41:58'),
(881, 1250, '1', '2024-05-30', '2022-02-12 09:41:58', '2022-02-12 09:41:58'),
(882, 1250, '1', '2024-05-31', '2022-02-12 09:41:58', '2022-02-12 09:41:58'),
(883, 1250, '1', '2024-06-01', '2022-02-12 09:41:58', '2022-02-12 09:41:58'),
(884, 1250, '1', '2024-06-02', '2022-02-12 09:41:58', '2022-02-12 09:41:58'),
(885, 1250, '1', '2024-06-03', '2022-02-12 09:41:58', '2022-02-12 09:41:58'),
(886, 1250, '1', '2024-06-04', '2022-02-12 09:41:58', '2022-02-12 09:41:58'),
(887, 1250, '1', '2024-06-05', '2022-02-12 09:41:58', '2022-02-12 09:41:58'),
(888, 1250, '1', '2024-06-06', '2022-02-12 09:41:58', '2022-02-12 09:41:58'),
(889, 1250, '1', '2024-06-07', '2022-02-12 09:41:58', '2022-02-12 09:41:58'),
(890, 1250, '1', '2024-06-08', '2022-02-12 09:41:58', '2022-02-12 09:41:58'),
(891, 1250, '1', '2024-06-09', '2022-02-12 09:41:58', '2022-02-12 09:41:58'),
(892, 1250, '1', '2024-06-10', '2022-02-12 09:41:58', '2022-02-12 09:41:58'),
(893, 1250, '1', '2024-06-11', '2022-02-12 09:41:58', '2022-02-12 09:41:58'),
(894, 1250, '1', '2024-06-12', '2022-02-12 09:41:58', '2022-02-12 09:41:58'),
(895, 1250, '1', '2024-06-13', '2022-02-12 09:41:58', '2022-02-12 09:41:58'),
(896, 1250, '1', '2024-06-14', '2022-02-12 09:41:58', '2022-02-12 09:41:58'),
(897, 1250, '1', '2024-06-15', '2022-02-12 09:41:58', '2022-02-12 09:41:58'),
(898, 1250, '1', '2024-06-16', '2022-02-12 09:41:58', '2022-02-12 09:41:58'),
(899, 1250, '1', '2024-06-17', '2022-02-12 09:41:58', '2022-02-12 09:41:58'),
(900, 1250, '1', '2024-06-18', '2022-02-12 09:41:58', '2022-02-12 09:41:58'),
(901, 1250, '1', '2024-06-19', '2022-02-12 09:41:58', '2022-02-12 09:41:58'),
(902, 1250, '1', '2024-06-20', '2022-02-12 09:41:58', '2022-02-12 09:41:58'),
(903, 1250, '1', '2024-06-21', '2022-02-12 09:41:58', '2022-02-12 09:41:58'),
(904, 1250, '1', '2024-06-22', '2022-02-12 09:41:58', '2022-02-12 09:41:58'),
(905, 1250, '1', '2024-06-23', '2022-02-12 09:41:58', '2022-02-12 09:41:58'),
(906, 1250, '1', '2024-06-24', '2022-02-12 09:41:58', '2022-02-12 09:41:58'),
(907, 1250, '1', '2024-06-25', '2022-02-12 09:41:58', '2022-02-12 09:41:58'),
(908, 1250, '1', '2024-06-26', '2022-02-12 09:41:58', '2022-02-12 09:41:58'),
(909, 1250, '1', '2024-06-27', '2022-02-12 09:41:58', '2022-02-12 09:41:58'),
(910, 1250, '1', '2024-06-28', '2022-02-12 09:41:58', '2022-02-12 09:41:58'),
(911, 1250, '1', '2024-06-29', '2022-02-12 09:41:58', '2022-02-12 09:41:58'),
(912, 1250, '1', '2024-06-30', '2022-02-12 09:41:58', '2022-02-12 09:41:58'),
(913, 1250, '1', '2024-07-01', '2022-02-12 09:41:58', '2022-02-12 09:41:58'),
(914, 1250, '1', '2024-07-02', '2022-02-12 09:41:58', '2022-02-12 09:41:58'),
(915, 1250, '1', '2024-07-03', '2022-02-12 09:41:58', '2022-02-12 09:41:58'),
(916, 1250, '1', '2024-07-04', '2022-02-12 09:41:58', '2022-02-12 09:41:58'),
(917, 1250, '1', '2024-07-05', '2022-02-12 09:41:58', '2022-02-12 09:41:58'),
(918, 1250, '1', '2024-07-06', '2022-02-12 09:41:58', '2022-02-12 09:41:58'),
(919, 1250, '1', '2024-07-07', '2022-02-12 09:41:58', '2022-02-12 09:41:58'),
(920, 1250, '1', '2024-07-08', '2022-02-12 09:41:58', '2022-02-12 09:41:58'),
(921, 1250, '1', '2024-07-09', '2022-02-12 09:41:58', '2022-02-12 09:41:58'),
(922, 1250, '1', '2024-07-10', '2022-02-12 09:41:58', '2022-02-12 09:41:58'),
(923, 1250, '1', '2024-07-11', '2022-02-12 09:41:58', '2022-02-12 09:41:58'),
(924, 1250, '1', '2024-07-12', '2022-02-12 09:41:58', '2022-02-12 09:41:58'),
(925, 1250, '1', '2024-07-13', '2022-02-12 09:41:58', '2022-02-12 09:41:58'),
(926, 1250, '1', '2024-07-14', '2022-02-12 09:41:58', '2022-02-12 09:41:58'),
(927, 1250, '1', '2024-07-15', '2022-02-12 09:41:58', '2022-02-12 09:41:58'),
(928, 1250, '1', '2024-07-16', '2022-02-12 09:41:58', '2022-02-12 09:41:58'),
(929, 1250, '1', '2024-07-17', '2022-02-12 09:41:58', '2022-02-12 09:41:58'),
(930, 1250, '1', '2024-07-18', '2022-02-12 09:41:58', '2022-02-12 09:41:58'),
(931, 1250, '1', '2024-07-19', '2022-02-12 09:41:58', '2022-02-12 09:41:58'),
(932, 1250, '1', '2024-07-20', '2022-02-12 09:41:58', '2022-02-12 09:41:58'),
(933, 1250, '1', '2024-07-21', '2022-02-12 09:41:58', '2022-02-12 09:41:58'),
(934, 1250, '1', '2024-07-22', '2022-02-12 09:41:58', '2022-02-12 09:41:58'),
(935, 1250, '1', '2024-07-23', '2022-02-12 09:41:58', '2022-02-12 09:41:58'),
(936, 1250, '1', '2024-07-24', '2022-02-12 09:41:58', '2022-02-12 09:41:58'),
(937, 1250, '1', '2024-07-25', '2022-02-12 09:41:58', '2022-02-12 09:41:58'),
(938, 1250, '1', '2024-07-26', '2022-02-12 09:41:58', '2022-02-12 09:41:58'),
(939, 1250, '1', '2024-07-27', '2022-02-12 09:41:58', '2022-02-12 09:41:58'),
(940, 1250, '1', '2024-07-28', '2022-02-12 09:41:58', '2022-02-12 09:41:58'),
(941, 1250, '1', '2024-07-29', '2022-02-12 09:41:58', '2022-02-12 09:41:58'),
(942, 1250, '1', '2024-07-30', '2022-02-12 09:41:58', '2022-02-12 09:41:58'),
(943, 1250, '1', '2024-07-31', '2022-02-12 09:41:58', '2022-02-12 09:41:58'),
(944, 1250, '1', '2024-08-01', '2022-02-12 09:41:58', '2022-02-12 09:41:58'),
(945, 1250, '1', '2024-08-02', '2022-02-12 09:41:58', '2022-02-12 09:41:58'),
(946, 1250, '1', '2024-08-03', '2022-02-12 09:41:58', '2022-02-12 09:41:58'),
(947, 1250, '1', '2024-08-04', '2022-02-12 09:41:58', '2022-02-12 09:41:58'),
(948, 1250, '1', '2024-08-05', '2022-02-12 09:41:58', '2022-02-12 09:41:58'),
(949, 1250, '1', '2024-08-06', '2022-02-12 09:41:58', '2022-02-12 09:41:58'),
(950, 1250, '1', '2024-08-07', '2022-02-12 09:41:58', '2022-02-12 09:41:58'),
(951, 1250, '1', '2024-08-08', '2022-02-12 09:41:58', '2022-02-12 09:41:58'),
(952, 1250, '1', '2024-08-09', '2022-02-12 09:41:58', '2022-02-12 09:41:58'),
(953, 1250, '1', '2024-08-10', '2022-02-12 09:41:58', '2022-02-12 09:41:58'),
(954, 1250, '1', '2024-08-11', '2022-02-12 09:41:58', '2022-02-12 09:41:58'),
(955, 1250, '1', '2024-08-12', '2022-02-12 09:41:58', '2022-02-12 09:41:58'),
(956, 1250, '1', '2024-08-13', '2022-02-12 09:41:58', '2022-02-12 09:41:58'),
(957, 1250, '1', '2024-08-14', '2022-02-12 09:41:58', '2022-02-12 09:41:58'),
(958, 1250, '1', '2024-08-15', '2022-02-12 09:41:58', '2022-02-12 09:41:58'),
(959, 1250, '1', '2024-08-16', '2022-02-12 09:41:58', '2022-02-12 09:41:58'),
(960, 1250, '1', '2024-08-17', '2022-02-12 09:41:58', '2022-02-12 09:41:58'),
(961, 1250, '1', '2024-08-18', '2022-02-12 09:41:58', '2022-02-12 09:41:58'),
(962, 1250, '1', '2024-08-19', '2022-02-12 09:41:58', '2022-02-12 09:41:58'),
(963, 1250, '1', '2024-08-20', '2022-02-12 09:41:58', '2022-02-12 09:41:58'),
(964, 1250, '1', '2024-08-21', '2022-02-12 09:41:58', '2022-02-12 09:41:58'),
(965, 1250, '1', '2024-08-22', '2022-02-12 09:41:58', '2022-02-12 09:41:58'),
(966, 1250, '1', '2024-08-23', '2022-02-12 09:41:58', '2022-02-12 09:41:58'),
(967, 1250, '1', '2024-08-24', '2022-02-12 09:41:58', '2022-02-12 09:41:58'),
(968, 1250, '1', '2024-08-25', '2022-02-12 09:41:58', '2022-02-12 09:41:58'),
(969, 1250, '1', '2024-08-26', '2022-02-12 09:41:58', '2022-02-12 09:41:58'),
(970, 1250, '1', '2024-08-27', '2022-02-12 09:41:58', '2022-02-12 09:41:58'),
(971, 1250, '1', '2024-08-28', '2022-02-12 09:41:58', '2022-02-12 09:41:58'),
(972, 1250, '1', '2024-08-29', '2022-02-12 09:41:58', '2022-02-12 09:41:58'),
(973, 1250, '1', '2024-08-30', '2022-02-12 09:41:58', '2022-02-12 09:41:58'),
(974, 1250, '1', '2024-08-31', '2022-02-12 09:41:58', '2022-02-12 09:41:58'),
(975, 1250, '1', '2024-09-01', '2022-02-12 09:41:58', '2022-02-12 09:41:58'),
(976, 1250, '1', '2024-09-02', '2022-02-12 09:41:58', '2022-02-12 09:41:58'),
(977, 1250, '1', '2024-09-03', '2022-02-12 09:41:58', '2022-02-12 09:41:58'),
(978, 1250, '1', '2024-09-04', '2022-02-12 09:41:58', '2022-02-12 09:41:58'),
(979, 1250, '1', '2024-09-05', '2022-02-12 09:41:58', '2022-02-12 09:41:58'),
(980, 1250, '1', '2024-09-06', '2022-02-12 09:41:58', '2022-02-12 09:41:58'),
(981, 1250, '1', '2024-09-07', '2022-02-12 09:41:58', '2022-02-12 09:41:58'),
(982, 1250, '1', '2024-09-08', '2022-02-12 09:41:58', '2022-02-12 09:41:58'),
(983, 1250, '1', '2024-09-09', '2022-02-12 09:41:58', '2022-02-12 09:41:58'),
(984, 1250, '1', '2024-09-10', '2022-02-12 09:41:58', '2022-02-12 09:41:58'),
(985, 1250, '1', '2024-09-11', '2022-02-12 09:41:58', '2022-02-12 09:41:58'),
(986, 1250, '1', '2024-09-12', '2022-02-12 09:41:58', '2022-02-12 09:41:58'),
(987, 1250, '1', '2024-09-13', '2022-02-12 09:41:58', '2022-02-12 09:41:58'),
(988, 1250, '1', '2024-09-14', '2022-02-12 09:41:58', '2022-02-12 09:41:58'),
(989, 1250, '1', '2024-09-15', '2022-02-12 09:41:58', '2022-02-12 09:41:58'),
(990, 1250, '1', '2024-09-16', '2022-02-12 09:41:59', '2022-02-12 09:41:59'),
(991, 1250, '1', '2024-09-17', '2022-02-12 09:41:59', '2022-02-12 09:41:59'),
(992, 1250, '1', '2024-09-18', '2022-02-12 09:41:59', '2022-02-12 09:41:59'),
(993, 1250, '1', '2024-09-19', '2022-02-12 09:41:59', '2022-02-12 09:41:59'),
(994, 1250, '1', '2024-09-20', '2022-02-12 09:41:59', '2022-02-12 09:41:59'),
(995, 1250, '1', '2024-09-21', '2022-02-12 09:41:59', '2022-02-12 09:41:59'),
(996, 1250, '1', '2024-09-22', '2022-02-12 09:41:59', '2022-02-12 09:41:59'),
(997, 1250, '1', '2024-09-23', '2022-02-12 09:41:59', '2022-02-12 09:41:59'),
(998, 1250, '1', '2024-09-24', '2022-02-12 09:41:59', '2022-02-12 09:41:59'),
(999, 1250, '1', '2024-09-25', '2022-02-12 09:41:59', '2022-02-12 09:41:59'),
(1000, 1250, '1', '2024-09-26', '2022-02-12 09:41:59', '2022-02-12 09:41:59'),
(1001, 1250, '1', '2024-09-27', '2022-02-12 09:41:59', '2022-02-12 09:41:59'),
(1002, 1250, '1', '2024-09-28', '2022-02-12 09:41:59', '2022-02-12 09:41:59'),
(1003, 1250, '1', '2024-09-29', '2022-02-12 09:41:59', '2022-02-12 09:41:59'),
(1004, 1250, '1', '2024-09-30', '2022-02-12 09:41:59', '2022-02-12 09:41:59'),
(1005, 1250, '1', '2024-10-01', '2022-02-12 09:41:59', '2022-02-12 09:41:59'),
(1006, 1250, '1', '2024-10-02', '2022-02-12 09:41:59', '2022-02-12 09:41:59'),
(1007, 1250, '1', '2024-10-03', '2022-02-12 09:41:59', '2022-02-12 09:41:59'),
(1008, 1250, '1', '2024-10-04', '2022-02-12 09:41:59', '2022-02-12 09:41:59'),
(1009, 1250, '1', '2024-10-05', '2022-02-12 09:41:59', '2022-02-12 09:41:59'),
(1010, 1250, '1', '2024-10-06', '2022-02-12 09:41:59', '2022-02-12 09:41:59'),
(1011, 1250, '1', '2024-10-07', '2022-02-12 09:41:59', '2022-02-12 09:41:59'),
(1012, 1250, '1', '2024-10-08', '2022-02-12 09:41:59', '2022-02-12 09:41:59'),
(1013, 1250, '1', '2024-10-09', '2022-02-12 09:41:59', '2022-02-12 09:41:59'),
(1014, 1250, '1', '2024-10-10', '2022-02-12 09:41:59', '2022-02-12 09:41:59'),
(1015, 1250, '1', '2024-10-11', '2022-02-12 09:41:59', '2022-02-12 09:41:59'),
(1016, 1250, '1', '2024-10-12', '2022-02-12 09:41:59', '2022-02-12 09:41:59'),
(1017, 1250, '1', '2024-10-13', '2022-02-12 09:41:59', '2022-02-12 09:41:59'),
(1018, 1250, '1', '2024-10-14', '2022-02-12 09:41:59', '2022-02-12 09:41:59'),
(1019, 1250, '1', '2024-10-15', '2022-02-12 09:41:59', '2022-02-12 09:41:59'),
(1020, 1250, '1', '2024-10-16', '2022-02-12 09:41:59', '2022-02-12 09:41:59'),
(1021, 1250, '1', '2024-10-17', '2022-02-12 09:41:59', '2022-02-12 09:41:59'),
(1022, 1250, '1', '2024-10-18', '2022-02-12 09:41:59', '2022-02-12 09:41:59'),
(1023, 1250, '1', '2024-10-19', '2022-02-12 09:41:59', '2022-02-12 09:41:59'),
(1024, 1250, '1', '2024-10-20', '2022-02-12 09:41:59', '2022-02-12 09:41:59'),
(1025, 1250, '1', '2024-10-21', '2022-02-12 09:41:59', '2022-02-12 09:41:59'),
(1026, 1250, '1', '2024-10-22', '2022-02-12 09:41:59', '2022-02-12 09:41:59'),
(1027, 1250, '1', '2024-10-23', '2022-02-12 09:41:59', '2022-02-12 09:41:59'),
(1028, 1250, '1', '2024-10-24', '2022-02-12 09:41:59', '2022-02-12 09:41:59'),
(1029, 1250, '1', '2024-10-25', '2022-02-12 09:41:59', '2022-02-12 09:41:59'),
(1030, 1250, '1', '2024-10-26', '2022-02-12 09:41:59', '2022-02-12 09:41:59'),
(1031, 1250, '1', '2024-10-27', '2022-02-12 09:41:59', '2022-02-12 09:41:59'),
(1032, 1250, '1', '2024-10-28', '2022-02-12 09:41:59', '2022-02-12 09:41:59'),
(1033, 1250, '1', '2024-10-29', '2022-02-12 09:41:59', '2022-02-12 09:41:59'),
(1034, 1250, '1', '2024-10-30', '2022-02-12 09:41:59', '2022-02-12 09:41:59'),
(1035, 1250, '1', '2024-10-31', '2022-02-12 09:41:59', '2022-02-12 09:41:59'),
(1036, 1250, '1', '2024-11-01', '2022-02-12 09:41:59', '2022-02-12 09:41:59'),
(1037, 1250, '1', '2024-11-02', '2022-02-12 09:41:59', '2022-02-12 09:41:59'),
(1038, 1250, '1', '2024-11-03', '2022-02-12 09:41:59', '2022-02-12 09:41:59'),
(1039, 1250, '1', '2024-11-04', '2022-02-12 09:41:59', '2022-02-12 09:41:59'),
(1040, 1250, '1', '2024-11-05', '2022-02-12 09:41:59', '2022-02-12 09:41:59'),
(1041, 1250, '1', '2024-11-06', '2022-02-12 09:41:59', '2022-02-12 09:41:59'),
(1042, 1250, '1', '2024-11-07', '2022-02-12 09:41:59', '2022-02-12 09:41:59'),
(1043, 1250, '1', '2024-11-08', '2022-02-12 09:41:59', '2022-02-12 09:41:59'),
(1044, 1250, '1', '2024-11-09', '2022-02-12 09:41:59', '2022-02-12 09:41:59'),
(1045, 1250, '1', '2024-11-10', '2022-02-12 09:41:59', '2022-02-12 09:41:59'),
(1046, 1250, '1', '2024-11-11', '2022-02-12 09:41:59', '2022-02-12 09:41:59'),
(1047, 1250, '1', '2024-11-12', '2022-02-12 09:41:59', '2022-02-12 09:41:59'),
(1048, 1250, '1', '2024-11-13', '2022-02-12 09:41:59', '2022-02-12 09:41:59'),
(1049, 1250, '1', '2024-11-14', '2022-02-12 09:41:59', '2022-02-12 09:41:59'),
(1050, 1250, '1', '2024-11-15', '2022-02-12 09:41:59', '2022-02-12 09:41:59'),
(1051, 1250, '1', '2024-11-16', '2022-02-12 09:41:59', '2022-02-12 09:41:59'),
(1052, 1250, '1', '2024-11-17', '2022-02-12 09:41:59', '2022-02-12 09:41:59'),
(1053, 1250, '1', '2024-11-18', '2022-02-12 09:41:59', '2022-02-12 09:41:59'),
(1054, 1250, '1', '2024-11-19', '2022-02-12 09:41:59', '2022-02-12 09:41:59'),
(1055, 1250, '1', '2024-11-20', '2022-02-12 09:41:59', '2022-02-12 09:41:59'),
(1056, 1250, '1', '2024-11-21', '2022-02-12 09:41:59', '2022-02-12 09:41:59'),
(1057, 1250, '1', '2024-11-22', '2022-02-12 09:41:59', '2022-02-12 09:41:59'),
(1058, 1250, '1', '2024-11-23', '2022-02-12 09:41:59', '2022-02-12 09:41:59'),
(1059, 1250, '1', '2024-11-24', '2022-02-12 09:41:59', '2022-02-12 09:41:59'),
(1060, 1250, '1', '2024-11-25', '2022-02-12 09:41:59', '2022-02-12 09:41:59'),
(1061, 1250, '1', '2024-11-26', '2022-02-12 09:41:59', '2022-02-12 09:41:59'),
(1062, 1250, '1', '2024-11-27', '2022-02-12 09:41:59', '2022-02-12 09:41:59'),
(1063, 1250, '1', '2024-11-28', '2022-02-12 09:41:59', '2022-02-12 09:41:59'),
(1064, 1250, '1', '2024-11-29', '2022-02-12 09:41:59', '2022-02-12 09:41:59'),
(1065, 1250, '1', '2024-11-30', '2022-02-12 09:41:59', '2022-02-12 09:41:59'),
(1066, 1250, '1', '2024-12-01', '2022-02-12 09:41:59', '2022-02-12 09:41:59'),
(1067, 1250, '1', '2024-12-02', '2022-02-12 09:41:59', '2022-02-12 09:41:59'),
(1068, 1250, '1', '2024-12-03', '2022-02-12 09:41:59', '2022-02-12 09:41:59'),
(1069, 1250, '1', '2024-12-04', '2022-02-12 09:41:59', '2022-02-12 09:41:59'),
(1070, 1250, '1', '2024-12-05', '2022-02-12 09:41:59', '2022-02-12 09:41:59'),
(1071, 1250, '1', '2024-12-06', '2022-02-12 09:41:59', '2022-02-12 09:41:59'),
(1072, 1250, '1', '2024-12-07', '2022-02-12 09:41:59', '2022-02-12 09:41:59'),
(1073, 1250, '1', '2024-12-08', '2022-02-12 09:41:59', '2022-02-12 09:41:59'),
(1074, 1250, '1', '2024-12-09', '2022-02-12 09:41:59', '2022-02-12 09:41:59'),
(1075, 1250, '1', '2024-12-10', '2022-02-12 09:41:59', '2022-02-12 09:41:59'),
(1076, 1250, '1', '2024-12-11', '2022-02-12 09:41:59', '2022-02-12 09:41:59'),
(1077, 1250, '1', '2024-12-12', '2022-02-12 09:41:59', '2022-02-12 09:41:59'),
(1078, 1250, '1', '2024-12-13', '2022-02-12 09:41:59', '2022-02-12 09:41:59'),
(1079, 1250, '1', '2024-12-14', '2022-02-12 09:41:59', '2022-02-12 09:41:59'),
(1080, 1250, '1', '2024-12-15', '2022-02-12 09:41:59', '2022-02-12 09:41:59'),
(1081, 1250, '1', '2024-12-16', '2022-02-12 09:41:59', '2022-02-12 09:41:59'),
(1082, 1250, '1', '2024-12-17', '2022-02-12 09:41:59', '2022-02-12 09:41:59'),
(1083, 1250, '1', '2024-12-18', '2022-02-12 09:41:59', '2022-02-12 09:41:59'),
(1084, 1250, '1', '2024-12-19', '2022-02-12 09:41:59', '2022-02-12 09:41:59'),
(1085, 1250, '1', '2024-12-20', '2022-02-12 09:41:59', '2022-02-12 09:41:59'),
(1086, 1250, '1', '2024-12-21', '2022-02-12 09:41:59', '2022-02-12 09:41:59'),
(1087, 1250, '1', '2024-12-22', '2022-02-12 09:41:59', '2022-02-12 09:41:59'),
(1088, 1250, '1', '2024-12-23', '2022-02-12 09:41:59', '2022-02-12 09:41:59'),
(1089, 1250, '1', '2024-12-24', '2022-02-12 09:41:59', '2022-02-12 09:41:59'),
(1090, 1250, '1', '2024-12-25', '2022-02-12 09:41:59', '2022-02-12 09:41:59'),
(1091, 1250, '1', '2024-12-26', '2022-02-12 09:41:59', '2022-02-12 09:41:59'),
(1092, 1250, '1', '2024-12-27', '2022-02-12 09:41:59', '2022-02-12 09:41:59'),
(1093, 1250, '1', '2024-12-28', '2022-02-12 09:41:59', '2022-02-12 09:41:59'),
(1094, 1250, '1', '2024-12-29', '2022-02-12 09:41:59', '2022-02-12 09:41:59'),
(1095, 1250, '1', '2024-12-30', '2022-02-12 09:41:59', '2022-02-12 09:41:59'),
(1096, 2000, '0', '2024-12-31', '2022-02-12 09:41:59', '2022-02-23 13:07:08'),
(1097, 1250, '1', '2025-03-01', '2022-03-02 14:43:23', '2022-03-02 14:43:23'),
(1098, 1250, '1', '2025-03-02', '2022-03-02 14:43:23', '2022-03-02 14:43:23'),
(1099, 1250, '1', '2025-03-03', '2022-03-02 14:43:23', '2022-03-02 14:43:23'),
(1100, 1250, '1', '2025-03-04', '2022-03-02 14:43:23', '2022-03-02 14:43:23'),
(1101, 1250, '1', '2025-03-05', '2022-03-02 14:43:23', '2022-03-02 14:43:23'),
(1102, 1250, '1', '2025-03-06', '2022-03-02 14:43:23', '2022-03-02 14:43:23'),
(1103, 1250, '1', '2025-03-07', '2022-03-02 14:43:23', '2022-03-02 14:43:23'),
(1104, 1250, '1', '2025-03-08', '2022-03-02 14:43:23', '2022-03-02 14:43:23'),
(1105, 1250, '1', '2025-03-09', '2022-03-02 14:43:23', '2022-03-02 14:43:23'),
(1106, 1250, '1', '2025-03-10', '2022-03-02 14:43:23', '2022-03-02 14:43:23'),
(1107, 1250, '1', '2025-03-11', '2022-03-02 14:43:23', '2022-03-02 14:43:23'),
(1108, 1250, '1', '2025-03-12', '2022-03-02 14:43:23', '2022-03-02 14:43:23'),
(1109, 1250, '1', '2025-03-13', '2022-03-02 14:43:23', '2022-03-02 14:43:23'),
(1110, 1250, '1', '2025-03-14', '2022-03-02 14:43:23', '2022-03-02 14:43:23'),
(1111, 1250, '1', '2025-03-15', '2022-03-02 14:43:24', '2022-03-02 14:43:24'),
(1112, 1250, '1', '2025-03-16', '2022-03-02 14:43:24', '2022-03-02 14:43:24'),
(1113, 1250, '1', '2025-03-17', '2022-03-02 14:43:24', '2022-03-02 14:43:24'),
(1114, 1250, '1', '2025-03-18', '2022-03-02 14:43:24', '2022-03-02 14:43:24'),
(1115, 1250, '1', '2025-03-19', '2022-03-02 14:43:24', '2022-03-02 14:43:24'),
(1116, 1250, '1', '2025-03-20', '2022-03-02 14:43:24', '2022-03-02 14:43:24'),
(1117, 1250, '1', '2025-03-21', '2022-03-02 14:43:24', '2022-03-02 14:43:24'),
(1118, 1250, '1', '2025-03-22', '2022-03-02 14:43:24', '2022-03-02 14:43:24'),
(1119, 1250, '1', '2025-03-23', '2022-03-02 14:43:24', '2022-03-02 14:43:24'),
(1120, 1250, '1', '2025-03-24', '2022-03-02 14:43:24', '2022-03-02 14:43:24'),
(1121, 1250, '1', '2025-03-25', '2022-03-02 14:43:24', '2022-03-02 14:43:24'),
(1122, 1250, '1', '2025-03-26', '2022-03-02 14:43:24', '2022-03-02 14:43:24'),
(1123, 1250, '1', '2025-03-27', '2022-03-02 14:43:24', '2022-03-02 14:43:24'),
(1124, 1250, '1', '2025-03-28', '2022-03-02 14:43:24', '2022-03-02 14:43:24'),
(1125, 1250, '1', '2025-03-29', '2022-03-02 14:43:24', '2022-03-02 14:43:24'),
(1126, 1250, '1', '2025-03-30', '2022-03-02 14:43:24', '2022-03-02 14:43:24'),
(1127, 1250, '1', '2025-03-31', '2022-03-02 14:43:24', '2022-03-02 14:43:24'),
(1128, 1250, '1', '2025-04-01', '2022-03-02 14:43:24', '2022-03-02 14:43:24'),
(1129, 1250, '1', '2025-04-02', '2022-03-02 14:43:24', '2022-03-02 14:43:24'),
(1130, 1250, '1', '2025-04-03', '2022-03-02 14:43:24', '2022-03-02 14:43:24'),
(1131, 1250, '1', '2025-04-04', '2022-03-02 14:43:24', '2022-03-02 14:43:24'),
(1132, 1250, '1', '2025-04-05', '2022-03-02 14:43:24', '2022-03-02 14:43:24'),
(1133, 1250, '1', '2025-04-06', '2022-03-02 14:43:24', '2022-03-02 14:43:24'),
(1134, 1250, '1', '2025-04-07', '2022-03-02 14:43:24', '2022-03-02 14:43:24'),
(1135, 1250, '1', '2025-04-08', '2022-03-02 14:43:24', '2022-03-02 14:43:24'),
(1136, 1250, '1', '2025-04-09', '2022-03-02 14:43:25', '2022-03-02 14:43:25'),
(1137, 1250, '1', '2025-04-10', '2022-03-02 14:43:25', '2022-03-02 14:43:25'),
(1138, 1250, '1', '2025-04-11', '2022-03-02 14:43:25', '2022-03-02 14:43:25'),
(1139, 1250, '1', '2025-04-12', '2022-03-02 14:43:25', '2022-03-02 14:43:25'),
(1140, 1250, '1', '2025-04-13', '2022-03-02 14:43:25', '2022-03-02 14:43:25'),
(1141, 1250, '1', '2025-04-14', '2022-03-02 14:43:25', '2022-03-02 14:43:25'),
(1142, 1250, '1', '2025-04-15', '2022-03-02 14:43:25', '2022-03-02 14:43:25'),
(1143, 1250, '1', '2025-04-16', '2022-03-02 14:43:25', '2022-03-02 14:43:25'),
(1144, 1250, '1', '2025-04-17', '2022-03-02 14:43:25', '2022-03-02 14:43:25'),
(1145, 1250, '1', '2025-04-18', '2022-03-02 14:43:25', '2022-03-02 14:43:25'),
(1146, 1250, '1', '2025-04-19', '2022-03-02 14:43:25', '2022-03-02 14:43:25'),
(1147, 1250, '1', '2025-04-20', '2022-03-02 14:43:25', '2022-03-02 14:43:25'),
(1148, 1250, '1', '2025-04-21', '2022-03-02 14:43:25', '2022-03-02 14:43:25'),
(1149, 1250, '1', '2025-04-22', '2022-03-02 14:43:25', '2022-03-02 14:43:25'),
(1150, 1250, '1', '2025-04-23', '2022-03-02 14:43:25', '2022-03-02 14:43:25'),
(1151, 1250, '1', '2025-04-24', '2022-03-02 14:43:25', '2022-03-02 14:43:25'),
(1152, 1250, '1', '2025-04-25', '2022-03-02 14:43:25', '2022-03-02 14:43:25'),
(1153, 1250, '1', '2025-04-26', '2022-03-02 14:43:25', '2022-03-02 14:43:25'),
(1154, 1250, '1', '2025-04-27', '2022-03-02 14:43:25', '2022-03-02 14:43:25'),
(1155, 1250, '1', '2025-04-28', '2022-03-02 14:43:25', '2022-03-02 14:43:25'),
(1156, 1250, '1', '2025-04-29', '2022-03-02 14:43:25', '2022-03-02 14:43:25'),
(1157, 1250, '1', '2025-04-30', '2022-03-02 14:43:25', '2022-03-02 14:43:25'),
(1158, 1250, '1', '2025-05-01', '2022-03-02 14:43:25', '2022-03-02 14:43:25'),
(1159, 1250, '1', '2025-05-02', '2022-03-02 14:43:25', '2022-03-02 14:43:25'),
(1160, 1250, '1', '2025-05-03', '2022-03-02 14:43:25', '2022-03-02 14:43:25'),
(1161, 1250, '1', '2025-05-04', '2022-03-02 14:43:25', '2022-03-02 14:43:25'),
(1162, 1250, '1', '2025-05-05', '2022-03-02 14:43:26', '2022-03-02 14:43:26'),
(1163, 1250, '1', '2025-05-06', '2022-03-02 14:43:26', '2022-03-02 14:43:26'),
(1164, 1250, '1', '2025-05-07', '2022-03-02 14:43:26', '2022-03-02 14:43:26'),
(1165, 1250, '1', '2025-05-08', '2022-03-02 14:43:26', '2022-03-02 14:43:26'),
(1166, 1250, '1', '2025-05-09', '2022-03-02 14:43:26', '2022-03-02 14:43:26'),
(1167, 1250, '1', '2025-05-10', '2022-03-02 14:43:26', '2022-03-02 14:43:26'),
(1168, 1250, '1', '2025-05-11', '2022-03-02 14:43:26', '2022-03-02 14:43:26'),
(1169, 1250, '1', '2025-05-12', '2022-03-02 14:43:26', '2022-03-02 14:43:26'),
(1170, 1250, '1', '2025-05-13', '2022-03-02 14:43:26', '2022-03-02 14:43:26'),
(1171, 1250, '1', '2025-05-14', '2022-03-02 14:43:26', '2022-03-02 14:43:26'),
(1172, 1250, '1', '2025-05-15', '2022-03-02 14:43:26', '2022-03-02 14:43:26'),
(1173, 1250, '1', '2025-05-16', '2022-03-02 14:43:26', '2022-03-02 14:43:26'),
(1174, 1250, '1', '2025-05-17', '2022-03-02 14:43:26', '2022-03-02 14:43:26'),
(1175, 1250, '1', '2025-05-18', '2022-03-02 14:43:26', '2022-03-02 14:43:26'),
(1176, 1250, '1', '2025-05-19', '2022-03-02 14:43:26', '2022-03-02 14:43:26'),
(1177, 1250, '1', '2025-05-20', '2022-03-02 14:43:26', '2022-03-02 14:43:26'),
(1178, 1250, '1', '2025-05-21', '2022-03-02 14:43:26', '2022-03-02 14:43:26'),
(1179, 1250, '1', '2025-05-22', '2022-03-02 14:43:26', '2022-03-02 14:43:26'),
(1180, 1250, '1', '2025-05-23', '2022-03-02 14:43:26', '2022-03-02 14:43:26'),
(1181, 1250, '1', '2025-05-24', '2022-03-02 14:43:26', '2022-03-02 14:43:26'),
(1182, 1250, '1', '2025-05-25', '2022-03-02 14:43:26', '2022-03-02 14:43:26'),
(1183, 1250, '1', '2025-05-26', '2022-03-02 14:43:26', '2022-03-02 14:43:26'),
(1184, 1250, '1', '2025-05-27', '2022-03-02 14:43:26', '2022-03-02 14:43:26'),
(1185, 1250, '1', '2025-05-28', '2022-03-02 14:43:27', '2022-03-02 14:43:27'),
(1186, 1250, '1', '2025-05-29', '2022-03-02 14:43:27', '2022-03-02 14:43:27'),
(1187, 1250, '1', '2025-05-30', '2022-03-02 14:43:27', '2022-03-02 14:43:27'),
(1188, 1250, '1', '2025-05-31', '2022-03-02 14:43:27', '2022-03-02 14:43:27'),
(1189, 1250, '1', '2025-06-01', '2022-03-02 14:43:27', '2022-03-02 14:43:27'),
(1190, 1250, '1', '2025-06-02', '2022-03-02 14:43:27', '2022-03-02 14:43:27'),
(1191, 1250, '1', '2025-06-03', '2022-03-02 14:43:27', '2022-03-02 14:43:27'),
(1192, 1250, '1', '2025-06-04', '2022-03-02 14:43:27', '2022-03-02 14:43:27'),
(1193, 1250, '1', '2025-06-05', '2022-03-02 14:43:27', '2022-03-02 14:43:27'),
(1194, 1250, '1', '2025-06-06', '2022-03-02 14:43:27', '2022-03-02 14:43:27'),
(1195, 1250, '1', '2025-06-07', '2022-03-02 14:43:27', '2022-03-02 14:43:27'),
(1196, 1250, '1', '2025-06-08', '2022-03-02 14:43:27', '2022-03-02 14:43:27'),
(1197, 1250, '1', '2025-06-09', '2022-03-02 14:43:27', '2022-03-02 14:43:27'),
(1198, 1250, '1', '2025-06-10', '2022-03-02 14:43:27', '2022-03-02 14:43:27'),
(1199, 1250, '1', '2025-06-11', '2022-03-02 14:43:27', '2022-03-02 14:43:27'),
(1200, 1250, '1', '2025-06-12', '2022-03-02 14:43:27', '2022-03-02 14:43:27'),
(1201, 1250, '1', '2025-06-13', '2022-03-02 14:43:27', '2022-03-02 14:43:27'),
(1202, 1250, '1', '2025-06-14', '2022-03-02 14:43:27', '2022-03-02 14:43:27'),
(1203, 1250, '1', '2025-06-15', '2022-03-02 14:43:27', '2022-03-02 14:43:27'),
(1204, 1250, '1', '2025-06-16', '2022-03-02 14:43:27', '2022-03-02 14:43:27'),
(1205, 1250, '1', '2025-06-17', '2022-03-02 14:43:27', '2022-03-02 14:43:27'),
(1206, 1250, '1', '2025-06-18', '2022-03-02 14:43:27', '2022-03-02 14:43:27'),
(1207, 1250, '1', '2025-06-19', '2022-03-02 14:43:27', '2022-03-02 14:43:27'),
(1208, 1250, '1', '2025-06-20', '2022-03-02 14:43:28', '2022-03-02 14:43:28'),
(1209, 1250, '1', '2025-06-21', '2022-03-02 14:43:28', '2022-03-02 14:43:28'),
(1210, 1250, '1', '2025-06-22', '2022-03-02 14:43:28', '2022-03-02 14:43:28'),
(1211, 1250, '1', '2025-06-23', '2022-03-02 14:43:28', '2022-03-02 14:43:28'),
(1212, 1250, '1', '2025-06-24', '2022-03-02 14:43:28', '2022-03-02 14:43:28'),
(1213, 1250, '1', '2025-06-25', '2022-03-02 14:43:28', '2022-03-02 14:43:28'),
(1214, 1250, '1', '2025-06-26', '2022-03-02 14:43:28', '2022-03-02 14:43:28'),
(1215, 1250, '1', '2025-06-27', '2022-03-02 14:43:28', '2022-03-02 14:43:28'),
(1216, 1250, '1', '2025-06-28', '2022-03-02 14:43:28', '2022-03-02 14:43:28'),
(1217, 1250, '1', '2025-06-29', '2022-03-02 14:43:28', '2022-03-02 14:43:28'),
(1218, 1250, '1', '2025-06-30', '2022-03-02 14:43:28', '2022-03-02 14:43:28'),
(1219, 1250, '1', '2025-07-01', '2022-03-02 14:43:28', '2022-03-02 14:43:28'),
(1220, 1250, '1', '2025-07-02', '2022-03-02 14:43:29', '2022-03-02 14:43:29'),
(1221, 1250, '1', '2025-07-03', '2022-03-02 14:43:29', '2022-03-02 14:43:29'),
(1222, 1250, '1', '2025-07-04', '2022-03-02 14:43:29', '2022-03-02 14:43:29'),
(1223, 1250, '1', '2025-07-05', '2022-03-02 14:43:29', '2022-03-02 14:43:29'),
(1224, 1250, '1', '2025-07-06', '2022-03-02 14:43:29', '2022-03-02 14:43:29'),
(1225, 1250, '1', '2025-07-07', '2022-03-02 14:43:29', '2022-03-02 14:43:29'),
(1226, 1250, '1', '2025-07-08', '2022-03-02 14:43:29', '2022-03-02 14:43:29'),
(1227, 1250, '1', '2025-07-09', '2022-03-02 14:43:29', '2022-03-02 14:43:29'),
(1228, 1250, '1', '2025-07-10', '2022-03-02 14:43:29', '2022-03-02 14:43:29'),
(1229, 1250, '1', '2025-07-11', '2022-03-02 14:43:29', '2022-03-02 14:43:29'),
(1230, 1250, '1', '2025-07-12', '2022-03-02 14:43:29', '2022-03-02 14:43:29'),
(1231, 1250, '1', '2025-07-13', '2022-03-02 14:43:29', '2022-03-02 14:43:29'),
(1232, 1250, '1', '2025-07-14', '2022-03-02 14:43:29', '2022-03-02 14:43:29'),
(1233, 1250, '1', '2025-07-15', '2022-03-02 14:43:29', '2022-03-02 14:43:29'),
(1234, 1250, '1', '2025-07-16', '2022-03-02 14:43:30', '2022-03-02 14:43:30'),
(1235, 1250, '1', '2025-07-17', '2022-03-02 14:43:30', '2022-03-02 14:43:30'),
(1236, 1250, '1', '2025-07-18', '2022-03-02 14:43:30', '2022-03-02 14:43:30'),
(1237, 1250, '1', '2025-07-19', '2022-03-02 14:43:30', '2022-03-02 14:43:30'),
(1238, 1250, '1', '2025-07-20', '2022-03-02 14:43:30', '2022-03-02 14:43:30'),
(1239, 1250, '1', '2025-07-21', '2022-03-02 14:43:30', '2022-03-02 14:43:30'),
(1240, 1250, '1', '2025-07-22', '2022-03-02 14:43:30', '2022-03-02 14:43:30'),
(1241, 1250, '1', '2025-07-23', '2022-03-02 14:43:31', '2022-03-02 14:43:31'),
(1242, 1250, '1', '2025-07-24', '2022-03-02 14:43:31', '2022-03-02 14:43:31'),
(1243, 1250, '1', '2025-07-25', '2022-03-02 14:43:31', '2022-03-02 14:43:31'),
(1244, 1250, '1', '2025-07-26', '2022-03-02 14:43:31', '2022-03-02 14:43:31'),
(1245, 1250, '1', '2025-07-27', '2022-03-02 14:43:31', '2022-03-02 14:43:31'),
(1246, 1250, '1', '2025-07-28', '2022-03-02 14:43:31', '2022-03-02 14:43:31'),
(1247, 1250, '1', '2025-07-29', '2022-03-02 14:43:31', '2022-03-02 14:43:31'),
(1248, 1250, '1', '2025-07-30', '2022-03-02 14:43:31', '2022-03-02 14:43:31'),
(1249, 1250, '1', '2025-07-31', '2022-03-02 14:43:31', '2022-03-02 14:43:31'),
(1250, 1250, '1', '2025-08-01', '2022-03-02 14:43:31', '2022-03-02 14:43:31'),
(1251, 1250, '1', '2025-08-02', '2022-03-02 14:43:32', '2022-03-02 14:43:32'),
(1252, 1250, '1', '2025-08-03', '2022-03-02 14:43:32', '2022-03-02 14:43:32'),
(1253, 1250, '1', '2025-08-04', '2022-03-02 14:43:32', '2022-03-02 14:43:32'),
(1254, 1250, '1', '2025-08-05', '2022-03-02 14:43:32', '2022-03-02 14:43:32'),
(1255, 1250, '1', '2025-08-06', '2022-03-02 14:43:32', '2022-03-02 14:43:32'),
(1256, 1250, '1', '2025-08-07', '2022-03-02 14:43:32', '2022-03-02 14:43:32'),
(1257, 1250, '1', '2025-08-08', '2022-03-02 14:43:32', '2022-03-02 14:43:32'),
(1258, 1250, '1', '2025-08-09', '2022-03-02 14:43:32', '2022-03-02 14:43:32'),
(1259, 1250, '1', '2025-08-10', '2022-03-02 14:43:32', '2022-03-02 14:43:32'),
(1260, 1250, '1', '2025-08-11', '2022-03-02 14:43:32', '2022-03-02 14:43:32'),
(1261, 1250, '1', '2025-08-12', '2022-03-02 14:43:32', '2022-03-02 14:43:32'),
(1262, 1250, '1', '2025-08-13', '2022-03-02 14:43:32', '2022-03-02 14:43:32'),
(1263, 1250, '1', '2025-08-14', '2022-03-02 14:43:32', '2022-03-02 14:43:32'),
(1264, 1250, '1', '2025-08-15', '2022-03-02 14:43:32', '2022-03-02 14:43:32'),
(1265, 1250, '1', '2025-08-16', '2022-03-02 14:43:32', '2022-03-02 14:43:32'),
(1266, 1250, '1', '2025-08-17', '2022-03-02 14:43:32', '2022-03-02 14:43:32'),
(1267, 1250, '1', '2025-08-18', '2022-03-02 14:43:32', '2022-03-02 14:43:32'),
(1268, 1250, '1', '2025-08-19', '2022-03-02 14:43:32', '2022-03-02 14:43:32'),
(1269, 1250, '1', '2025-08-20', '2022-03-02 14:43:32', '2022-03-02 14:43:32'),
(1270, 1250, '1', '2025-08-21', '2022-03-02 14:43:33', '2022-03-02 14:43:33'),
(1271, 1250, '1', '2025-08-22', '2022-03-02 14:43:33', '2022-03-02 14:43:33'),
(1272, 1250, '1', '2025-08-23', '2022-03-02 14:43:33', '2022-03-02 14:43:33'),
(1273, 1250, '1', '2025-08-24', '2022-03-02 14:43:33', '2022-03-02 14:43:33'),
(1274, 1250, '1', '2025-08-25', '2022-03-02 14:43:33', '2022-03-02 14:43:33'),
(1275, 1250, '1', '2025-08-26', '2022-03-02 14:43:33', '2022-03-02 14:43:33'),
(1276, 1250, '1', '2025-08-27', '2022-03-02 14:43:33', '2022-03-02 14:43:33'),
(1277, 1250, '1', '2025-08-28', '2022-03-02 14:43:33', '2022-03-02 14:43:33'),
(1278, 1250, '1', '2025-08-29', '2022-03-02 14:43:33', '2022-03-02 14:43:33'),
(1279, 1250, '1', '2025-08-30', '2022-03-02 14:43:33', '2022-03-02 14:43:33'),
(1280, 1250, '1', '2025-08-31', '2022-03-02 14:43:33', '2022-03-02 14:43:33'),
(1281, 1250, '1', '2025-09-01', '2022-03-02 14:43:33', '2022-03-02 14:43:33'),
(1282, 1250, '1', '2025-09-02', '2022-03-02 14:43:33', '2022-03-02 14:43:33'),
(1283, 1250, '1', '2025-09-03', '2022-03-02 14:43:33', '2022-03-02 14:43:33'),
(1284, 1250, '1', '2025-09-04', '2022-03-02 14:43:33', '2022-03-02 14:43:33'),
(1285, 1250, '1', '2025-09-05', '2022-03-02 14:43:33', '2022-03-02 14:43:33'),
(1286, 1250, '1', '2025-09-06', '2022-03-02 14:43:33', '2022-03-02 14:43:33'),
(1287, 1250, '1', '2025-09-07', '2022-03-02 14:43:33', '2022-03-02 14:43:33'),
(1288, 1250, '1', '2025-09-08', '2022-03-02 14:43:33', '2022-03-02 14:43:33'),
(1289, 1250, '1', '2025-09-09', '2022-03-02 14:43:33', '2022-03-02 14:43:33'),
(1290, 1250, '1', '2025-09-10', '2022-03-02 14:43:34', '2022-03-02 14:43:34'),
(1291, 1250, '1', '2025-09-11', '2022-03-02 14:43:34', '2022-03-02 14:43:34'),
(1292, 1250, '1', '2025-09-12', '2022-03-02 14:43:34', '2022-03-02 14:43:34'),
(1293, 1250, '1', '2025-09-13', '2022-03-02 14:43:34', '2022-03-02 14:43:34'),
(1294, 1250, '1', '2025-09-14', '2022-03-02 14:43:34', '2022-03-02 14:43:34'),
(1295, 1250, '1', '2025-09-15', '2022-03-02 14:43:34', '2022-03-02 14:43:34'),
(1296, 1250, '1', '2025-09-16', '2022-03-02 14:43:34', '2022-03-02 14:43:34'),
(1297, 1250, '1', '2025-09-17', '2022-03-02 14:43:34', '2022-03-02 14:43:34'),
(1298, 1250, '1', '2025-09-18', '2022-03-02 14:43:34', '2022-03-02 14:43:34'),
(1299, 1250, '1', '2025-09-19', '2022-03-02 14:43:34', '2022-03-02 14:43:34'),
(1300, 1250, '1', '2025-09-20', '2022-03-02 14:43:34', '2022-03-02 14:43:34'),
(1301, 1250, '1', '2025-09-21', '2022-03-02 14:43:34', '2022-03-02 14:43:34'),
(1302, 1250, '1', '2025-09-22', '2022-03-02 14:43:34', '2022-03-02 14:43:34'),
(1303, 1250, '1', '2025-09-23', '2022-03-02 14:43:34', '2022-03-02 14:43:34'),
(1304, 1250, '1', '2025-09-24', '2022-03-02 14:43:34', '2022-03-02 14:43:34'),
(1305, 1250, '1', '2025-09-25', '2022-03-02 14:43:34', '2022-03-02 14:43:34'),
(1306, 1250, '1', '2025-09-26', '2022-03-02 14:43:34', '2022-03-02 14:43:34'),
(1307, 1250, '1', '2025-09-27', '2022-03-02 14:43:34', '2022-03-02 14:43:34'),
(1308, 1250, '1', '2025-09-28', '2022-03-02 14:43:34', '2022-03-02 14:43:34'),
(1309, 1250, '1', '2025-09-29', '2022-03-02 14:43:34', '2022-03-02 14:43:34'),
(1310, 1250, '1', '2025-09-30', '2022-03-02 14:43:34', '2022-03-02 14:43:34');
INSERT INTO `capacity_days` (`id`, `count`, `status`, `day`, `created_at`, `updated_at`) VALUES
(1311, 1250, '1', '2025-10-01', '2022-03-02 14:43:34', '2022-03-02 14:43:34'),
(1312, 1250, '1', '2025-10-02', '2022-03-02 14:43:34', '2022-03-02 14:43:34'),
(1313, 1250, '1', '2025-10-03', '2022-03-02 14:43:35', '2022-03-02 14:43:35'),
(1314, 1250, '1', '2025-10-04', '2022-03-02 14:43:35', '2022-03-02 14:43:35'),
(1315, 1250, '1', '2025-10-05', '2022-03-02 14:43:35', '2022-03-02 14:43:35'),
(1316, 1250, '1', '2025-10-06', '2022-03-02 14:43:35', '2022-03-02 14:43:35'),
(1317, 1250, '1', '2025-10-07', '2022-03-02 14:43:35', '2022-03-02 14:43:35'),
(1318, 1250, '1', '2025-10-08', '2022-03-02 14:43:35', '2022-03-02 14:43:35'),
(1319, 1250, '1', '2025-10-09', '2022-03-02 14:43:35', '2022-03-02 14:43:35'),
(1320, 1250, '1', '2025-10-10', '2022-03-02 14:43:35', '2022-03-02 14:43:35'),
(1321, 1250, '1', '2025-10-11', '2022-03-02 14:43:35', '2022-03-02 14:43:35'),
(1322, 1250, '1', '2025-10-12', '2022-03-02 14:43:35', '2022-03-02 14:43:35'),
(1323, 1250, '1', '2025-10-13', '2022-03-02 14:43:35', '2022-03-02 14:43:35'),
(1324, 1250, '1', '2025-10-14', '2022-03-02 14:43:35', '2022-03-02 14:43:35'),
(1325, 1250, '1', '2025-10-15', '2022-03-02 14:43:35', '2022-03-02 14:43:35'),
(1326, 1250, '1', '2025-10-16', '2022-03-02 14:43:35', '2022-03-02 14:43:35'),
(1327, 1250, '1', '2025-10-17', '2022-03-02 14:43:35', '2022-03-02 14:43:35'),
(1328, 1250, '1', '2025-10-18', '2022-03-02 14:43:35', '2022-03-02 14:43:35'),
(1329, 1250, '1', '2025-10-19', '2022-03-02 14:43:35', '2022-03-02 14:43:35'),
(1330, 1250, '1', '2025-10-20', '2022-03-02 14:43:35', '2022-03-02 14:43:35'),
(1331, 1250, '1', '2025-10-21', '2022-03-02 14:43:35', '2022-03-02 14:43:35'),
(1332, 1250, '1', '2025-10-22', '2022-03-02 14:43:35', '2022-03-02 14:43:35'),
(1333, 1250, '1', '2025-10-23', '2022-03-02 14:43:35', '2022-03-02 14:43:35'),
(1334, 1250, '1', '2025-10-24', '2022-03-02 14:43:35', '2022-03-02 14:43:35'),
(1335, 1250, '1', '2025-10-25', '2022-03-02 14:43:35', '2022-03-02 14:43:35'),
(1336, 1250, '1', '2025-10-26', '2022-03-02 14:43:35', '2022-03-02 14:43:35'),
(1337, 1250, '1', '2025-10-27', '2022-03-02 14:43:35', '2022-03-02 14:43:35'),
(1338, 1250, '1', '2025-10-28', '2022-03-02 14:43:35', '2022-03-02 14:43:35'),
(1339, 1250, '1', '2025-10-29', '2022-03-02 14:43:36', '2022-03-02 14:43:36'),
(1340, 1250, '1', '2025-10-30', '2022-03-02 14:43:36', '2022-03-02 14:43:36'),
(1341, 1250, '1', '2025-10-31', '2022-03-02 14:43:36', '2022-03-02 14:43:36'),
(1342, 1250, '1', '2025-11-01', '2022-03-02 14:43:36', '2022-03-02 14:43:36'),
(1343, 1250, '1', '2025-11-02', '2022-03-02 14:43:36', '2022-03-02 14:43:36'),
(1344, 1250, '1', '2025-11-03', '2022-03-02 14:43:36', '2022-03-02 14:43:36'),
(1345, 1250, '1', '2025-11-04', '2022-03-02 14:43:36', '2022-03-02 14:43:36'),
(1346, 1250, '1', '2025-11-05', '2022-03-02 14:43:36', '2022-03-02 14:43:36'),
(1347, 1250, '1', '2025-11-06', '2022-03-02 14:43:36', '2022-03-02 14:43:36'),
(1348, 1250, '1', '2025-11-07', '2022-03-02 14:43:37', '2022-03-02 14:43:37'),
(1349, 1250, '1', '2025-11-08', '2022-03-02 14:43:37', '2022-03-02 14:43:37'),
(1350, 1250, '1', '2025-11-09', '2022-03-02 14:43:37', '2022-03-02 14:43:37'),
(1351, 1250, '1', '2025-11-10', '2022-03-02 14:43:37', '2022-03-02 14:43:37'),
(1352, 1250, '1', '2025-11-11', '2022-03-02 14:43:37', '2022-03-02 14:43:37'),
(1353, 1250, '1', '2025-11-12', '2022-03-02 14:43:37', '2022-03-02 14:43:37'),
(1354, 1250, '1', '2025-11-13', '2022-03-02 14:43:37', '2022-03-02 14:43:37'),
(1355, 1250, '1', '2025-11-14', '2022-03-02 14:43:37', '2022-03-02 14:43:37'),
(1356, 1250, '1', '2025-11-15', '2022-03-02 14:43:37', '2022-03-02 14:43:37'),
(1357, 1250, '1', '2025-11-16', '2022-03-02 14:43:37', '2022-03-02 14:43:37'),
(1358, 1250, '1', '2025-11-17', '2022-03-02 14:43:37', '2022-03-02 14:43:37'),
(1359, 1250, '1', '2025-11-18', '2022-03-02 14:43:37', '2022-03-02 14:43:37'),
(1360, 1250, '1', '2025-11-19', '2022-03-02 14:43:37', '2022-03-02 14:43:37'),
(1361, 1250, '1', '2025-11-20', '2022-03-02 14:43:37', '2022-03-02 14:43:37'),
(1362, 1250, '1', '2025-11-21', '2022-03-02 14:43:37', '2022-03-02 14:43:37'),
(1363, 1250, '1', '2025-11-22', '2022-03-02 14:43:37', '2022-03-02 14:43:37'),
(1364, 1250, '1', '2025-11-23', '2022-03-02 14:43:38', '2022-03-02 14:43:38'),
(1365, 1250, '1', '2025-11-24', '2022-03-02 14:43:38', '2022-03-02 14:43:38'),
(1366, 1250, '1', '2025-11-25', '2022-03-02 14:43:38', '2022-03-02 14:43:38'),
(1367, 1250, '1', '2025-11-26', '2022-03-02 14:43:38', '2022-03-02 14:43:38'),
(1368, 1250, '1', '2025-11-27', '2022-03-02 14:43:38', '2022-03-02 14:43:38'),
(1369, 1250, '1', '2025-11-28', '2022-03-02 14:43:38', '2022-03-02 14:43:38'),
(1370, 1250, '1', '2025-11-29', '2022-03-02 14:43:38', '2022-03-02 14:43:38'),
(1371, 1250, '1', '2025-11-30', '2022-03-02 14:43:38', '2022-03-02 14:43:38'),
(1372, 1250, '1', '2025-12-01', '2022-03-02 14:43:38', '2022-03-02 14:43:38'),
(1373, 1250, '1', '2025-12-02', '2022-03-02 14:43:38', '2022-03-02 14:43:38'),
(1374, 1250, '1', '2025-12-03', '2022-03-02 14:43:38', '2022-03-02 14:43:38'),
(1375, 1250, '1', '2025-12-04', '2022-03-02 14:43:38', '2022-03-02 14:43:38'),
(1376, 1250, '1', '2025-12-05', '2022-03-02 14:43:38', '2022-03-02 14:43:38'),
(1377, 1250, '1', '2025-12-06', '2022-03-02 14:43:38', '2022-03-02 14:43:38'),
(1378, 1250, '1', '2025-12-07', '2022-03-02 14:43:38', '2022-03-02 14:43:38'),
(1379, 1250, '1', '2025-12-08', '2022-03-02 14:43:38', '2022-03-02 14:43:38'),
(1380, 1250, '1', '2025-12-09', '2022-03-02 14:43:38', '2022-03-02 14:43:38'),
(1381, 1250, '1', '2025-12-10', '2022-03-02 14:43:38', '2022-03-02 14:43:38'),
(1382, 1250, '1', '2025-12-11', '2022-03-02 14:43:38', '2022-03-02 14:43:38'),
(1383, 1250, '1', '2025-12-12', '2022-03-02 14:43:38', '2022-03-02 14:43:38'),
(1384, 1250, '1', '2025-12-13', '2022-03-02 14:43:38', '2022-03-02 14:43:38'),
(1385, 1250, '1', '2025-12-14', '2022-03-02 14:43:38', '2022-03-02 14:43:38'),
(1386, 1250, '1', '2025-12-15', '2022-03-02 14:43:38', '2022-03-02 14:43:38'),
(1387, 1250, '1', '2025-12-16', '2022-03-02 14:43:38', '2022-03-02 14:43:38'),
(1388, 1250, '1', '2025-12-17', '2022-03-02 14:43:38', '2022-03-02 14:43:38'),
(1389, 1250, '1', '2025-12-18', '2022-03-02 14:43:39', '2022-03-02 14:43:39'),
(1390, 1250, '1', '2025-12-19', '2022-03-02 14:43:39', '2022-03-02 14:43:39'),
(1391, 1250, '1', '2025-12-20', '2022-03-02 14:43:39', '2022-03-02 14:43:39'),
(1392, 1250, '1', '2025-12-21', '2022-03-02 14:43:39', '2022-03-02 14:43:39'),
(1393, 1250, '1', '2025-12-22', '2022-03-02 14:43:39', '2022-03-02 14:43:39'),
(1394, 1250, '1', '2025-12-23', '2022-03-02 14:43:39', '2022-03-02 14:43:39'),
(1395, 1250, '1', '2025-12-24', '2022-03-02 14:43:39', '2022-03-02 14:43:39'),
(1396, 1250, '1', '2025-12-25', '2022-03-02 14:43:39', '2022-03-02 14:43:39'),
(1397, 1250, '1', '2025-12-26', '2022-03-02 14:43:39', '2022-03-02 14:43:39'),
(1398, 1250, '1', '2025-12-27', '2022-03-02 14:43:39', '2022-03-02 14:43:39'),
(1399, 1250, '1', '2025-12-28', '2022-03-02 14:43:39', '2022-03-02 14:43:39'),
(1400, 1250, '1', '2025-12-29', '2022-03-02 14:43:39', '2022-03-02 14:43:39'),
(1401, 1250, '1', '2025-12-30', '2022-03-02 14:43:39', '2022-03-02 14:43:39'),
(1402, 1250, '1', '2025-12-31', '2022-03-02 14:43:39', '2022-03-02 14:43:39'),
(1403, 1250, '1', '0000-00-00', '2022-03-19 12:44:52', '2022-03-19 12:44:52'),
(1404, 1250, '1', '1970-01-02', '2022-03-19 12:44:52', '2022-03-19 12:44:52'),
(1405, 1250, '1', '1970-01-03', '2022-03-19 12:44:52', '2022-03-19 12:44:52'),
(1406, 1250, '1', '1970-01-04', '2022-03-19 12:44:52', '2022-03-19 12:44:52'),
(1407, 1250, '1', '1970-01-05', '2022-03-19 12:44:52', '2022-03-19 12:44:52'),
(1408, 1250, '1', '1970-01-06', '2022-03-19 12:44:52', '2022-03-19 12:44:52'),
(1409, 1250, '1', '1970-01-07', '2022-03-19 12:44:52', '2022-03-19 12:44:52'),
(1410, 1250, '1', '1970-01-08', '2022-03-19 12:44:52', '2022-03-19 12:44:52'),
(1411, 1250, '1', '1970-01-09', '2022-03-19 12:44:52', '2022-03-19 12:44:52'),
(1412, 1250, '1', '1970-01-10', '2022-03-19 12:44:52', '2022-03-19 12:44:52'),
(1413, 1250, '1', '1970-01-11', '2022-03-19 12:44:52', '2022-03-19 12:44:52'),
(1414, 1250, '1', '1970-01-12', '2022-03-19 12:44:53', '2022-03-19 12:44:53'),
(1415, 1250, '1', '1970-01-13', '2022-03-19 12:44:53', '2022-03-19 12:44:53'),
(1416, 1250, '1', '1970-01-14', '2022-03-19 12:44:53', '2022-03-19 12:44:53'),
(1417, 1250, '1', '1970-01-15', '2022-03-19 12:44:53', '2022-03-19 12:44:53'),
(1418, 1250, '1', '1970-01-16', '2022-03-19 12:44:53', '2022-03-19 12:44:53'),
(1419, 1250, '1', '1970-01-17', '2022-03-19 12:44:53', '2022-03-19 12:44:53'),
(1420, 1250, '1', '1970-01-18', '2022-03-19 12:44:53', '2022-03-19 12:44:53'),
(1421, 1250, '1', '1970-01-19', '2022-03-19 12:44:53', '2022-03-19 12:44:53'),
(1422, 1250, '1', '1970-01-20', '2022-03-19 12:44:53', '2022-03-19 12:44:53'),
(1423, 1250, '1', '1970-01-21', '2022-03-19 12:44:53', '2022-03-19 12:44:53'),
(1424, 1250, '1', '1970-01-22', '2022-03-19 12:44:53', '2022-03-19 12:44:53'),
(1425, 1250, '1', '1970-01-23', '2022-03-19 12:44:54', '2022-03-19 12:44:54'),
(1426, 1250, '1', '1970-01-24', '2022-03-19 12:44:54', '2022-03-19 12:44:54'),
(1427, 1250, '1', '1970-01-25', '2022-03-19 12:44:54', '2022-03-19 12:44:54'),
(1428, 1250, '1', '1970-01-26', '2022-03-19 12:44:54', '2022-03-19 12:44:54'),
(1429, 1250, '1', '1970-01-27', '2022-03-19 12:44:54', '2022-03-19 12:44:54'),
(1430, 1250, '1', '1970-01-28', '2022-03-19 12:44:54', '2022-03-19 12:44:54'),
(1431, 1250, '1', '1970-01-29', '2022-03-19 12:44:54', '2022-03-19 12:44:54'),
(1432, 1250, '1', '1970-01-30', '2022-03-19 12:44:54', '2022-03-19 12:44:54'),
(1433, 1250, '1', '1970-01-31', '2022-03-19 12:44:54', '2022-03-19 12:44:54'),
(1434, 1250, '1', '1970-02-01', '2022-03-19 12:44:54', '2022-03-19 12:44:54'),
(1435, 1250, '1', '1970-02-02', '2022-03-19 12:44:54', '2022-03-19 12:44:54'),
(1436, 1250, '1', '1970-02-03', '2022-03-19 12:44:54', '2022-03-19 12:44:54'),
(1437, 1250, '1', '1970-02-04', '2022-03-19 12:44:54', '2022-03-19 12:44:54'),
(1438, 1250, '1', '1970-02-05', '2022-03-19 12:44:54', '2022-03-19 12:44:54'),
(1439, 1250, '1', '1970-02-06', '2022-03-19 12:44:54', '2022-03-19 12:44:54'),
(1440, 1250, '1', '1970-02-07', '2022-03-19 12:44:54', '2022-03-19 12:44:54'),
(1441, 1250, '1', '1970-02-08', '2022-03-19 12:44:54', '2022-03-19 12:44:54'),
(1442, 1250, '1', '1970-02-09', '2022-03-19 12:44:54', '2022-03-19 12:44:54'),
(1443, 1250, '1', '1970-02-10', '2022-03-19 12:44:54', '2022-03-19 12:44:54'),
(1444, 1250, '1', '1970-02-11', '2022-03-19 12:44:54', '2022-03-19 12:44:54'),
(1445, 1250, '1', '1970-02-12', '2022-03-19 12:44:55', '2022-03-19 12:44:55'),
(1446, 1250, '1', '1970-02-13', '2022-03-19 12:44:55', '2022-03-19 12:44:55'),
(1447, 1250, '1', '1970-02-14', '2022-03-19 12:44:55', '2022-03-19 12:44:55'),
(1448, 1250, '1', '1970-02-15', '2022-03-19 12:44:55', '2022-03-19 12:44:55'),
(1449, 1250, '1', '1970-02-16', '2022-03-19 12:44:55', '2022-03-19 12:44:55'),
(1450, 1250, '1', '1970-02-17', '2022-03-19 12:44:55', '2022-03-19 12:44:55'),
(1451, 1250, '1', '1970-02-18', '2022-03-19 12:44:55', '2022-03-19 12:44:55'),
(1452, 1250, '1', '1970-02-19', '2022-03-19 12:44:55', '2022-03-19 12:44:55'),
(1453, 1250, '1', '1970-02-20', '2022-03-19 12:44:55', '2022-03-19 12:44:55'),
(1454, 1250, '1', '1970-02-21', '2022-03-19 12:44:55', '2022-03-19 12:44:55'),
(1455, 1250, '1', '1970-02-22', '2022-03-19 12:44:55', '2022-03-19 12:44:55'),
(1456, 1250, '1', '1970-02-23', '2022-03-19 12:44:55', '2022-03-19 12:44:55'),
(1457, 1250, '1', '1970-02-24', '2022-03-19 12:44:55', '2022-03-19 12:44:55'),
(1458, 1250, '1', '1970-02-25', '2022-03-19 12:44:55', '2022-03-19 12:44:55'),
(1459, 1250, '1', '1970-02-26', '2022-03-19 12:44:55', '2022-03-19 12:44:55'),
(1460, 1250, '1', '1970-02-27', '2022-03-19 12:44:55', '2022-03-19 12:44:55'),
(1461, 1250, '1', '1970-02-28', '2022-03-19 12:44:56', '2022-03-19 12:44:56'),
(1462, 1250, '1', '1970-03-01', '2022-03-19 12:44:56', '2022-03-19 12:44:56'),
(1463, 1250, '1', '1970-03-02', '2022-03-19 12:44:56', '2022-03-19 12:44:56'),
(1464, 1250, '1', '1970-03-03', '2022-03-19 12:44:56', '2022-03-19 12:44:56'),
(1465, 1250, '1', '1970-03-04', '2022-03-19 12:44:56', '2022-03-19 12:44:56'),
(1466, 1250, '1', '1970-03-05', '2022-03-19 12:44:56', '2022-03-19 12:44:56'),
(1467, 1250, '1', '1970-03-06', '2022-03-19 12:44:56', '2022-03-19 12:44:56'),
(1468, 1250, '1', '1970-03-07', '2022-03-19 12:44:56', '2022-03-19 12:44:56'),
(1469, 1250, '1', '1970-03-08', '2022-03-19 12:44:56', '2022-03-19 12:44:56'),
(1470, 1250, '1', '1970-03-09', '2022-03-19 12:44:56', '2022-03-19 12:44:56'),
(1471, 1250, '1', '1970-03-10', '2022-03-19 12:44:56', '2022-03-19 12:44:56'),
(1472, 1250, '1', '1970-03-11', '2022-03-19 12:44:56', '2022-03-19 12:44:56'),
(1473, 1250, '1', '1970-03-12', '2022-03-19 12:44:56', '2022-03-19 12:44:56'),
(1474, 1250, '1', '1970-03-13', '2022-03-19 12:44:56', '2022-03-19 12:44:56'),
(1475, 1250, '1', '1970-03-14', '2022-03-19 12:44:56', '2022-03-19 12:44:56'),
(1476, 1250, '1', '1970-03-15', '2022-03-19 12:44:56', '2022-03-19 12:44:56'),
(1477, 1250, '1', '1970-03-16', '2022-03-19 12:44:56', '2022-03-19 12:44:56'),
(1478, 1250, '1', '1970-03-17', '2022-03-19 12:44:56', '2022-03-19 12:44:56'),
(1479, 1250, '1', '1970-03-18', '2022-03-19 12:44:56', '2022-03-19 12:44:56'),
(1480, 1250, '1', '1970-03-19', '2022-03-19 12:44:56', '2022-03-19 12:44:56'),
(1481, 1250, '1', '1970-03-20', '2022-03-19 12:44:56', '2022-03-19 12:44:56'),
(1482, 1250, '1', '1970-03-21', '2022-03-19 12:44:56', '2022-03-19 12:44:56'),
(1483, 1250, '1', '1970-03-22', '2022-03-19 12:44:57', '2022-03-19 12:44:57'),
(1484, 1250, '1', '1970-03-23', '2022-03-19 12:44:57', '2022-03-19 12:44:57'),
(1485, 1250, '1', '1970-03-24', '2022-03-19 12:44:57', '2022-03-19 12:44:57'),
(1486, 1250, '1', '1970-03-25', '2022-03-19 12:44:57', '2022-03-19 12:44:57'),
(1487, 1250, '1', '1970-03-26', '2022-03-19 12:44:57', '2022-03-19 12:44:57'),
(1488, 1250, '1', '1970-03-27', '2022-03-19 12:44:57', '2022-03-19 12:44:57'),
(1489, 1250, '1', '1970-03-28', '2022-03-19 12:44:57', '2022-03-19 12:44:57'),
(1490, 1250, '1', '1970-03-29', '2022-03-19 12:44:57', '2022-03-19 12:44:57'),
(1491, 1250, '1', '1970-03-30', '2022-03-19 12:44:57', '2022-03-19 12:44:57'),
(1492, 1250, '1', '1970-03-31', '2022-03-19 12:44:57', '2022-03-19 12:44:57'),
(1493, 1250, '1', '1970-04-01', '2022-03-19 12:44:57', '2022-03-19 12:44:57'),
(1494, 1250, '1', '1970-04-02', '2022-03-19 12:44:57', '2022-03-19 12:44:57'),
(1495, 1250, '1', '1970-04-03', '2022-03-19 12:44:57', '2022-03-19 12:44:57'),
(1496, 1250, '1', '1970-04-04', '2022-03-19 12:44:57', '2022-03-19 12:44:57'),
(1497, 1250, '1', '1970-04-05', '2022-03-19 12:44:57', '2022-03-19 12:44:57'),
(1498, 1250, '1', '1970-04-06', '2022-03-19 12:44:57', '2022-03-19 12:44:57'),
(1499, 1250, '1', '1970-04-07', '2022-03-19 12:44:57', '2022-03-19 12:44:57'),
(1500, 1250, '1', '1970-04-08', '2022-03-19 12:44:57', '2022-03-19 12:44:57'),
(1501, 1250, '1', '1970-04-09', '2022-03-19 12:44:57', '2022-03-19 12:44:57'),
(1502, 1250, '1', '1970-04-10', '2022-03-19 12:44:57', '2022-03-19 12:44:57'),
(1503, 1250, '1', '1970-04-11', '2022-03-19 12:44:58', '2022-03-19 12:44:58'),
(1504, 1250, '1', '1970-04-12', '2022-03-19 12:44:58', '2022-03-19 12:44:58'),
(1505, 1250, '1', '1970-04-13', '2022-03-19 12:44:58', '2022-03-19 12:44:58'),
(1506, 1250, '1', '1970-04-14', '2022-03-19 12:44:58', '2022-03-19 12:44:58'),
(1507, 1250, '1', '1970-04-15', '2022-03-19 12:44:58', '2022-03-19 12:44:58'),
(1508, 1250, '1', '1970-04-16', '2022-03-19 12:44:58', '2022-03-19 12:44:58'),
(1509, 1250, '1', '1970-04-17', '2022-03-19 12:44:58', '2022-03-19 12:44:58'),
(1510, 1250, '1', '1970-04-18', '2022-03-19 12:44:58', '2022-03-19 12:44:58'),
(1511, 1250, '1', '1970-04-19', '2022-03-19 12:44:58', '2022-03-19 12:44:58'),
(1512, 1250, '1', '1970-04-20', '2022-03-19 12:44:58', '2022-03-19 12:44:58'),
(1513, 1250, '1', '1970-04-21', '2022-03-19 12:44:58', '2022-03-19 12:44:58'),
(1514, 1250, '1', '1970-04-22', '2022-03-19 12:44:58', '2022-03-19 12:44:58'),
(1515, 1250, '1', '1970-04-23', '2022-03-19 12:44:58', '2022-03-19 12:44:58'),
(1516, 1250, '1', '1970-04-24', '2022-03-19 12:44:58', '2022-03-19 12:44:58'),
(1517, 1250, '1', '1970-04-25', '2022-03-19 12:44:58', '2022-03-19 12:44:58'),
(1518, 1250, '1', '1970-04-26', '2022-03-19 12:44:58', '2022-03-19 12:44:58'),
(1519, 1250, '1', '1970-04-27', '2022-03-19 12:44:58', '2022-03-19 12:44:58'),
(1520, 1250, '1', '1970-04-28', '2022-03-19 12:44:58', '2022-03-19 12:44:58'),
(1521, 1250, '1', '1970-04-29', '2022-03-19 12:44:58', '2022-03-19 12:44:58'),
(1522, 1250, '1', '1970-04-30', '2022-03-19 12:44:58', '2022-03-19 12:44:58'),
(1523, 1250, '1', '1970-05-01', '2022-03-19 12:44:58', '2022-03-19 12:44:58'),
(1524, 1250, '1', '1970-05-02', '2022-03-19 12:44:58', '2022-03-19 12:44:58'),
(1525, 1250, '1', '1970-05-03', '2022-03-19 12:44:58', '2022-03-19 12:44:58'),
(1526, 1250, '1', '1970-05-04', '2022-03-19 12:44:58', '2022-03-19 12:44:58'),
(1527, 1250, '1', '1970-05-05', '2022-03-19 12:44:58', '2022-03-19 12:44:58'),
(1528, 1250, '1', '1970-05-06', '2022-03-19 12:44:58', '2022-03-19 12:44:58'),
(1529, 1250, '1', '1970-05-07', '2022-03-19 12:44:59', '2022-03-19 12:44:59'),
(1530, 1250, '1', '1970-05-08', '2022-03-19 12:44:59', '2022-03-19 12:44:59'),
(1531, 1250, '1', '1970-05-09', '2022-03-19 12:44:59', '2022-03-19 12:44:59'),
(1532, 1250, '1', '1970-05-10', '2022-03-19 12:44:59', '2022-03-19 12:44:59'),
(1533, 1250, '1', '1970-05-11', '2022-03-19 12:44:59', '2022-03-19 12:44:59'),
(1534, 1250, '1', '1970-05-12', '2022-03-19 12:44:59', '2022-03-19 12:44:59'),
(1535, 1250, '1', '1970-05-13', '2022-03-19 12:44:59', '2022-03-19 12:44:59'),
(1536, 1250, '1', '1970-05-14', '2022-03-19 12:44:59', '2022-03-19 12:44:59'),
(1537, 1250, '1', '1970-05-15', '2022-03-19 12:44:59', '2022-03-19 12:44:59'),
(1538, 1250, '1', '1970-05-16', '2022-03-19 12:44:59', '2022-03-19 12:44:59'),
(1539, 1250, '1', '1970-05-17', '2022-03-19 12:44:59', '2022-03-19 12:44:59'),
(1540, 1250, '1', '1970-05-18', '2022-03-19 12:44:59', '2022-03-19 12:44:59'),
(1541, 1250, '1', '1970-05-19', '2022-03-19 12:44:59', '2022-03-19 12:44:59'),
(1542, 1250, '1', '1970-05-20', '2022-03-19 12:44:59', '2022-03-19 12:44:59'),
(1543, 1250, '1', '1970-05-21', '2022-03-19 12:44:59', '2022-03-19 12:44:59'),
(1544, 1250, '1', '1970-05-22', '2022-03-19 12:44:59', '2022-03-19 12:44:59'),
(1545, 1250, '1', '1970-05-23', '2022-03-19 12:44:59', '2022-03-19 12:44:59'),
(1546, 1250, '1', '1970-05-24', '2022-03-19 12:44:59', '2022-03-19 12:44:59'),
(1547, 1250, '1', '1970-05-25', '2022-03-19 12:44:59', '2022-03-19 12:44:59'),
(1548, 1250, '1', '1970-05-26', '2022-03-19 12:45:00', '2022-03-19 12:45:00'),
(1549, 1250, '1', '1970-05-27', '2022-03-19 12:45:00', '2022-03-19 12:45:00'),
(1550, 1250, '1', '1970-05-28', '2022-03-19 12:45:00', '2022-03-19 12:45:00'),
(1551, 1250, '1', '1970-05-29', '2022-03-19 12:45:00', '2022-03-19 12:45:00'),
(1552, 1250, '1', '1970-05-30', '2022-03-19 12:45:00', '2022-03-19 12:45:00'),
(1553, 1250, '1', '1970-05-31', '2022-03-19 12:45:00', '2022-03-19 12:45:00'),
(1554, 1250, '1', '1970-06-01', '2022-03-19 12:45:00', '2022-03-19 12:45:00'),
(1555, 1250, '1', '1970-06-02', '2022-03-19 12:45:00', '2022-03-19 12:45:00'),
(1556, 1250, '1', '1970-06-03', '2022-03-19 12:45:00', '2022-03-19 12:45:00'),
(1557, 1250, '1', '1970-06-04', '2022-03-19 12:45:00', '2022-03-19 12:45:00'),
(1558, 1250, '1', '1970-06-05', '2022-03-19 12:45:01', '2022-03-19 12:45:01'),
(1559, 1250, '1', '1970-06-06', '2022-03-19 12:45:01', '2022-03-19 12:45:01'),
(1560, 1250, '1', '1970-06-07', '2022-03-19 12:45:01', '2022-03-19 12:45:01'),
(1561, 1250, '1', '1970-06-08', '2022-03-19 12:45:01', '2022-03-19 12:45:01'),
(1562, 1250, '1', '1970-06-09', '2022-03-19 12:45:01', '2022-03-19 12:45:01'),
(1563, 1250, '1', '1970-06-10', '2022-03-19 12:45:01', '2022-03-19 12:45:01'),
(1564, 1250, '1', '1970-06-11', '2022-03-19 12:45:01', '2022-03-19 12:45:01'),
(1565, 1250, '1', '1970-06-12', '2022-03-19 12:45:01', '2022-03-19 12:45:01'),
(1566, 1250, '1', '1970-06-13', '2022-03-19 12:45:01', '2022-03-19 12:45:01'),
(1567, 1250, '1', '1970-06-14', '2022-03-19 12:45:01', '2022-03-19 12:45:01'),
(1568, 1250, '1', '1970-06-15', '2022-03-19 12:45:01', '2022-03-19 12:45:01'),
(1569, 1250, '1', '1970-06-16', '2022-03-19 12:45:01', '2022-03-19 12:45:01'),
(1570, 1250, '1', '1970-06-17', '2022-03-19 12:45:02', '2022-03-19 12:45:02'),
(1571, 1250, '1', '1970-06-18', '2022-03-19 12:45:02', '2022-03-19 12:45:02'),
(1572, 1250, '1', '1970-06-19', '2022-03-19 12:45:02', '2022-03-19 12:45:02'),
(1573, 1250, '1', '1970-06-20', '2022-03-19 12:45:02', '2022-03-19 12:45:02'),
(1574, 1250, '1', '1970-06-21', '2022-03-19 12:45:02', '2022-03-19 12:45:02'),
(1575, 1250, '1', '1970-06-22', '2022-03-19 12:45:02', '2022-03-19 12:45:02'),
(1576, 1250, '1', '1970-06-23', '2022-03-19 12:45:02', '2022-03-19 12:45:02'),
(1577, 1250, '1', '1970-06-24', '2022-03-19 12:45:02', '2022-03-19 12:45:02'),
(1578, 1250, '1', '1970-06-25', '2022-03-19 12:45:02', '2022-03-19 12:45:02'),
(1579, 1250, '1', '1970-06-26', '2022-03-19 12:45:02', '2022-03-19 12:45:02'),
(1580, 1250, '1', '1970-06-27', '2022-03-19 12:45:02', '2022-03-19 12:45:02'),
(1581, 1250, '1', '1970-06-28', '2022-03-19 12:45:02', '2022-03-19 12:45:02'),
(1582, 1250, '1', '1970-06-29', '2022-03-19 12:45:02', '2022-03-19 12:45:02'),
(1583, 1250, '1', '1970-06-30', '2022-03-19 12:45:02', '2022-03-19 12:45:02'),
(1584, 1250, '1', '1970-07-01', '2022-03-19 12:45:02', '2022-03-19 12:45:02'),
(1585, 1250, '1', '1970-07-02', '2022-03-19 12:45:02', '2022-03-19 12:45:02'),
(1586, 1250, '1', '1970-07-03', '2022-03-19 12:45:02', '2022-03-19 12:45:02'),
(1587, 1250, '1', '1970-07-04', '2022-03-19 12:45:02', '2022-03-19 12:45:02'),
(1588, 1250, '1', '1970-07-05', '2022-03-19 12:45:02', '2022-03-19 12:45:02'),
(1589, 1250, '1', '1970-07-06', '2022-03-19 12:45:02', '2022-03-19 12:45:02'),
(1590, 1250, '1', '1970-07-07', '2022-03-19 12:45:03', '2022-03-19 12:45:03'),
(1591, 1250, '1', '1970-07-08', '2022-03-19 12:45:03', '2022-03-19 12:45:03'),
(1592, 1250, '1', '1970-07-09', '2022-03-19 12:45:03', '2022-03-19 12:45:03'),
(1593, 1250, '1', '1970-07-10', '2022-03-19 12:45:03', '2022-03-19 12:45:03'),
(1594, 1250, '1', '1970-07-11', '2022-03-19 12:45:03', '2022-03-19 12:45:03'),
(1595, 1250, '1', '1970-07-12', '2022-03-19 12:45:03', '2022-03-19 12:45:03'),
(1596, 1250, '1', '1970-07-13', '2022-03-19 12:45:03', '2022-03-19 12:45:03'),
(1597, 1250, '1', '1970-07-14', '2022-03-19 12:45:03', '2022-03-19 12:45:03'),
(1598, 1250, '1', '1970-07-15', '2022-03-19 12:45:03', '2022-03-19 12:45:03'),
(1599, 1250, '1', '1970-07-16', '2022-03-19 12:45:03', '2022-03-19 12:45:03'),
(1600, 1250, '1', '1970-07-17', '2022-03-19 12:45:03', '2022-03-19 12:45:03'),
(1601, 1250, '1', '1970-07-18', '2022-03-19 12:45:03', '2022-03-19 12:45:03'),
(1602, 1250, '1', '1970-07-19', '2022-03-19 12:45:03', '2022-03-19 12:45:03'),
(1603, 1250, '1', '1970-07-20', '2022-03-19 12:45:03', '2022-03-19 12:45:03'),
(1604, 1250, '1', '1970-07-21', '2022-03-19 12:45:03', '2022-03-19 12:45:03'),
(1605, 1250, '1', '1970-07-22', '2022-03-19 12:45:03', '2022-03-19 12:45:03'),
(1606, 1250, '1', '1970-07-23', '2022-03-19 12:45:03', '2022-03-19 12:45:03'),
(1607, 1250, '1', '1970-07-24', '2022-03-19 12:45:03', '2022-03-19 12:45:03'),
(1608, 1250, '1', '1970-07-25', '2022-03-19 12:45:03', '2022-03-19 12:45:03'),
(1609, 1250, '1', '1970-07-26', '2022-03-19 12:45:03', '2022-03-19 12:45:03'),
(1610, 1250, '1', '1970-07-27', '2022-03-19 12:45:04', '2022-03-19 12:45:04'),
(1611, 1250, '1', '1970-07-28', '2022-03-19 12:45:04', '2022-03-19 12:45:04'),
(1612, 1250, '1', '1970-07-29', '2022-03-19 12:45:04', '2022-03-19 12:45:04'),
(1613, 1250, '1', '1970-07-30', '2022-03-19 12:45:04', '2022-03-19 12:45:04'),
(1614, 1250, '1', '1970-07-31', '2022-03-19 12:45:04', '2022-03-19 12:45:04'),
(1615, 1250, '1', '1970-08-01', '2022-03-19 12:45:04', '2022-03-19 12:45:04'),
(1616, 1250, '1', '1970-08-02', '2022-03-19 12:45:04', '2022-03-19 12:45:04'),
(1617, 1250, '1', '1970-08-03', '2022-03-19 12:45:04', '2022-03-19 12:45:04'),
(1618, 1250, '1', '1970-08-04', '2022-03-19 12:45:04', '2022-03-19 12:45:04'),
(1619, 1250, '1', '1970-08-05', '2022-03-19 12:45:04', '2022-03-19 12:45:04'),
(1620, 1250, '1', '1970-08-06', '2022-03-19 12:45:04', '2022-03-19 12:45:04'),
(1621, 1250, '1', '1970-08-07', '2022-03-19 12:45:04', '2022-03-19 12:45:04'),
(1622, 1250, '1', '1970-08-08', '2022-03-19 12:45:04', '2022-03-19 12:45:04'),
(1623, 1250, '1', '1970-08-09', '2022-03-19 12:45:04', '2022-03-19 12:45:04'),
(1624, 1250, '1', '1970-08-10', '2022-03-19 12:45:04', '2022-03-19 12:45:04'),
(1625, 1250, '1', '1970-08-11', '2022-03-19 12:45:04', '2022-03-19 12:45:04'),
(1626, 1250, '1', '1970-08-12', '2022-03-19 12:45:04', '2022-03-19 12:45:04'),
(1627, 1250, '1', '1970-08-13', '2022-03-19 12:45:04', '2022-03-19 12:45:04'),
(1628, 1250, '1', '1970-08-14', '2022-03-19 12:45:04', '2022-03-19 12:45:04'),
(1629, 1250, '1', '1970-08-15', '2022-03-19 12:45:04', '2022-03-19 12:45:04'),
(1630, 1250, '1', '1970-08-16', '2022-03-19 12:45:04', '2022-03-19 12:45:04'),
(1631, 1250, '1', '1970-08-17', '2022-03-19 12:45:04', '2022-03-19 12:45:04'),
(1632, 1250, '1', '1970-08-18', '2022-03-19 12:45:04', '2022-03-19 12:45:04'),
(1633, 1250, '1', '1970-08-19', '2022-03-19 12:45:05', '2022-03-19 12:45:05'),
(1634, 1250, '1', '1970-08-20', '2022-03-19 12:45:05', '2022-03-19 12:45:05'),
(1635, 1250, '1', '1970-08-21', '2022-03-19 12:45:05', '2022-03-19 12:45:05'),
(1636, 1250, '1', '1970-08-22', '2022-03-19 12:45:05', '2022-03-19 12:45:05'),
(1637, 1250, '1', '1970-08-23', '2022-03-19 12:45:05', '2022-03-19 12:45:05'),
(1638, 1250, '1', '1970-08-24', '2022-03-19 12:45:05', '2022-03-19 12:45:05'),
(1639, 1250, '1', '1970-08-25', '2022-03-19 12:45:05', '2022-03-19 12:45:05'),
(1640, 1250, '1', '1970-08-26', '2022-03-19 12:45:05', '2022-03-19 12:45:05'),
(1641, 1250, '1', '1970-08-27', '2022-03-19 12:45:05', '2022-03-19 12:45:05'),
(1642, 1250, '1', '1970-08-28', '2022-03-19 12:45:05', '2022-03-19 12:45:05'),
(1643, 1250, '1', '1970-08-29', '2022-03-19 12:45:05', '2022-03-19 12:45:05'),
(1644, 1250, '1', '1970-08-30', '2022-03-19 12:45:05', '2022-03-19 12:45:05'),
(1645, 1250, '1', '1970-08-31', '2022-03-19 12:45:05', '2022-03-19 12:45:05'),
(1646, 1250, '1', '1970-09-01', '2022-03-19 12:45:05', '2022-03-19 12:45:05'),
(1647, 1250, '1', '1970-09-02', '2022-03-19 12:45:05', '2022-03-19 12:45:05'),
(1648, 1250, '1', '1970-09-03', '2022-03-19 12:45:05', '2022-03-19 12:45:05'),
(1649, 1250, '1', '1970-09-04', '2022-03-19 12:45:05', '2022-03-19 12:45:05'),
(1650, 1250, '1', '1970-09-05', '2022-03-19 12:45:05', '2022-03-19 12:45:05'),
(1651, 1250, '1', '1970-09-06', '2022-03-19 12:45:05', '2022-03-19 12:45:05'),
(1652, 1250, '1', '1970-09-07', '2022-03-19 12:45:06', '2022-03-19 12:45:06'),
(1653, 1250, '1', '1970-09-08', '2022-03-19 12:45:06', '2022-03-19 12:45:06'),
(1654, 1250, '1', '1970-09-09', '2022-03-19 12:45:06', '2022-03-19 12:45:06'),
(1655, 1250, '1', '1970-09-10', '2022-03-19 12:45:06', '2022-03-19 12:45:06'),
(1656, 1250, '1', '1970-09-11', '2022-03-19 12:45:06', '2022-03-19 12:45:06'),
(1657, 1250, '1', '1970-09-12', '2022-03-19 12:45:06', '2022-03-19 12:45:06'),
(1658, 1250, '1', '1970-09-13', '2022-03-19 12:45:06', '2022-03-19 12:45:06'),
(1659, 1250, '1', '1970-09-14', '2022-03-19 12:45:06', '2022-03-19 12:45:06'),
(1660, 1250, '1', '1970-09-15', '2022-03-19 12:45:06', '2022-03-19 12:45:06'),
(1661, 1250, '1', '1970-09-16', '2022-03-19 12:45:06', '2022-03-19 12:45:06'),
(1662, 1250, '1', '1970-09-17', '2022-03-19 12:45:06', '2022-03-19 12:45:06'),
(1663, 1250, '1', '1970-09-18', '2022-03-19 12:45:06', '2022-03-19 12:45:06'),
(1664, 1250, '1', '1970-09-19', '2022-03-19 12:45:06', '2022-03-19 12:45:06'),
(1665, 1250, '1', '1970-09-20', '2022-03-19 12:45:06', '2022-03-19 12:45:06'),
(1666, 1250, '1', '1970-09-21', '2022-03-19 12:45:06', '2022-03-19 12:45:06'),
(1667, 1250, '1', '1970-09-22', '2022-03-19 12:45:07', '2022-03-19 12:45:07'),
(1668, 1250, '1', '1970-09-23', '2022-03-19 12:45:07', '2022-03-19 12:45:07'),
(1669, 1250, '1', '1970-09-24', '2022-03-19 12:45:07', '2022-03-19 12:45:07'),
(1670, 1250, '1', '1970-09-25', '2022-03-19 12:45:07', '2022-03-19 12:45:07'),
(1671, 1250, '1', '1970-09-26', '2022-03-19 12:45:07', '2022-03-19 12:45:07'),
(1672, 1250, '1', '1970-09-27', '2022-03-19 12:45:07', '2022-03-19 12:45:07'),
(1673, 1250, '1', '1970-09-28', '2022-03-19 12:45:07', '2022-03-19 12:45:07'),
(1674, 1250, '1', '1970-09-29', '2022-03-19 12:45:07', '2022-03-19 12:45:07'),
(1675, 1250, '1', '1970-09-30', '2022-03-19 12:45:07', '2022-03-19 12:45:07'),
(1676, 1250, '1', '1970-10-01', '2022-03-19 12:45:07', '2022-03-19 12:45:07'),
(1677, 1250, '1', '1970-10-02', '2022-03-19 12:45:07', '2022-03-19 12:45:07'),
(1678, 1250, '1', '1970-10-03', '2022-03-19 12:45:07', '2022-03-19 12:45:07'),
(1679, 1250, '1', '1970-10-04', '2022-03-19 12:45:07', '2022-03-19 12:45:07'),
(1680, 1250, '1', '1970-10-05', '2022-03-19 12:45:07', '2022-03-19 12:45:07'),
(1681, 1250, '1', '1970-10-06', '2022-03-19 12:45:07', '2022-03-19 12:45:07'),
(1682, 1250, '1', '1970-10-07', '2022-03-19 12:45:07', '2022-03-19 12:45:07'),
(1683, 1250, '1', '1970-10-08', '2022-03-19 12:45:07', '2022-03-19 12:45:07'),
(1684, 1250, '1', '1970-10-09', '2022-03-19 12:45:07', '2022-03-19 12:45:07'),
(1685, 1250, '1', '1970-10-10', '2022-03-19 12:45:07', '2022-03-19 12:45:07'),
(1686, 1250, '1', '1970-10-11', '2022-03-19 12:45:07', '2022-03-19 12:45:07'),
(1687, 1250, '1', '1970-10-12', '2022-03-19 12:45:07', '2022-03-19 12:45:07'),
(1688, 1250, '1', '1970-10-13', '2022-03-19 12:45:08', '2022-03-19 12:45:08'),
(1689, 1250, '1', '1970-10-14', '2022-03-19 12:45:08', '2022-03-19 12:45:08'),
(1690, 1250, '1', '1970-10-15', '2022-03-19 12:45:08', '2022-03-19 12:45:08'),
(1691, 1250, '1', '1970-10-16', '2022-03-19 12:45:08', '2022-03-19 12:45:08'),
(1692, 1250, '1', '1970-10-17', '2022-03-19 12:45:08', '2022-03-19 12:45:08'),
(1693, 1250, '1', '1970-10-18', '2022-03-19 12:45:08', '2022-03-19 12:45:08'),
(1694, 1250, '1', '1970-10-19', '2022-03-19 12:45:08', '2022-03-19 12:45:08'),
(1695, 1250, '1', '1970-10-20', '2022-03-19 12:45:08', '2022-03-19 12:45:08'),
(1696, 1250, '1', '1970-10-21', '2022-03-19 12:45:08', '2022-03-19 12:45:08'),
(1697, 1250, '1', '1970-10-22', '2022-03-19 12:45:08', '2022-03-19 12:45:08'),
(1698, 1250, '1', '1970-10-23', '2022-03-19 12:45:08', '2022-03-19 12:45:08'),
(1699, 1250, '1', '1970-10-24', '2022-03-19 12:45:08', '2022-03-19 12:45:08'),
(1700, 1250, '1', '1970-10-25', '2022-03-19 12:45:08', '2022-03-19 12:45:08'),
(1701, 1250, '1', '1970-10-26', '2022-03-19 12:45:08', '2022-03-19 12:45:08'),
(1702, 1250, '1', '1970-10-27', '2022-03-19 12:45:08', '2022-03-19 12:45:08'),
(1703, 1250, '1', '1970-10-28', '2022-03-19 12:45:08', '2022-03-19 12:45:08'),
(1704, 1250, '1', '1970-10-29', '2022-03-19 12:45:08', '2022-03-19 12:45:08'),
(1705, 1250, '1', '1970-10-30', '2022-03-19 12:45:08', '2022-03-19 12:45:08'),
(1706, 1250, '1', '1970-10-31', '2022-03-19 12:45:08', '2022-03-19 12:45:08'),
(1707, 1250, '1', '1970-11-01', '2022-03-19 12:45:08', '2022-03-19 12:45:08'),
(1708, 1250, '1', '1970-11-02', '2022-03-19 12:45:08', '2022-03-19 12:45:08'),
(1709, 1250, '1', '1970-11-03', '2022-03-19 12:45:08', '2022-03-19 12:45:08'),
(1710, 1250, '1', '1970-11-04', '2022-03-19 12:45:08', '2022-03-19 12:45:08'),
(1711, 1250, '1', '1970-11-05', '2022-03-19 12:45:08', '2022-03-19 12:45:08'),
(1712, 1250, '1', '1970-11-06', '2022-03-19 12:45:09', '2022-03-19 12:45:09'),
(1713, 1250, '1', '1970-11-07', '2022-03-19 12:45:09', '2022-03-19 12:45:09'),
(1714, 1250, '1', '1970-11-08', '2022-03-19 12:45:09', '2022-03-19 12:45:09'),
(1715, 1250, '1', '1970-11-09', '2022-03-19 12:45:09', '2022-03-19 12:45:09'),
(1716, 1250, '1', '1970-11-10', '2022-03-19 12:45:09', '2022-03-19 12:45:09'),
(1717, 1250, '1', '1970-11-11', '2022-03-19 12:45:09', '2022-03-19 12:45:09'),
(1718, 1250, '1', '1970-11-12', '2022-03-19 12:45:09', '2022-03-19 12:45:09'),
(1719, 1250, '1', '1970-11-13', '2022-03-19 12:45:09', '2022-03-19 12:45:09'),
(1720, 1250, '1', '1970-11-14', '2022-03-19 12:45:09', '2022-03-19 12:45:09'),
(1721, 1250, '1', '1970-11-15', '2022-03-19 12:45:10', '2022-03-19 12:45:10'),
(1722, 1250, '1', '1970-11-16', '2022-03-19 12:45:10', '2022-03-19 12:45:10'),
(1723, 1250, '1', '1970-11-17', '2022-03-19 12:45:10', '2022-03-19 12:45:10'),
(1724, 1250, '1', '1970-11-18', '2022-03-19 12:45:10', '2022-03-19 12:45:10'),
(1725, 1250, '1', '1970-11-19', '2022-03-19 12:45:10', '2022-03-19 12:45:10'),
(1726, 1250, '1', '1970-11-20', '2022-03-19 12:45:10', '2022-03-19 12:45:10'),
(1727, 1250, '1', '1970-11-21', '2022-03-19 12:45:10', '2022-03-19 12:45:10'),
(1728, 1250, '1', '1970-11-22', '2022-03-19 12:45:10', '2022-03-19 12:45:10'),
(1729, 1250, '1', '1970-11-23', '2022-03-19 12:45:10', '2022-03-19 12:45:10'),
(1730, 1250, '1', '1970-11-24', '2022-03-19 12:45:10', '2022-03-19 12:45:10'),
(1731, 1250, '1', '1970-11-25', '2022-03-19 12:45:11', '2022-03-19 12:45:11'),
(1732, 1250, '1', '1970-11-26', '2022-03-19 12:45:11', '2022-03-19 12:45:11'),
(1733, 1250, '1', '1970-11-27', '2022-03-19 12:45:12', '2022-03-19 12:45:12'),
(1734, 1250, '1', '1970-11-28', '2022-03-19 12:45:12', '2022-03-19 12:45:12'),
(1735, 1250, '1', '1970-11-29', '2022-03-19 12:45:12', '2022-03-19 12:45:12'),
(1736, 1250, '1', '1970-11-30', '2022-03-19 12:45:12', '2022-03-19 12:45:12'),
(1737, 1250, '1', '1970-12-01', '2022-03-19 12:45:13', '2022-03-19 12:45:13'),
(1738, 1250, '1', '1970-12-02', '2022-03-19 12:45:13', '2022-03-19 12:45:13'),
(1739, 1250, '1', '1970-12-03', '2022-03-19 12:45:13', '2022-03-19 12:45:13'),
(1740, 1250, '1', '1970-12-04', '2022-03-19 12:45:13', '2022-03-19 12:45:13'),
(1741, 1250, '1', '1970-12-05', '2022-03-19 12:45:13', '2022-03-19 12:45:13'),
(1742, 1250, '1', '1970-12-06', '2022-03-19 12:45:13', '2022-03-19 12:45:13'),
(1743, 1250, '1', '1970-12-07', '2022-03-19 12:45:13', '2022-03-19 12:45:13'),
(1744, 1250, '1', '1970-12-08', '2022-03-19 12:45:13', '2022-03-19 12:45:13'),
(1745, 1250, '1', '1970-12-09', '2022-03-19 12:45:13', '2022-03-19 12:45:13'),
(1746, 1250, '1', '1970-12-10', '2022-03-19 12:45:13', '2022-03-19 12:45:13'),
(1747, 1250, '1', '1970-12-11', '2022-03-19 12:45:13', '2022-03-19 12:45:13'),
(1748, 1250, '1', '1970-12-12', '2022-03-19 12:45:13', '2022-03-19 12:45:13'),
(1749, 1250, '1', '1970-12-13', '2022-03-19 12:45:13', '2022-03-19 12:45:13'),
(1750, 1250, '1', '1970-12-14', '2022-03-19 12:45:14', '2022-03-19 12:45:14'),
(1751, 1250, '1', '1970-12-15', '2022-03-19 12:45:14', '2022-03-19 12:45:14'),
(1752, 1250, '1', '1970-12-16', '2022-03-19 12:45:14', '2022-03-19 12:45:14'),
(1753, 1250, '1', '1970-12-17', '2022-03-19 12:45:14', '2022-03-19 12:45:14'),
(1754, 1250, '1', '1970-12-18', '2022-03-19 12:45:14', '2022-03-19 12:45:14'),
(1755, 1250, '1', '1970-12-19', '2022-03-19 12:45:14', '2022-03-19 12:45:14'),
(1756, 1250, '1', '1970-12-20', '2022-03-19 12:45:14', '2022-03-19 12:45:14'),
(1757, 1250, '1', '1970-12-21', '2022-03-19 12:45:14', '2022-03-19 12:45:14'),
(1758, 1250, '1', '1970-12-22', '2022-03-19 12:45:15', '2022-03-19 12:45:15'),
(1759, 1250, '1', '1970-12-23', '2022-03-19 12:45:15', '2022-03-19 12:45:15'),
(1760, 1250, '1', '1970-12-24', '2022-03-19 12:45:15', '2022-03-19 12:45:15'),
(1761, 1250, '1', '1970-12-25', '2022-03-19 12:45:15', '2022-03-19 12:45:15'),
(1762, 1250, '1', '1970-12-26', '2022-03-19 12:45:15', '2022-03-19 12:45:15'),
(1763, 1250, '1', '1970-12-27', '2022-03-19 12:45:15', '2022-03-19 12:45:15'),
(1764, 1250, '1', '1970-12-28', '2022-03-19 12:45:15', '2022-03-19 12:45:15'),
(1765, 1250, '1', '1970-12-29', '2022-03-19 12:45:15', '2022-03-19 12:45:15'),
(1766, 1250, '1', '1970-12-30', '2022-03-19 12:45:15', '2022-03-19 12:45:15'),
(1767, 1250, '1', '1970-12-31', '2022-03-19 12:45:15', '2022-03-19 12:45:15');

-- --------------------------------------------------------

--
-- Table structure for table `categories`
--

CREATE TABLE `categories` (
  `id` bigint(20) UNSIGNED NOT NULL,
  `title` varchar(500) COLLATE utf8mb4_unicode_ci DEFAULT NULL,
  `created_at` timestamp NULL DEFAULT NULL,
  `updated_at` timestamp NULL DEFAULT NULL
) ENGINE=InnoDB DEFAULT CHARSET=utf8mb4 COLLATE=utf8mb4_unicode_ci;

--
-- Dumping data for table `categories`
--

INSERT INTO `categories` (`id`, `title`, `created_at`, `updated_at`) VALUES
(1, 'Meals', '2022-02-23 07:51:04', NULL),
(2, 'Toys', '2022-02-01 07:51:09', NULL),
(3, 'Drinks', '2022-02-04 07:51:13', NULL);

-- --------------------------------------------------------

--
-- Table structure for table `cities`
--

CREATE TABLE `cities` (
  `id` bigint(20) UNSIGNED NOT NULL,
  `title` varchar(255) COLLATE utf8mb4_unicode_ci DEFAULT NULL,
  `gov_id` bigint(20) UNSIGNED DEFAULT NULL,
  `created_at` timestamp NULL DEFAULT NULL,
  `updated_at` timestamp NULL DEFAULT NULL
) ENGINE=InnoDB DEFAULT CHARSET=utf8mb4 COLLATE=utf8mb4_unicode_ci;

--
-- Dumping data for table `cities`
--

INSERT INTO `cities` (`id`, `title`, `gov_id`, `created_at`, `updated_at`) VALUES
(1, '15 May', 1, NULL, NULL),
(2, 'Al Azbakeyah', 1, NULL, NULL),
(3, 'Al Basatin', 1, NULL, NULL),
(4, 'Tebin', 1, NULL, NULL),
(5, 'El-Khalifa', 1, NULL, NULL),
(6, 'El darrasa', 1, NULL, NULL),
(7, 'Aldarb Alahmar', 1, NULL, NULL),
(8, 'Zawya al-Hamra', 1, NULL, NULL),
(9, 'El-Zaytoun', 1, NULL, NULL),
(10, 'Sahel', 1, NULL, NULL),
(11, 'El Salam', 1, NULL, NULL),
(12, 'Sayeda Zeinab', 1, NULL, NULL),
(13, 'El Sharabeya', 1, NULL, NULL),
(14, 'Shorouk', 1, NULL, NULL),
(15, 'El Daher', 1, NULL, NULL),
(16, 'Ataba', 1, NULL, NULL),
(17, 'New Cairo', 1, NULL, NULL),
(18, 'El Marg', 1, NULL, NULL),
(19, 'Ezbet el Nakhl', 1, NULL, NULL),
(20, 'Matareya', 1, NULL, NULL),
(21, 'Maadi', 1, NULL, NULL),
(22, 'Maasara', 1, NULL, NULL),
(23, 'Mokattam', 1, NULL, NULL),
(24, 'Manyal', 1, NULL, NULL),
(25, 'Mosky', 1, NULL, NULL),
(26, 'Nozha', 1, NULL, NULL),
(27, 'Waily', 1, NULL, NULL),
(28, 'Bab al-Shereia', 1, NULL, NULL),
(29, 'Bolaq', 1, NULL, NULL),
(30, 'Garden City', 1, NULL, NULL),
(31, 'Hadayek El-Kobba', 1, NULL, NULL),
(32, 'Helwan', 1, NULL, NULL),
(33, 'Dar Al Salam', 1, NULL, NULL),
(34, 'Shubra', 1, NULL, NULL),
(35, 'Tura', 1, NULL, NULL),
(36, 'Abdeen', 1, NULL, NULL),
(37, 'Abaseya', 1, NULL, NULL),
(38, 'Ain Shams', 1, NULL, NULL),
(39, 'Nasr City', 1, NULL, NULL),
(40, 'New Heliopolis', 1, NULL, NULL),
(41, 'Masr Al Qadima', 1, NULL, NULL),
(42, 'Mansheya Nasir', 1, NULL, NULL),
(43, 'Badr City', 1, NULL, NULL),
(44, 'Obour City', 1, NULL, NULL),
(45, 'Cairo Downtown', 1, NULL, NULL),
(46, 'Zamalek', 1, NULL, NULL),
(47, 'Kasr El Nile', 1, NULL, NULL),
(48, 'Rehab', 1, NULL, NULL),
(49, 'Katameya', 1, NULL, NULL),
(50, 'Madinty', 1, NULL, NULL),
(51, 'Rod Alfarag', 1, NULL, NULL),
(52, 'Sheraton', 1, NULL, NULL),
(53, 'El-Gamaleya', 1, NULL, NULL),
(54, '10th of Ramadan City', 1, NULL, NULL),
(55, 'Helmeyat Alzaytoun', 1, NULL, NULL),
(56, 'New Nozha', 1, NULL, NULL),
(57, 'Capital New', 1, NULL, NULL),
(58, 'Giza', 2, NULL, NULL),
(59, 'Sixth of October', 2, NULL, NULL),
(60, 'Cheikh Zayed', 2, NULL, NULL),
(61, 'Hawamdiyah', 2, NULL, NULL),
(62, 'Al Badrasheen', 2, NULL, NULL),
(63, 'Saf', 2, NULL, NULL),
(64, 'Atfih', 2, NULL, NULL),
(65, 'Al Ayat', 2, NULL, NULL),
(66, 'Al-Bawaiti', 2, NULL, NULL),
(67, 'ManshiyetAl Qanater', 2, NULL, NULL),
(68, 'Oaseem', 2, NULL, NULL),
(69, 'Kerdasa', 2, NULL, NULL),
(70, 'Abu Nomros', 2, NULL, NULL),
(71, 'Kafr Ghati', 2, NULL, NULL),
(72, 'Manshiyet Al Bakari', 2, NULL, NULL),
(73, 'Dokki', 2, NULL, NULL),
(74, 'Agouza', 2, NULL, NULL),
(75, 'Haram', 2, NULL, NULL),
(76, 'Warraq', 2, NULL, NULL),
(77, 'Imbaba', 2, NULL, NULL),
(78, 'Boulaq Dakrour', 2, NULL, NULL),
(79, 'Al Wahat Al Baharia', 2, NULL, NULL),
(80, 'Omraneya', 2, NULL, NULL),
(81, 'Moneeb', 2, NULL, NULL),
(82, 'Bin Alsarayat', 2, NULL, NULL),
(83, 'Kit Kat', 2, NULL, NULL),
(84, 'Mohandessin', 2, NULL, NULL),
(85, 'Faisal', 2, NULL, NULL),
(86, 'Abu Rawash', 2, NULL, NULL),
(87, 'Hadayek Alahram', 2, NULL, NULL),
(88, 'Haraneya', 2, NULL, NULL),
(89, 'Hadayek October', 2, NULL, NULL),
(90, 'Saft Allaban', 2, NULL, NULL),
(91, 'Smart Village', 2, NULL, NULL),
(92, 'Ard Ellwaa', 2, NULL, NULL),
(93, 'Abu Qir', 3, NULL, NULL),
(94, 'Al Ibrahimeyah', 3, NULL, NULL),
(95, 'Azarita', 3, NULL, NULL),
(96, 'Anfoushi', 3, NULL, NULL),
(97, 'Dekheila', 3, NULL, NULL),
(98, 'El Soyof', 3, NULL, NULL),
(99, 'Ameria', 3, NULL, NULL),
(100, 'El Labban', 3, NULL, NULL),
(101, 'Al Mafrouza', 3, NULL, NULL),
(102, 'El Montaza', 3, NULL, NULL),
(103, 'Mansheya', 3, NULL, NULL),
(104, 'Naseria', 3, NULL, NULL),
(105, 'Ambrozo', 3, NULL, NULL),
(106, 'Bab Sharq', 3, NULL, NULL),
(107, 'Bourj Alarab', 3, NULL, NULL),
(108, 'Stanley', 3, NULL, NULL),
(109, 'Smouha', 3, NULL, NULL),
(110, 'Sidi Bishr', 3, NULL, NULL),
(111, 'Shads', 3, NULL, NULL),
(112, 'Gheet Alenab', 3, NULL, NULL),
(113, 'Fleming', 3, NULL, NULL),
(114, 'Victoria', 3, NULL, NULL),
(115, 'Camp Shizar', 3, NULL, NULL),
(116, 'Karmooz', 3, NULL, NULL),
(117, 'Mahta Alraml', 3, NULL, NULL),
(118, 'Mina El-Basal', 3, NULL, NULL),
(119, 'Asafra', 3, NULL, NULL),
(120, 'Agamy', 3, NULL, NULL),
(121, 'Bakos', 3, NULL, NULL),
(122, 'Boulkly', 3, NULL, NULL),
(123, 'Cleopatra', 3, NULL, NULL),
(124, 'Glim', 3, NULL, NULL),
(125, 'Al Mamurah', 3, NULL, NULL),
(126, 'Al Mandara', 3, NULL, NULL),
(127, 'Moharam Bek', 3, NULL, NULL),
(128, 'Elshatby', 3, NULL, NULL),
(129, 'Sidi Gaber', 3, NULL, NULL),
(130, 'North Coast/sahel', 3, NULL, NULL),
(131, 'Alhadra', 3, NULL, NULL),
(132, 'Alattarin', 3, NULL, NULL),
(133, 'Sidi Kerir', 3, NULL, NULL),
(134, 'Elgomrok', 3, NULL, NULL),
(135, 'Al Max', 3, NULL, NULL),
(136, 'Marina', 3, NULL, NULL),
(137, 'Mansoura', 4, NULL, NULL),
(138, 'Talkha', 4, NULL, NULL),
(139, 'Mitt Ghamr', 4, NULL, NULL),
(140, 'Dekernes', 4, NULL, NULL),
(141, 'Aga', 4, NULL, NULL),
(142, 'Menia El Nasr', 4, NULL, NULL),
(143, 'Sinbillawin', 4, NULL, NULL),
(144, 'El Kurdi', 4, NULL, NULL),
(145, 'Bani Ubaid', 4, NULL, NULL),
(146, 'Al Manzala', 4, NULL, NULL),
(147, 'tami al`amdid', 4, NULL, NULL),
(148, 'aljamalia', 4, NULL, NULL),
(149, 'Sherbin', 4, NULL, NULL),
(150, 'Mataria', 4, NULL, NULL),
(151, 'Belqas', 4, NULL, NULL),
(152, 'Meet Salsil', 4, NULL, NULL),
(153, 'Gamasa', 4, NULL, NULL),
(154, 'Mahalat Damana', 4, NULL, NULL),
(155, 'Nabroh', 4, NULL, NULL),
(156, 'Hurghada', 5, NULL, NULL),
(157, 'Ras Ghareb', 5, NULL, NULL),
(158, 'Safaga', 5, NULL, NULL),
(159, 'El Qusiar', 5, NULL, NULL),
(160, 'Marsa Alam', 5, NULL, NULL),
(161, 'Shalatin', 5, NULL, NULL),
(162, 'Halaib', 5, NULL, NULL),
(163, 'Aldahar', 5, NULL, NULL),
(164, 'Damanhour', 6, NULL, NULL),
(165, 'Kafr El Dawar', 6, NULL, NULL),
(166, 'Rashid', 6, NULL, NULL),
(167, 'Edco', 6, NULL, NULL),
(168, 'Abu al-Matamir', 6, NULL, NULL),
(169, 'Abu Homs', 6, NULL, NULL),
(170, 'Delengat', 6, NULL, NULL),
(171, 'Mahmoudiyah', 6, NULL, NULL),
(172, 'Rahmaniyah', 6, NULL, NULL),
(173, 'Itai Baroud', 6, NULL, NULL),
(174, 'Housh Eissa', 6, NULL, NULL),
(175, 'Shubrakhit', 6, NULL, NULL),
(176, 'Kom Hamada', 6, NULL, NULL),
(177, 'Badr', 6, NULL, NULL),
(178, 'Wadi Natrun', 6, NULL, NULL),
(179, 'New Nubaria', 6, NULL, NULL),
(180, 'Alnoubareya', 6, NULL, NULL),
(181, 'Fayoum', 7, NULL, NULL),
(182, 'Fayoum El Gedida', 7, NULL, NULL),
(183, 'Tamiya', 7, NULL, NULL),
(184, 'Snores', 7, NULL, NULL),
(185, 'Etsa', 7, NULL, NULL),
(186, 'Epschway', 7, NULL, NULL),
(187, 'Yusuf El Sediaq', 7, NULL, NULL),
(188, 'Hadqa', 7, NULL, NULL),
(189, 'Atsa', 7, NULL, NULL),
(190, 'Algamaa', 7, NULL, NULL),
(191, 'Sayala', 7, NULL, NULL),
(192, 'Tanta', 8, NULL, NULL),
(193, 'Al Mahalla Al Kobra', 8, NULL, NULL),
(194, 'Kafr El Zayat', 8, NULL, NULL),
(195, 'Zefta', 8, NULL, NULL),
(196, 'El Santa', 8, NULL, NULL),
(197, 'Qutour', 8, NULL, NULL),
(198, 'Basion', 8, NULL, NULL),
(199, 'Samannoud', 8, NULL, NULL),
(200, 'Ismailia', 9, NULL, NULL),
(201, 'Fayed', 9, NULL, NULL),
(202, 'Qantara Sharq', 9, NULL, NULL),
(203, 'Qantara Gharb', 9, NULL, NULL),
(204, 'El Tal El Kabier', 9, NULL, NULL),
(205, 'Abu Sawir', 9, NULL, NULL),
(206, 'Kasasien El Gedida', 9, NULL, NULL),
(207, 'Nefesha', 9, NULL, NULL),
(208, 'Sheikh Zayed', 9, NULL, NULL),
(209, 'Shbeen El Koom', 10, NULL, NULL),
(210, 'Sadat City', 10, NULL, NULL),
(211, 'Menouf', 10, NULL, NULL),
(212, 'Sars El-Layan', 10, NULL, NULL),
(213, 'Ashmon', 10, NULL, NULL),
(214, 'Al Bagor', 10, NULL, NULL),
(215, 'Quesna', 10, NULL, NULL),
(216, 'Berkat El Saba', 10, NULL, NULL),
(217, 'Tala', 10, NULL, NULL),
(218, 'Al Shohada', 10, NULL, NULL),
(219, 'Minya', 11, NULL, NULL),
(220, 'Minya El Gedida', 11, NULL, NULL),
(221, 'El Adwa', 11, NULL, NULL),
(222, 'Magagha', 11, NULL, NULL),
(223, 'Bani Mazar', 11, NULL, NULL),
(224, 'Mattay', 11, NULL, NULL),
(225, 'Samalut', 11, NULL, NULL),
(226, 'Madinat El Fekria', 11, NULL, NULL),
(227, 'Meloy', 11, NULL, NULL),
(228, 'Deir Mawas', 11, NULL, NULL),
(229, 'Abu Qurqas', 11, NULL, NULL),
(230, 'Ard Sultan', 11, NULL, NULL),
(231, 'Banha', 12, NULL, NULL),
(232, 'Qalyub', 12, NULL, NULL),
(233, 'Shubra Al Khaimah', 12, NULL, NULL),
(234, 'Al Qanater Charity', 12, NULL, NULL),
(235, 'Khanka', 12, NULL, NULL),
(236, 'Kafr Shukr', 12, NULL, NULL),
(237, 'Tukh', 12, NULL, NULL),
(238, 'Qaha', 12, NULL, NULL),
(239, 'Obour', 12, NULL, NULL),
(240, 'Khosous', 12, NULL, NULL),
(241, 'Shibin Al Qanater', 12, NULL, NULL),
(242, 'Mostorod', 12, NULL, NULL),
(243, 'El Kharga', 13, NULL, NULL),
(244, 'Paris', 13, NULL, NULL),
(245, 'Mout', 13, NULL, NULL),
(246, 'Farafra', 13, NULL, NULL),
(247, 'Balat', 13, NULL, NULL),
(248, 'Dakhla', 13, NULL, NULL),
(249, 'Suez', 14, NULL, NULL),
(250, 'Alganayen', 14, NULL, NULL),
(251, 'Ataqah', 14, NULL, NULL),
(252, 'Ain Sokhna', 14, NULL, NULL),
(253, 'Faysal', 14, NULL, NULL),
(254, 'Aswan', 15, NULL, NULL),
(255, 'Aswan El Gedida', 15, NULL, NULL),
(256, 'Drau', 15, NULL, NULL),
(257, 'Kom Ombo', 15, NULL, NULL),
(258, 'Nasr Al Nuba', 15, NULL, NULL),
(259, 'Kalabsha', 15, NULL, NULL),
(260, 'Edfu', 15, NULL, NULL),
(261, 'Al-Radisiyah', 15, NULL, NULL),
(262, 'Al Basilia', 15, NULL, NULL),
(263, 'Al Sibaeia', 15, NULL, NULL),
(264, 'Abo Simbl Al Siyahia', 15, NULL, NULL),
(265, 'Marsa Alam', 15, NULL, NULL),
(266, 'Assiut', 16, NULL, NULL),
(267, 'Assiut El Gedida', 16, NULL, NULL),
(268, 'Dayrout', 16, NULL, NULL),
(269, 'Manfalut', 16, NULL, NULL),
(270, 'Qusiya', 16, NULL, NULL),
(271, 'Abnoub', 16, NULL, NULL),
(272, 'Abu Tig', 16, NULL, NULL),
(273, 'El Ghanaim', 16, NULL, NULL),
(274, 'Sahel Selim', 16, NULL, NULL),
(275, 'El Badari', 16, NULL, NULL),
(276, 'Sidfa', 16, NULL, NULL),
(277, 'Bani Sweif', 17, NULL, NULL),
(278, 'Beni Suef El Gedida', 17, NULL, NULL),
(279, 'Al Wasta', 17, NULL, NULL),
(280, 'Naser', 17, NULL, NULL),
(281, 'Ehnasia', 17, NULL, NULL),
(282, 'beba', 17, NULL, NULL),
(283, 'Fashn', 17, NULL, NULL),
(284, 'Somasta', 17, NULL, NULL),
(285, 'Alabbaseri', 17, NULL, NULL),
(286, 'Mokbel', 17, NULL, NULL),
(287, 'PorSaid', 18, NULL, NULL),
(288, 'Port Fouad', 18, NULL, NULL),
(289, 'Alarab', 18, NULL, NULL),
(290, 'Zohour', 18, NULL, NULL),
(291, 'Alsharq', 18, NULL, NULL),
(292, 'Aldawahi', 18, NULL, NULL),
(293, 'Almanakh', 18, NULL, NULL),
(294, 'Mubarak', 18, NULL, NULL),
(295, 'Damietta', 19, NULL, NULL),
(296, 'New Damietta', 19, NULL, NULL),
(297, 'Ras El Bar', 19, NULL, NULL),
(298, 'Faraskour', 19, NULL, NULL),
(299, 'Zarqa', 19, NULL, NULL),
(300, 'alsaru', 19, NULL, NULL),
(301, 'alruwda', 19, NULL, NULL),
(302, 'Kafr El-Batikh', 19, NULL, NULL),
(303, 'Azbet Al Burg', 19, NULL, NULL),
(304, 'Meet Abou Ghalib', 19, NULL, NULL),
(305, 'Kafr Saad', 19, NULL, NULL),
(306, 'Zagazig', 20, NULL, NULL),
(307, 'Al Ashr Men Ramadan', 20, NULL, NULL),
(308, 'Minya Al Qamh', 20, NULL, NULL),
(309, 'Belbeis', 20, NULL, NULL),
(310, 'Mashtoul El Souq', 20, NULL, NULL),
(311, 'Qenaiat', 20, NULL, NULL),
(312, 'Abu Hammad', 20, NULL, NULL),
(313, 'El Qurain', 20, NULL, NULL),
(314, 'Hehia', 20, NULL, NULL),
(315, 'Abu Kabir', 20, NULL, NULL),
(316, 'Faccus', 20, NULL, NULL),
(317, 'El Salihia El Gedida', 20, NULL, NULL),
(318, 'Al Ibrahimiyah', 20, NULL, NULL),
(319, 'Deirb Negm', 20, NULL, NULL),
(320, 'Kafr Saqr', 20, NULL, NULL),
(321, 'Awlad Saqr', 20, NULL, NULL),
(322, 'Husseiniya', 20, NULL, NULL),
(323, 'san alhajar alqablia', 20, NULL, NULL),
(324, 'Manshayat Abu Omar', 20, NULL, NULL),
(325, 'Al Toor', 21, NULL, NULL),
(326, 'Sharm El-Shaikh', 21, NULL, NULL),
(327, 'Dahab', 21, NULL, NULL),
(328, 'Nuweiba', 21, NULL, NULL),
(329, 'Taba', 21, NULL, NULL),
(330, 'Saint Catherine', 21, NULL, NULL),
(331, 'Abu Redis', 21, NULL, NULL),
(332, 'Abu Zenaima', 21, NULL, NULL),
(333, 'Ras Sidr', 21, NULL, NULL),
(334, 'Kafr El Sheikh', 22, NULL, NULL),
(335, 'Kafr El Sheikh Downtown', 22, NULL, NULL),
(336, 'Desouq', 22, NULL, NULL),
(337, 'Fooh', 22, NULL, NULL),
(338, 'Metobas', 22, NULL, NULL),
(339, 'Burg Al Burullus', 22, NULL, NULL),
(340, 'Baltim', 22, NULL, NULL),
(341, 'Masief Baltim', 22, NULL, NULL),
(342, 'Hamol', 22, NULL, NULL),
(343, 'Bella', 22, NULL, NULL),
(344, 'Riyadh', 22, NULL, NULL),
(345, 'Sidi Salm', 22, NULL, NULL),
(346, 'Qellen', 22, NULL, NULL),
(347, 'Sidi Ghazi', 22, NULL, NULL),
(348, 'Marsa Matrouh', 23, NULL, NULL),
(349, 'El Hamam', 23, NULL, NULL),
(350, 'Alamein', 23, NULL, NULL),
(351, 'Dabaa', 23, NULL, NULL),
(352, 'Al-Nagila', 23, NULL, NULL),
(353, 'Sidi Brani', 23, NULL, NULL),
(354, 'Salloum', 23, NULL, NULL),
(355, 'Siwa', 23, NULL, NULL),
(356, 'Marina', 23, NULL, NULL),
(357, 'North Coast', 23, NULL, NULL),
(358, 'Luxor', 24, NULL, NULL),
(359, 'New Luxor', 24, NULL, NULL),
(360, 'Esna', 24, NULL, NULL),
(361, 'New Tiba', 24, NULL, NULL),
(362, 'Al ziynia', 24, NULL, NULL),
(363, 'Al Bayadieh', 24, NULL, NULL),
(364, 'Al Qarna', 24, NULL, NULL),
(365, 'Armant', 24, NULL, NULL),
(366, 'Al Tud', 24, NULL, NULL),
(367, 'Qena', 25, NULL, NULL),
(368, 'New Qena', 25, NULL, NULL),
(369, 'Abu Tesht', 25, NULL, NULL),
(370, 'Nag Hammadi', 25, NULL, NULL),
(371, 'Deshna', 25, NULL, NULL),
(372, 'Alwaqf', 25, NULL, NULL),
(373, 'Qaft', 25, NULL, NULL),
(374, 'Naqada', 25, NULL, NULL),
(375, 'Farshout', 25, NULL, NULL),
(376, 'Quos', 25, NULL, NULL),
(377, 'Arish', 26, NULL, NULL),
(378, 'Sheikh Zowaid', 26, NULL, NULL),
(379, 'Nakhl', 26, NULL, NULL),
(380, 'Rafah', 26, NULL, NULL),
(381, 'Bir al-Abed', 26, NULL, NULL),
(382, 'Al Hasana', 26, NULL, NULL),
(383, 'Sohag', 27, NULL, NULL),
(384, 'Sohag El Gedida', 27, NULL, NULL),
(385, 'Akhmeem', 27, NULL, NULL),
(386, 'Akhmim El Gedida', 27, NULL, NULL),
(387, 'Albalina', 27, NULL, NULL),
(388, 'El Maragha', 27, NULL, NULL),
(389, 'almunsha`a', 27, NULL, NULL),
(390, 'Dar AISalaam', 27, NULL, NULL),
(391, 'Gerga', 27, NULL, NULL),
(392, 'Jahina Al Gharbia', 27, NULL, NULL),
(393, 'Saqilatuh', 27, NULL, NULL),
(394, 'Tama', 27, NULL, NULL),
(395, 'Tahta', 27, NULL, NULL),
(396, 'Alkawthar', 27, NULL, NULL);

-- --------------------------------------------------------

--
-- Table structure for table `clients`
--

CREATE TABLE `clients` (
  `id` bigint(20) UNSIGNED NOT NULL,
  `name` varchar(255) COLLATE utf8mb4_unicode_ci DEFAULT NULL,
  `phone` varchar(255) COLLATE utf8mb4_unicode_ci DEFAULT NULL,
  `email` varchar(255) COLLATE utf8mb4_unicode_ci DEFAULT NULL,
  `gender` enum('male','female') COLLATE utf8mb4_unicode_ci DEFAULT NULL,
  `gov_id` bigint(20) UNSIGNED DEFAULT NULL,
  `city_id` bigint(20) UNSIGNED DEFAULT NULL,
  `ref_id` bigint(20) UNSIGNED DEFAULT NULL COMMENT 'المرجعى',
  `family_size` int(11) DEFAULT 0,
  `created_at` timestamp NULL DEFAULT NULL,
  `updated_at` timestamp NULL DEFAULT NULL
) ENGINE=InnoDB DEFAULT CHARSET=utf8mb4 COLLATE=utf8mb4_unicode_ci;

--
-- Dumping data for table `clients`
--

INSERT INTO `clients` (`id`, `name`, `phone`, `email`, `gender`, `gov_id`, `city_id`, `ref_id`, `family_size`, `created_at`, `updated_at`) VALUES
(2, 'Mona Lang', '19911516405', 'dateqy@mailinator.com', 'male', 5, 163, 2, 55, '2022-02-19 09:31:20', '2022-02-19 09:31:20'),
(3, 'Jocelyn Branch', '15993644146', 'vixebez@mailinator.com', 'female', 9, 201, 6, 69, '2022-02-19 11:26:33', '2022-02-19 11:26:33'),
(5, 'Palmer Love', '14698129106', 'monu@mailinator.com', 'female', 16, 270, 2, 6, '2022-02-20 05:30:31', '2022-02-20 05:30:31'),
(6, 'Coby Delacruz', '19824662373', 'rykikem@mailinator.com', 'male', 27, 388, 6, 30, '2022-02-20 06:53:38', '2022-02-20 06:53:38'),
(7, 'Indigo Mann', '12146058231', 'wate@mailinator.com', 'female', 17, 277, NULL, 97, '2022-02-20 07:11:39', '2022-02-20 07:11:39'),
(8, 'Macy Decker', '19123139835', 'fosyr@mailinator.com', 'male', 12, 231, NULL, 98, '2022-02-20 08:22:05', '2022-02-20 08:22:05'),
(9, 'Malcolm Keller', '17611859068', 'vazejuny@mailinator.com', 'male', 19, 303, NULL, 68, '2022-02-20 08:46:25', '2022-02-20 08:46:25'),
(10, 'Arsenio Anderson', '19926794799', 'qyvipesy@mailinator.com', 'female', 1, 30, NULL, 69, '2022-02-20 09:55:04', '2022-02-20 09:55:04'),
(11, 'Zeph Strickland', '17016362782', 'fazafydal@mailinator.com', 'female', 27, 396, NULL, 22, '2022-02-20 09:56:46', '2022-02-20 09:56:46'),
(12, 'McKenzie Wiley', '15945124908', 'xapatyro@mailinator.com', 'female', 8, 196, NULL, 75, '2022-02-20 10:00:51', '2022-02-20 10:00:51'),
(13, 'Katelyn Blackwell', '14857059945', 'weqago@mailinator.com', 'male', 15, 256, NULL, 7, '2022-02-20 10:35:54', '2022-02-20 10:35:54'),
(14, 'Medge Petty', '14362734581', 'sihykany@mailinator.com', 'male', 10, 217, NULL, 0, '2022-02-20 11:30:25', '2022-02-20 11:30:25'),
(15, 'Lacey Everett', '18845424725', 'joxavat@mailinator.com', 'female', 24, 365, NULL, 1, '2022-02-20 11:37:57', '2022-02-20 11:37:57'),
(16, 'Kaseem Gonzales', '16346629043', 'bovezulywe@mailinator.com', 'female', 15, 264, NULL, 43, '2022-02-20 11:57:41', '2022-02-20 11:57:41'),
(17, 'Bert Tate', '15117789403', 'mamefolovo@mailinator.com', 'male', 12, 238, NULL, 56, '2022-02-21 05:11:20', '2022-02-21 05:11:20'),
(18, 'Cole Holman', '12497483008', 'cicytajo@mailinator.com', 'female', 15, 257, NULL, 50, '2022-02-21 05:37:06', '2022-02-21 05:37:06'),
(19, 'Linus Johns', '18849536169', 'rulil@mailinator.com', 'female', 20, 319, NULL, 24, '2022-02-21 05:43:14', '2022-02-21 05:43:14'),
(20, 'Isaac Holman', '14853142641', 'fyqu@mailinator.com', 'female', 5, 158, NULL, 57, '2022-02-21 05:46:09', '2022-02-21 05:46:09'),
(21, 'Camille Preston', '15274319629', 'pegada@mailinator.com', 'female', 13, 243, NULL, 54, '2022-02-21 05:49:48', '2022-02-21 05:49:48'),
(22, 'Nina Gilmore', '11152728052', 'lepuv@mailinator.com', 'female', 4, 140, NULL, 89, '2022-02-21 06:36:55', '2022-02-21 06:36:55'),
(23, 'Devin Roberts', '11122676967', 'cocy@mailinator.com', 'female', 10, 211, NULL, 74, '2022-02-21 07:01:11', '2022-02-21 07:01:11'),
(24, 'Trevor Blackburn', '15834362507', 'lovugyj@mailinator.com', 'male', 13, 247, NULL, 44, '2022-02-21 07:03:11', '2022-02-21 07:03:11'),
(25, 'Guy Holt', '16935767516', 'posyhyfuhu@mailinator.com', 'female', 26, 378, NULL, 5, '2022-02-21 07:04:50', '2022-02-21 07:04:50'),
(26, 'Hadley Hudson', '01098380656', 'qifuqura@mailinator.com', 'female', 13, 248, NULL, 1, '2022-02-21 07:05:54', '2022-02-21 07:05:54'),
(28, 'Melissa Myers', '19774052273', 'kehuqyn@mailinator.com', NULL, NULL, NULL, NULL, NULL, '2022-02-21 12:44:42', '2022-02-21 12:44:42'),
(29, 'Brady Watts', '13532284937', 'puvylo@mailinator.com', 'male', 23, 355, 2, 36, '2022-02-27 08:54:00', '2022-02-27 08:54:00'),
(30, 'Kiayada Medina', '13963255128', 'dubiticyh@mailinator.com', 'male', 10, 217, 2, 68, '2022-02-27 09:19:55', '2022-02-27 09:19:55'),
(31, 'Veda Cameron', '13116856486', 'maxe@mailinator.com', 'female', 16, 268, 4, 76, '2022-03-02 07:40:03', '2022-03-02 07:40:03'),
(32, 'Armando Jacobson', '18419565674', 'caqam@mailinator.com', 'female', 18, 287, 6, 9, '2022-03-02 08:09:44', '2022-03-02 08:09:44'),
(33, 'Katelyn Hernandez', '01069099099', 'fujelewa@mailinator.com', 'male', 1, 22, 2, 98, '2022-03-02 09:09:12', '2022-03-02 09:09:12'),
(34, 'Reagan Key', '01004834728', 'gisiv@mailinator.com', 'female', 18, 288, 4, 98, '2022-03-02 09:12:10', '2022-03-02 09:12:10'),
(35, 'Colt Moss', '14756832641', 'zycoj@mailinator.com', 'female', 19, 299, 6, 39, '2022-03-02 14:37:38', '2022-03-02 14:37:38'),
(36, 'Cheyenne Kirk', '12213276638', 'fagy@mailinator.com', 'female', 25, 371, 6, 33, '2022-03-09 11:26:44', '2022-03-09 11:26:44'),
(37, 'محمد جمال', '010123456789', 'mohamed@yahoo.com', 'male', 10, 209, 6, 6, '2022-03-19 10:45:20', '2022-03-19 10:45:20'),
(38, 'Steel Joyner', '01020304050', 'wily@mailinator.com', 'female', 7, 189, 6, 9, '2022-03-19 11:54:03', '2022-03-19 11:54:03'),
(39, 'محمد محمود', '01095295335', 'mahmah100@gmail.com', 'male', 9, 202, 4, 3, '2022-03-20 07:28:48', '2022-03-20 07:28:48'),
(40, 'Carter Sweet', '010965544558', 'rixy@mailinator.com', 'female', 15, 261, 6, 23, '2022-03-20 08:55:55', '2022-03-20 08:55:55'),
(41, 'Quynn Norman', '011221121254', 'gysifo@mailinator.com', 'female', 22, 341, 4, 17, '2022-03-30 07:34:27', '2022-03-20 09:59:58'),
(42, 'Edward Camacho', '12836326165', 'sidiwe@mailinator.com', 'female', 3, 123, 2, 64, '2022-03-30 07:34:27', '2022-03-27 07:34:27'),
(43, 'Carolyn Reilly', '11764871451', 'hotanynu@mailinator.com', 'male', 2, 60, 4, 52, '2022-03-31 07:42:17', '2022-03-31 07:42:17'),
(44, 'Akram Mustafa', '01098214514', 'ak@yahoo.com', 'male', 7, 185, 4, 2, '2022-04-06 06:07:02', '2022-04-06 06:07:02'),
(45, 'Olympia Cobb', '11237973464', 'vuvunutow@mailinator.com', 'male', 27, 388, 4, 65, '2022-04-06 07:17:43', '2022-04-06 07:17:43'),
(46, 'Shannon Summers', '16896516321', 'fimasu@mailinator.com', 'male', 25, 369, 2, 76, '2022-04-06 07:19:15', '2022-04-06 07:19:15'),
(47, 'Callum Ashley', '11651995155', 'gesuwy@mailinator.com', 'male', 24, 366, 4, 89, '2022-04-06 07:32:42', '2022-04-06 07:32:42'),
(48, 'Austin Whitney', '12157715107', 'wequfy@mailinator.com', 'female', 12, 240, 2, 92, '2022-04-06 22:40:13', '2022-04-06 22:40:13'),
(49, 'Ishmael Alston', '19174721501', 'haxyje@mailinator.com', 'male', 24, 361, 6, 13, '2022-04-07 10:15:06', '2022-04-07 10:15:06'),
(50, 'Logan English', '16331294427', 'sadeqanik@mailinator.com', 'male', 25, 373, 2, 11, '2022-04-07 19:20:06', '2022-04-07 19:20:06'),
(51, 'Ahmed Yahya', '17127268691', 'ahmedtarekya100@gmail.com', 'female', 1, 34, 6, 32, '2022-04-07 20:47:34', '2022-04-07 20:47:34'),
(52, 'Stone Norman', '18714471826', 'nobe@mailinator.com', 'male', 14, 250, 6, 55, '2022-04-07 22:26:10', '2022-04-07 22:26:10'),
(53, 'Kylee Fischer', '19762845541', 'cyme@mailinator.com', 'female', 20, 322, 2, 42, '2022-04-07 23:00:26', '2022-04-07 23:00:26'),
(54, 'Nyssa Moody', '11534734073', 'myzive@mailinator.com', 'female', 7, 181, 4, 47, '2022-04-13 04:54:46', '2022-04-13 04:54:46'),
(55, 'Luke Wilson', '14939232887', 'tydad@mailinator.com', 'male', 19, 300, 4, 0, '2022-04-21 09:34:34', '2022-04-21 09:34:34'),
(56, 'Raya Downs', '19075348022', 'quvewak@mailinator.com', 'male', 8, 197, 2, 14, '2022-04-24 08:03:46', '2022-04-24 08:03:46'),
(57, 'Shay Gregory', '19326089699', 'fyminojocu@mailinator.com', 'male', 14, 253, 6, 70, '2022-04-24 09:29:40', '2022-04-24 09:29:40'),
(58, 'Suki Bolton', '15772763106', 'wukudo@mailinator.com', 'male', 9, 208, 6, 72, '2022-04-24 09:36:07', '2022-04-24 09:36:07');

-- --------------------------------------------------------

--
-- Table structure for table `contact_us`
--

CREATE TABLE `contact_us` (
  `id` bigint(20) UNSIGNED NOT NULL,
  `first_name` varchar(255) COLLATE utf8mb4_unicode_ci NOT NULL,
  `last_name` varchar(255) COLLATE utf8mb4_unicode_ci NOT NULL,
  `phone` varchar(255) COLLATE utf8mb4_unicode_ci NOT NULL,
  `email` varchar(255) COLLATE utf8mb4_unicode_ci NOT NULL,
  `status` enum('0','1') COLLATE utf8mb4_unicode_ci DEFAULT '0',
  `message` text COLLATE utf8mb4_unicode_ci NOT NULL,
  `created_at` timestamp NULL DEFAULT NULL,
  `updated_at` timestamp NULL DEFAULT NULL
) ENGINE=InnoDB DEFAULT CHARSET=utf8mb4 COLLATE=utf8mb4_unicode_ci;

--
-- Dumping data for table `contact_us`
--

INSERT INTO `contact_us` (`id`, `first_name`, `last_name`, `phone`, `email`, `status`, `message`, `created_at`, `updated_at`) VALUES
(3, 'Moahmed', 'Ashry', '01098484752', 'mohamed@gmail.com', '1', 'Hey I want to reserve', '2022-02-27 12:11:23', '2022-02-28 13:22:31'),
(4, 'Moahmed', 'Ashry', '01098484752', 'mohamed@gmail.com', '1', 'Hey I want to reserve', '2022-02-27 12:11:23', '2022-02-28 13:20:33'),
(5, 'Moahmed', 'Ashry', '01098484752', 'mohamed@gmail.com', '1', 'Hey I want to reserve', '2022-02-27 12:11:23', '2022-02-28 13:16:55'),
(6, 'Moahmed', 'Ashry', '01098484752', 'mohamed@gmail.com', '1', 'Hey I want to reserve', '2022-02-27 12:11:23', '2022-02-28 12:54:54'),
(7, 'Moahmed', 'Ashry', '01098484752', 'mohamed@gmail.com', '1', 'Hey I want to reserve', '2022-02-27 12:11:23', '2022-03-05 14:17:20'),
(8, 'Moahmed', 'Ashry', '01098484752', 'mohamed@gmail.com', '1', 'Hey I want to reserve', '2022-02-27 12:11:23', '2022-03-05 14:17:26'),
(10, 'ALi', 'Mohamed', '01098484752', 'mohamed@gmail.com', '1', 'Hey I want to reserve', '2022-03-05 12:10:23', '2022-03-05 14:51:31'),
(11, 'Ahmed', 'Yahya', '01098522145', 'ahmed@gmail.com', '1', 'Hey What is the phone to call you plz answer me as Hey What is the phone to call you plz answer me as soon as possibleHey What is the phone to call you plz answer me as soon as possible soon as possible', '2022-03-05 12:11:23', '2022-03-09 12:10:06'),
(13, 'Ahmed', 'Yahya', '01098380656', 'ahmedtarekya100@gmail.com', '0', 'heeeeeeeeeey', '2022-03-06 05:08:01', '2022-03-06 05:08:01'),
(14, 'Angela', 'Payne', '89', 'vupa@mailinator.com', '0', 'Quis perferendis nob', '2022-03-06 05:09:20', '2022-03-06 05:09:20'),
(15, 'Jade', 'Jacobson', '92', 'qikonipadu@mailinator.com', '0', 'Laboriosam aute rat', '2022-03-06 05:18:08', '2022-03-06 05:18:08'),
(16, 'محمود', 'الكومي', '01098784512', 'elkomy@gmail.com', '0', 'tesssssssssssst', '2022-03-06 05:24:50', '2022-03-06 05:24:50'),
(17, 'Fleur', 'Cruz', '13', 'wiji@mailinator.com', '0', 'Inventore Nam sunt i', '2022-03-06 05:26:05', '2022-03-06 05:26:05'),
(18, 'Madison', 'Haney', '32', 'mube@mailinator.com', '0', 'Saepe voluptatibus a', '2022-03-06 05:28:00', '2022-03-06 05:28:00'),
(19, 'Keelie', 'Franco', '28', 'howuzumuj@mailinator.com', '0', 'Aperiam quisquam lab', '2022-03-31 12:52:16', '2022-03-31 12:52:16');

-- --------------------------------------------------------

--
-- Table structure for table `discount_reasons`
--

CREATE TABLE `discount_reasons` (
  `id` bigint(20) UNSIGNED NOT NULL,
  `desc` text COLLATE utf8mb4_unicode_ci NOT NULL,
  `created_at` timestamp NULL DEFAULT NULL,
  `updated_at` timestamp NULL DEFAULT NULL
) ENGINE=InnoDB DEFAULT CHARSET=utf8mb4 COLLATE=utf8mb4_unicode_ci;

--
-- Dumping data for table `discount_reasons`
--

INSERT INTO `discount_reasons` (`id`, `desc`, `created_at`, `updated_at`) VALUES
(1, 'Staff Member', '2022-04-24 08:57:16', '2022-04-24 08:57:16'),
(2, 'Discount Day', '2022-04-24 08:58:27', '2022-04-24 08:58:27'),
(3, 'Others', '2022-04-24 08:58:38', '2022-04-24 09:00:39');

-- --------------------------------------------------------

--
-- Table structure for table `events`
--

CREATE TABLE `events` (
  `id` bigint(20) UNSIGNED NOT NULL,
  `title` varchar(500) COLLATE utf8mb4_unicode_ci DEFAULT NULL,
  `icon` varchar(500) COLLATE utf8mb4_unicode_ci DEFAULT NULL,
  `created_at` timestamp NULL DEFAULT NULL,
  `updated_at` timestamp NULL DEFAULT NULL
) ENGINE=InnoDB DEFAULT CHARSET=utf8mb4 COLLATE=utf8mb4_unicode_ci;

--
-- Dumping data for table `events`
--

INSERT INTO `events` (`id`, `title`, `icon`, `created_at`, `updated_at`) VALUES
(1, 'Birthday', 'fas fa-birthday-cake', NULL, NULL),
(2, 'Corporate', 'fas fa-city', NULL, NULL),
(3, 'Event', 'fas fa-fire-alt', NULL, NULL),
(4, 'School', 'fad fa-bus-school', NULL, NULL);

-- --------------------------------------------------------

--
-- Table structure for table `failed_jobs`
--

CREATE TABLE `failed_jobs` (
  `id` bigint(20) UNSIGNED NOT NULL,
  `connection` text COLLATE utf8mb4_unicode_ci NOT NULL,
  `queue` text COLLATE utf8mb4_unicode_ci NOT NULL,
  `payload` longtext COLLATE utf8mb4_unicode_ci NOT NULL,
  `exception` longtext COLLATE utf8mb4_unicode_ci NOT NULL,
  `failed_at` timestamp NOT NULL DEFAULT current_timestamp()
) ENGINE=InnoDB DEFAULT CHARSET=utf8mb4 COLLATE=utf8mb4_unicode_ci;

-- --------------------------------------------------------

--
-- Table structure for table `general_settings`
--

CREATE TABLE `general_settings` (
  `id` bigint(20) UNSIGNED NOT NULL,
  `capacity` bigint(20) DEFAULT 1250,
  `logo` varchar(500) COLLATE utf8mb4_unicode_ci DEFAULT NULL,
  `title` varchar(500) COLLATE utf8mb4_unicode_ci DEFAULT NULL,
  `rev_tax` int(20) NOT NULL DEFAULT 0,
  `family_tax` int(20) NOT NULL DEFAULT 0,
  `terms` text COLLATE utf8mb4_unicode_ci NOT NULL,
  `about` text COLLATE utf8mb4_unicode_ci NOT NULL,
  `address` text COLLATE utf8mb4_unicode_ci NOT NULL,
  `phone` varchar(255) COLLATE utf8mb4_unicode_ci DEFAULT NULL,
  `Team_phone` varchar(255) COLLATE utf8mb4_unicode_ci DEFAULT NULL,
  `group_organization_phone` varchar(255) COLLATE utf8mb4_unicode_ci DEFAULT NULL,
  `info_email` varchar(255) COLLATE utf8mb4_unicode_ci DEFAULT NULL,
  `sales_email` varchar(255) COLLATE utf8mb4_unicode_ci DEFAULT NULL,
  `twitter` varchar(255) COLLATE utf8mb4_unicode_ci DEFAULT NULL,
  `facebook` varchar(255) COLLATE utf8mb4_unicode_ci DEFAULT NULL,
  `instagram` varchar(255) COLLATE utf8mb4_unicode_ci DEFAULT NULL,
  `snap` varchar(255) COLLATE utf8mb4_unicode_ci DEFAULT NULL,
  `created_at` timestamp NULL DEFAULT NULL,
  `updated_at` timestamp NULL DEFAULT NULL
) ENGINE=InnoDB DEFAULT CHARSET=utf8mb4 COLLATE=utf8mb4_unicode_ci;

--
-- Dumping data for table `general_settings`
--

INSERT INTO `general_settings` (`id`, `capacity`, `logo`, `title`, `rev_tax`, `family_tax`, `terms`, `about`, `address`, `phone`, `Team_phone`, `group_organization_phone`, `info_email`, `sales_email`, `twitter`, `facebook`, `instagram`, `snap`, `created_at`, `updated_at`) VALUES
(1, 1250, 'assets/uploads/46121646213984.png', 'Sky Park', 14, 14, 'At Sky Park, your courage will be put to test. Nothing can satisfy your lust for adventure as a set of professional obstacle courses elevated on three levels. and the higher up you go, the more challenging it will get. So, take a deep breath and set your sails towards Sky Park to prove yourself the ultimate champ.\r\n\r\nObstacle courses are established on four levels, Junior, Novice, Intermediate, and Expert. Each path goes another level higher than the one before and features some more challenging obstacles. No, we didn’t forget about our little ones. Children up to 5 years old have their own special route with obstacles tailored to match their age. Once you succeed to complete your mission and reach the finish line, your lips won’t refrain from keeping a smile on hold for the next couple of days.', 'At Sky Park, your courage will be put to test. Nothing can satisfy your lust for adventure as a set of professional obstacle courses elevated on three levels. and the higher up you go, the more challenging it will get. So, take a deep breath and set your sails towards Sky Park to prove yourself the ultimate champ.\r\n\r\nObstacle courses are established on four levels, Junior, Novice, Intermediate, and Expert. Each path goes another level higher than the one before and features some more challenging obstacles. No, we didn’t forget about our little ones. Children up to 5 years old have their own special route with obstacles tailored to match their age. Once you succeed to complete your mission and reach the finish line, your lips won’t refrain from keeping a smile on hold for the next couple of days.', 'Westown hub،, Beverly Hills,Al-Sheikh Zayed, Giza Governorate', '01223303786', '(+20) 105-080-9110', '(+20) 1061844465', 'info@skypark.fun', 'sales@skypark.fun', 'https://www.twitter.com', 'https://www.facebook.com', 'https://www.instagram.com', 'https://www.snap.com', NULL, '2022-03-13 06:52:17');

-- --------------------------------------------------------

--
-- Table structure for table `governorates`
--

CREATE TABLE `governorates` (
  `id` bigint(20) UNSIGNED NOT NULL,
  `title` varchar(255) COLLATE utf8mb4_unicode_ci DEFAULT NULL,
  `created_at` timestamp NULL DEFAULT NULL,
  `updated_at` timestamp NULL DEFAULT NULL
) ENGINE=InnoDB DEFAULT CHARSET=utf8mb4 COLLATE=utf8mb4_unicode_ci;

--
-- Dumping data for table `governorates`
--

INSERT INTO `governorates` (`id`, `title`, `created_at`, `updated_at`) VALUES
(1, 'Cairo', NULL, NULL),
(2, 'Giza', NULL, NULL),
(3, 'Alexandria', NULL, NULL),
(4, 'Dakahlia', NULL, NULL),
(5, 'Red Sea', NULL, NULL),
(6, 'Beheira', NULL, NULL),
(7, 'Fayoum', NULL, NULL),
(8, 'Gharbiya', NULL, NULL),
(9, 'Ismailia', NULL, NULL),
(10, 'Menofia', NULL, NULL),
(11, 'Minya', NULL, NULL),
(12, 'Qaliubiya', NULL, NULL),
(13, 'New Valley', NULL, NULL),
(14, 'Suez', NULL, NULL),
(15, 'Aswan', NULL, NULL),
(16, 'Assiut', NULL, NULL),
(17, 'Beni Suef', NULL, NULL),
(18, 'Port Said', NULL, NULL),
(19, 'Damietta', NULL, NULL),
(20, 'Sharkia', NULL, NULL),
(21, 'South Sinai', NULL, NULL),
(22, 'Kafr Al sheikh', NULL, NULL),
(23, 'Matrouh', NULL, NULL),
(24, 'Luxor', NULL, NULL),
(25, 'Qena', NULL, NULL),
(26, 'North Sinai', NULL, NULL),
(27, 'Sohag', NULL, NULL);

-- --------------------------------------------------------

--
-- Table structure for table `migrations`
--

CREATE TABLE `migrations` (
  `id` int(10) UNSIGNED NOT NULL,
  `migration` varchar(255) COLLATE utf8mb4_unicode_ci NOT NULL,
  `batch` int(11) NOT NULL
) ENGINE=InnoDB DEFAULT CHARSET=utf8mb4 COLLATE=utf8mb4_unicode_ci;

--
-- Dumping data for table `migrations`
--

INSERT INTO `migrations` (`id`, `migration`, `batch`) VALUES
(1, '2014_10_12_000000_create_users_table', 1),
(2, '2014_10_12_100000_create_password_resets_table', 1),
(3, '2019_08_19_000000_create_failed_jobs_table', 1),
(4, '2022_02_08_002355_create_events_table', 1),
(5, '2022_02_08_002355_create_governorates_table', 1),
(6, '2022_02_08_002438_create_cities_table', 1),
(7, '2022_02_08_003500_create_references_table', 1),
(8, '2022_02_08_092008_create_clients_table', 1),
(9, '2022_02_08_092027_create_shifts_table', 1),
(10, '2022_02_08_092047_create_visitor_types_table', 1),
(11, '2022_02_08_092048_create_shift_details_table', 1),
(13, '2022_02_08_092146_create_capacity_days_table', 1),
(14, '2022_02_08_092501_create_categories_table', 1),
(15, '2022_02_08_092518_create_products_table', 1),
(16, '2022_02_08_092549_create_reservations_table', 1),
(17, '2022_02_08_092549_create_tickets_table', 1),
(18, '2022_02_08_092627_create_ticket_rev_models_table', 1),
(19, '2022_02_08_092703_create_ticket_rev_products_table', 1),
(20, '2022_02_08_092807_create_payments_table', 1),
(21, '2022_02_12_144804_create_reservations_birth_day_infos_table', 2),
(22, '2022_02_19_105744_create_bracelets_table', 3),
(23, '2022_02_21_124447_create_admins_table', 4),
(24, '2022_02_26_081727_create_sliders_table', 5),
(26, '2022_02_26_100016_create_about_us_table', 6),
(28, '2022_02_08_092110_create_general_settings_table', 8),
(29, '2022_02_28_110557_create_activities_table', 9),
(30, '2022_02_28_115540_create_offers_table', 10),
(31, '2022_02_28_115630_create_offer_items_table', 11),
(32, '2022_02_26_123254_create_contact_us_table', 12),
(33, '2022_04_02_125137_create_permission_tables', 13),
(34, '2022_04_24_101946_create_discount_reasons_table', 14),
(35, '2022_04_24_103645_create_discount_reasons_table', 15);

-- --------------------------------------------------------

--
-- Table structure for table `model_has_permissions`
--

CREATE TABLE `model_has_permissions` (
  `permission_id` bigint(20) UNSIGNED NOT NULL,
  `model_type` varchar(255) COLLATE utf8mb4_unicode_ci NOT NULL,
  `model_id` bigint(20) UNSIGNED NOT NULL
) ENGINE=InnoDB DEFAULT CHARSET=utf8mb4 COLLATE=utf8mb4_unicode_ci;

-- --------------------------------------------------------

--
-- Table structure for table `model_has_roles`
--

CREATE TABLE `model_has_roles` (
  `role_id` bigint(20) UNSIGNED NOT NULL,
  `model_type` varchar(255) COLLATE utf8mb4_unicode_ci NOT NULL,
  `model_id` bigint(20) UNSIGNED NOT NULL
) ENGINE=InnoDB DEFAULT CHARSET=utf8mb4 COLLATE=utf8mb4_unicode_ci;

--
-- Dumping data for table `model_has_roles`
--

INSERT INTO `model_has_roles` (`role_id`, `model_type`, `model_id`) VALUES
(1, 'App\\Models\\User', 4),
(1, 'App\\Models\\User', 7),
(1, 'App\\Models\\User', 8);

-- --------------------------------------------------------

--
-- Table structure for table `offers`
--

CREATE TABLE `offers` (
  `id` bigint(20) UNSIGNED NOT NULL,
  `title` varchar(255) COLLATE utf8mb4_unicode_ci NOT NULL,
  `created_at` timestamp NULL DEFAULT NULL,
  `updated_at` timestamp NULL DEFAULT NULL
) ENGINE=InnoDB DEFAULT CHARSET=utf8mb4 COLLATE=utf8mb4_unicode_ci;

--
-- Dumping data for table `offers`
--

INSERT INTO `offers` (`id`, `title`, `created_at`, `updated_at`) VALUES
(1, 'Courses', '2022-02-28 11:03:47', '2022-02-28 11:03:47'),
(2, 'Snacks', '2022-02-28 11:04:51', '2022-02-28 11:05:24'),
(4, 'EVENTS', '2022-02-28 11:32:49', '2022-02-28 11:32:49');

-- --------------------------------------------------------

--
-- Table structure for table `offer_items`
--

CREATE TABLE `offer_items` (
  `id` bigint(20) UNSIGNED NOT NULL,
  `title` varchar(255) COLLATE utf8mb4_unicode_ci NOT NULL,
  `photo` varchar(255) COLLATE utf8mb4_unicode_ci NOT NULL,
  `desc` text COLLATE utf8mb4_unicode_ci NOT NULL,
  `offer_id` bigint(20) UNSIGNED DEFAULT NULL,
  `created_at` timestamp NULL DEFAULT NULL,
  `updated_at` timestamp NULL DEFAULT NULL
) ENGINE=InnoDB DEFAULT CHARSET=utf8mb4 COLLATE=utf8mb4_unicode_ci;

--
-- Dumping data for table `offer_items`
--

INSERT INTO `offer_items` (`id`, `title`, `photo`, `desc`, `offer_id`, `created_at`, `updated_at`) VALUES
(1, 'JUNIOR', 'assets/uploads/offers_items/95801646047407.jpeg', 'Who said adventure is only for adults?! Adventure is more important for juniors now more than ever, and that is all to help them disconnect from the world of technology and reunite with their playful exploratory nature. Obstacle courses specifically have their way of teaching them how to look for quick solutions to overcome each obstacle and enhance their feeling of self-confidence. Finally, a simple clap from the proud crowd will enrich their self-esteem and sense of accomplishment. Sky Park has a special course designed with our little, beloved ones in mind, offering them the same challenging experience but with a touch of simplicity.', 1, '2022-02-28 11:23:27', '2022-02-28 11:23:27'),
(2, 'NOVICE', 'assets/uploads/offers_items/18191646047544.jpg', 'If you are still a newbie when it comes to climbing and hanging on ropes, or if you just need a warmup prior to going rough. the orange course is your best choice, as it has a set of 10 beginner-level obstacles placed at only a height of 2 meters away from the ground level. Here, you can test your skills before going wild on a tougher and higher level. The orange course is ideal for children and older people who might have some fear of heights.', 1, '2022-02-28 11:25:44', '2022-02-28 11:25:44'),
(3, 'SKILLED', 'assets/uploads/offers_items/6671646047600.jpg', 'This course is designed to put your physical and mental skills up to the test. Once you climb up, there’s only one way down and that’s right at the end of your path. A challenge that would make your mind erupt with joy and your heart with pleasure. Your knees might be shaking but a smile is certain to stay put on your face. And when you reach the end of it, the feeling of accomplishment will be the only thing to last. The green course is our recommendation for intermediate-level adventurers, who seek a nice adrenaline boost to snack on.', 1, '2022-02-28 11:26:40', '2022-02-28 11:26:40'),
(4, 'EXPERT', 'assets/uploads/offers_items/68641646047669.jpg', 'For the tough ones who don’t settle for the least, this would be your true Everest to climb. The Red course has claimed its color from the extent of its ultimatum. Are you brave enough to walk on some wooden logs supported with nothing but a pair of ropes, or hang on a climbing wall at a height of around 30 meters? One thing is certain to be said, this course is not for the faint-hearted, but once you get it over with, nothing more can stand in your way.', 1, '2022-02-28 11:27:49', '2022-02-28 11:27:49'),
(5, 'FOOD-CARTS', 'assets/uploads/offers_items/6201646047743.jpg', 'Buckle up and prepare for the perfect Birthday celebration that you or your beloved kids will definitely cherish. Get in touch and let our specialized team assist you in organizing a memorable day that will leave nothing unaccounted for. Starting from the cake, decorations, activations, music, and the thrill adventures of Sky Park, of course.', 2, '2022-02-28 11:29:03', '2022-02-28 11:29:03'),
(6, 'WEST-TOWN-HUB', 'assets/uploads/offers_items/63391646047788.jpg', 'Devour a box of Fried chicken or a juicy burger. Sky Park is located right next to West Town Hub at SODIC, 6th of October city. The Hub is SODIC’s dining area which boasts a set of the best-rated restaurants and coffee shops. You can grab a quick bite prior to going on your fun adventure or loading up afterward. Nothing makes an outing complete as a tasty meal among some nice company, combine that with the adrenaline-boosting experience of Sky Park and your day will just shine.', 2, '2022-02-28 11:29:48', '2022-02-28 11:29:48'),
(7, 'BIRTHDAYS', 'assets/uploads/offers_items/89121646048060.jpg', 'As Sky Park will push your energy savings to their minimum, you will definitely need to grab a bite in order to recharge. That’s why a snack cart is available to help you pack up those missing calories and get ready for another round on the high ropes. Don’t let the sound of your empty growling stomach last and grab yourself a pack of popcorn or a packet of freshly prepared chips seasoned to tingle your taste buds with the most cheerful flavors', 4, '2022-02-28 11:34:20', '2022-02-28 11:34:20'),
(8, 'CORPORATE-EVENTS', 'assets/uploads/offers_items/45791646048112.jpg', 'Do you think your team is exhausted from work and needs some refreshment to get back on the productivity track? Nothing achieves that better than going on a group adventure. Sky Park has it all planned for you with a space to customize your own package based on the number of your employees.', 4, '2022-02-28 11:35:12', '2022-02-28 11:35:12'),
(9, 'GROUPS', 'assets/uploads/offers_items/25281646048150.jpg', 'Get your friends and their families on board and set your sails towards Sky Park and don’t worry about your budget, we’ll take care of this for you', 4, '2022-02-28 11:35:50', '2022-02-28 11:35:50');

-- --------------------------------------------------------

--
-- Table structure for table `password_resets`
--

CREATE TABLE `password_resets` (
  `email` varchar(255) COLLATE utf8mb4_unicode_ci NOT NULL,
  `token` varchar(255) COLLATE utf8mb4_unicode_ci NOT NULL,
  `created_at` timestamp NULL DEFAULT NULL
) ENGINE=InnoDB DEFAULT CHARSET=utf8mb4 COLLATE=utf8mb4_unicode_ci;

-- --------------------------------------------------------

--
-- Table structure for table `payments`
--

CREATE TABLE `payments` (
  `id` bigint(20) UNSIGNED NOT NULL,
  `rev_id` bigint(20) UNSIGNED DEFAULT NULL,
  `ticket_id` bigint(20) UNSIGNED DEFAULT NULL,
  `payment_status` varchar(50) COLLATE utf8mb4_unicode_ci DEFAULT NULL,
  `amount` double DEFAULT NULL,
  `created_at` timestamp NULL DEFAULT NULL,
  `updated_at` timestamp NULL DEFAULT NULL
) ENGINE=InnoDB DEFAULT CHARSET=utf8mb4 COLLATE=utf8mb4_unicode_ci;

-- --------------------------------------------------------

--
-- Table structure for table `permissions`
--

CREATE TABLE `permissions` (
  `id` bigint(20) UNSIGNED NOT NULL,
  `name` varchar(255) COLLATE utf8mb4_unicode_ci NOT NULL,
  `guard_name` varchar(255) COLLATE utf8mb4_unicode_ci NOT NULL,
  `created_at` timestamp NULL DEFAULT NULL,
  `updated_at` timestamp NULL DEFAULT NULL
) ENGINE=InnoDB DEFAULT CHARSET=utf8mb4 COLLATE=utf8mb4_unicode_ci;

--
-- Dumping data for table `permissions`
--

INSERT INTO `permissions` (`id`, `name`, `guard_name`, `created_at`, `updated_at`) VALUES
(1, 'Add Client', 'web', '2022-04-02 12:33:03', '2022-04-02 12:33:03'),
(2, 'Edit Ticket', 'web', '2022-04-02 12:33:03', '2022-04-02 12:33:03'),
(3, 'Family Access', 'web', '2022-04-02 12:33:04', '2022-04-02 12:33:04'),
(4, 'Reservation', 'web', '2022-04-02 12:33:04', '2022-04-02 12:33:04'),
(5, 'Capacity', 'web', '2022-04-02 12:33:04', '2022-04-02 12:33:04'),
(6, 'Group Access', 'web', '2022-04-02 12:33:04', '2022-04-02 12:33:04'),
(7, 'Corporations', 'web', '2022-04-02 12:33:04', '2022-04-02 12:33:04'),
(8, 'Exit', 'web', '2022-04-02 12:33:04', '2022-04-02 12:33:04'),
(9, 'Family Sale', 'web', '2022-04-02 12:33:04', '2022-04-02 12:33:04'),
(10, 'Group Sale', 'web', '2022-04-02 12:33:04', '2022-04-02 12:33:04');

-- --------------------------------------------------------

--
-- Table structure for table `products`
--

CREATE TABLE `products` (
  `id` bigint(20) UNSIGNED NOT NULL,
  `title` varchar(500) COLLATE utf8mb4_unicode_ci DEFAULT NULL,
  `category_id` bigint(20) UNSIGNED DEFAULT NULL,
  `status` enum('0','1') COLLATE utf8mb4_unicode_ci DEFAULT '1',
  `price` double DEFAULT 0,
  `created_at` timestamp NULL DEFAULT NULL,
  `updated_at` timestamp NULL DEFAULT NULL
) ENGINE=InnoDB DEFAULT CHARSET=utf8mb4 COLLATE=utf8mb4_unicode_ci;

--
-- Dumping data for table `products`
--

INSERT INTO `products` (`id`, `title`, `category_id`, `status`, `price`, `created_at`, `updated_at`) VALUES
(1, 'Hot Chocolate ', 3, '1', 20, '2022-02-23 08:45:49', NULL),
(2, 'Gloves', 2, '1', 35, '2022-02-16 08:45:55', NULL),
(4, 'Hot Dog', 1, '1', 39, '2022-02-16 08:46:02', NULL),
(5, 'New Drink', 3, '0', 35, '2022-02-23 07:37:05', '2022-02-23 08:11:38');

-- --------------------------------------------------------

--
-- Table structure for table `references`
--

CREATE TABLE `references` (
  `id` bigint(20) UNSIGNED NOT NULL,
  `title` varchar(255) COLLATE utf8mb4_unicode_ci NOT NULL,
  `created_at` timestamp NULL DEFAULT NULL,
  `updated_at` timestamp NULL DEFAULT NULL
) ENGINE=InnoDB DEFAULT CHARSET=utf8mb4 COLLATE=utf8mb4_unicode_ci;

--
-- Dumping data for table `references`
--

INSERT INTO `references` (`id`, `title`, `created_at`, `updated_at`) VALUES
(2, 'Twitter', '2022-02-23 10:00:34', '2022-02-23 10:00:34'),
(4, 'Others', '2022-02-23 10:02:39', '2022-02-23 10:25:05'),
(6, 'Friend', '2022-02-23 10:24:56', '2022-02-23 10:24:56');

-- --------------------------------------------------------

--
-- Table structure for table `reservations`
--

CREATE TABLE `reservations` (
  `id` bigint(20) UNSIGNED NOT NULL,
  `add_by` int(11) DEFAULT NULL,
  `ticket_num` varchar(255) COLLATE utf8mb4_unicode_ci DEFAULT NULL,
  `custom_id` varchar(30) COLLATE utf8mb4_unicode_ci DEFAULT NULL,
  `day` date DEFAULT NULL,
  `client_name` varchar(500) COLLATE utf8mb4_unicode_ci DEFAULT NULL,
  `phone` varchar(500) COLLATE utf8mb4_unicode_ci DEFAULT NULL,
  `email` varchar(500) COLLATE utf8mb4_unicode_ci DEFAULT NULL,
  `gender` enum('male','female') COLLATE utf8mb4_unicode_ci DEFAULT NULL,
  `gov_id` bigint(20) UNSIGNED DEFAULT NULL,
  `city_id` bigint(20) UNSIGNED DEFAULT NULL,
  `event_id` bigint(20) UNSIGNED DEFAULT NULL,
  `shift_id` bigint(20) UNSIGNED DEFAULT NULL,
  `hours_count` double DEFAULT 0,
  `total_price` double DEFAULT 0,
  `total_top_up_hours` double DEFAULT 0,
  `total_top_up_price` double DEFAULT 0,
  `payment_method` enum('cash','visa','mastercard','Meeza') COLLATE utf8mb4_unicode_ci NOT NULL DEFAULT 'cash',
  `payment_status` enum('0','1') COLLATE utf8mb4_unicode_ci DEFAULT '0',
  `note` text COLLATE utf8mb4_unicode_ci DEFAULT NULL,
  `discount_type` enum('per','val') COLLATE utf8mb4_unicode_ci DEFAULT 'val',
  `discount_value` double DEFAULT 0,
  `discount_id` bigint(20) DEFAULT NULL,
  `grand_total` double DEFAULT 0,
  `paid_amount` double NOT NULL DEFAULT 0 COMMENT 'المدفوع',
  `rem_amount` double DEFAULT 0 COMMENT 'المتبقى',
  `status` enum('append','in','out') COLLATE utf8mb4_unicode_ci DEFAULT 'append',
  `is_coupon` enum('0','1') COLLATE utf8mb4_unicode_ci NOT NULL DEFAULT '0' COMMENT '1 means it is coupon',
  `coupon_start` date DEFAULT NULL,
  `coupon_end` date DEFAULT NULL,
  `created_at` timestamp NULL DEFAULT NULL,
  `updated_at` timestamp NULL DEFAULT NULL
) ENGINE=InnoDB DEFAULT CHARSET=utf8mb4 COLLATE=utf8mb4_unicode_ci;

--
-- Dumping data for table `reservations`
--

INSERT INTO `reservations` (`id`, `add_by`, `ticket_num`, `custom_id`, `day`, `client_name`, `phone`, `email`, `gender`, `gov_id`, `city_id`, `event_id`, `shift_id`, `hours_count`, `total_price`, `total_top_up_hours`, `total_top_up_price`, `payment_method`, `payment_status`, `note`, `discount_type`, `discount_value`, `discount_id`, `grand_total`, `paid_amount`, `rem_amount`, `status`, `is_coupon`, `coupon_start`, `coupon_end`, `created_at`, `updated_at`) VALUES
(120, 8, 'SUN120RE22', 'SUN120RE22', '2022-04-07', 'Nozha School', '01098745142', 'nozha@gmail.com', 'male', 1, 14, 4, 1, 4, 1086.75, 0, 0, 'cash', '0', NULL, 'per', 7, NULL, 1010.68, 1010.68, 0, 'in', '0', NULL, NULL, '2022-04-03 06:42:00', '2022-04-03 06:45:19'),
(121, 0, 'SUN5706CO33', 'SUN5706CO33', NULL, 'Motaweron Company', '01095474145', 'motaweron@gmail.com', NULL, NULL, NULL, 2, NULL, 4, 0, 0, 0, 'cash', '0', 'Each Visitor Will Come Alone', 'val', 0, NULL, 0, 3200, 0, 'in', '1', '2022-04-03', '2022-04-30', '2022-04-03 07:10:33', '2022-04-07 08:27:56'),
(122, 0, 'SUN7972CO49', 'SUN7972CO49', NULL, 'Company TP', '01098784512', 'comT@gmail.com', NULL, NULL, NULL, 2, NULL, 5, 0, 0, 0, 'cash', '0', NULL, 'val', 0, NULL, 0, 6000, 0, 'append', '1', '2022-04-03', '2022-04-20', '2022-04-03 07:14:09', '2022-04-03 07:14:09'),
(123, 4, 'WED123RE79', 'WED123RE79', '2022-04-08', 'Leigh Gardner', '01085478475', 'husalox@mailinator.com', 'female', 15, 257, 2, 1, 3, 728.46, 0, 0, 'cash', '0', NULL, 'per', 6, NULL, 684.75, 650, 34.75, 'append', '0', NULL, NULL, '2022-04-06 09:09:37', '2022-04-06 09:10:11'),
(124, 4, 'WED124RE80', 'WED124RE80', '2022-04-06', 'Hollee Valentine', '01014140104', 'gyxahirolu@mailinator.com', 'male', 1, 5, 3, 1, 3, 552.9, 0, 0, 'cash', '0', NULL, 'per', 6, NULL, 519.73, 500, 19.73, 'append', '0', NULL, NULL, '2022-04-06 09:31:18', '2022-04-06 09:31:57'),
(125, 4, 'WED125RE28', 'WED125RE28', '2022-04-06', 'sec school', '01098745612', 'sec@yahoo.com', 'male', 1, 10, 4, 1, 2, 193.8, 0, 0, 'cash', '0', NULL, 'per', 5, NULL, 184.11, 150, 34.11, 'append', '0', NULL, NULL, '2022-04-06 09:33:46', '2022-04-06 09:34:14'),
(126, NULL, NULL, NULL, '2022-04-07', 'Bo Neal', '15654521084', 'nygosyre@mailinator.com', 'female', 1, 14, 3, NULL, 0, 0, 0, 0, 'cash', '0', NULL, 'val', 0, NULL, 0, 0, 0, 'append', '0', NULL, NULL, '2022-04-06 22:33:07', '2022-04-06 22:33:07'),
(127, 8, 'THU127RE72', 'THU127RE72', '2022-04-07', 'Levi Beard', '101055489456', 'tocagaryg@mailinator.com', 'female', 1, 17, 2, 1, 2, 7568.46, 0, 0, 'cash', '0', NULL, 'per', 20, NULL, 6054.77, 6054.77, 0, 'append', '0', NULL, NULL, '2022-04-07 07:47:50', '2022-04-07 07:48:38'),
(128, 4, 'THU128RE98', 'THU128RE98', '2022-04-10', 'Bethany Joyce', '15893416633', 'nucuhi@mailinator.com', 'male', 16, 269, 3, 1, 2, 397.86, 0, 0, 'cash', '0', NULL, 'per', 5, NULL, 377.97, 377.97, 0, 'in', '0', NULL, NULL, '2022-04-07 09:54:56', '2022-04-10 12:37:46'),
(129, 4, 'WED129RE77', 'WED129RE77', '2022-04-13', 'Dean Travis', '0109854124485', 'sybyrony@mailinator.com', 'male', 3, 102, 3, 1, 5, 621.3, 0, 0, 'cash', '0', NULL, 'per', 0, NULL, 621.3, 0, 621.3, 'append', '0', NULL, NULL, '2022-04-13 04:31:15', '2022-04-13 04:32:28'),
(130, 4, 'THU130RE72', 'THU130RE72', '2022-04-21', 'Tanisha Hewitt', '01118549848', 'sixudyh@mailinator.com', 'female', 4, 148, 2, 1, 2, 397.86, 0, 0, 'cash', '0', NULL, 'per', 0, NULL, 397.86, 0, 397.86, 'append', '0', NULL, NULL, '2022-04-21 10:09:30', '2022-04-21 10:09:56'),
(131, NULL, NULL, NULL, '2022-04-21', 'Aline Graham', '0100664499', 'vivufi@mailinator.com', 'male', 1, 10, 2, NULL, 0, 0, 0, 0, 'cash', '0', NULL, 'val', 0, NULL, 0, 0, 0, 'append', '0', NULL, NULL, '2022-04-21 10:15:31', '2022-04-21 10:15:31'),
(132, 4, 'SUN132RE77', 'SUN132RE77', '2022-04-24', 'Blaze Schultz', '01088488748', 'zyteze@mailinator.com', 'female', 1, 12, 3, 1, 2, 351.12, 0, 0, 'cash', '0', NULL, 'per', 0, NULL, 351.12, 351.12, 0, 'in', '0', NULL, NULL, '2022-04-24 04:36:15', '2022-04-24 05:10:14'),
(133, 4, 'SUN133RE02', 'SUN133RE02', '2022-04-24', 'Quynn Herrera', '010564549', 'tizofy@mailinator.com', 'male', 17, 280, 3, 1, 2, 397.86, 0, 0, 'cash', '0', NULL, 'per', 2, NULL, 389.9, 389.9, 0, 'in', '0', NULL, NULL, '2022-04-24 05:18:20', '2022-04-24 05:25:46'),
(134, NULL, NULL, NULL, '2022-04-24', 'Galvin Mathis', '01010101858', 'pikaceqe@mailinator.com', 'female', 1, 14, 2, NULL, 0, 0, 0, 0, 'cash', '0', NULL, 'val', 0, NULL, 0, 0, 0, 'append', '0', NULL, NULL, '2022-04-24 05:33:14', '2022-04-24 05:33:14'),
(135, 4, 'SUN135RE55', 'SUN135RE55', '2022-04-24', 'Sierra Potts', '0101854788', 'wyvevynyse@mailinator.com', 'male', 1, 48, 2, 1, 3, 1422.72, 0, 0, 'cash', '0', NULL, 'per', 2, NULL, 1394.27, 1394.27, 0, 'in', '0', NULL, NULL, '2022-04-24 06:20:54', '2022-04-24 06:52:28'),
(136, 4, 'SUN136RE61', 'SUN136RE61', '2022-04-24', 'Astra Gill', '0101855488', 'fuxygodol@mailinator.com', 'female', 19, 298, 2, 1, 3, 1405.62, 0, 0, 'cash', '0', NULL, 'per', 5, NULL, 1335.34, 1335.3400000000001, 0, 'in', '0', NULL, NULL, '2022-04-24 07:17:40', '2022-04-24 07:18:48'),
(137, 4, 'SUN137RE91', 'SUN137RE91', '2022-04-24', 'Adrian Lane', '0101844887', 'wexijim@mailinator.com', 'female', 7, 184, 4, 1, 2, 1070.46, 0, 0, 'cash', '0', NULL, 'per', 0, NULL, 1070.46, 1070.46, 0, 'in', '0', NULL, NULL, '2022-04-24 07:19:49', '2022-04-24 07:21:47'),
(138, 4, 'SUN138RE35', 'SUN138RE35', '2022-04-24', 'Vanna Carson', '01088487878', 'puce@mailinator.com', 'female', 1, 32, 2, 1, 2, 794.58, 0, 0, 'cash', '0', NULL, 'per', 0, NULL, 794.58, 794.58, 0, 'in', '0', NULL, NULL, '2022-04-24 07:23:53', '2022-04-24 07:24:44'),
(139, 4, 'TUE139RE72', 'TUE139RE72', '2022-04-26', 'Ivor Mcgee', '01055898447', 'dycikeze@mailinator.com', 'female', 17, 279, 2, 1, 3, 619.02, 0, 0, 'cash', '0', NULL, 'per', 2, NULL, 606.64, 0, 606.64, 'append', '0', NULL, NULL, '2022-04-26 06:09:03', '2022-04-26 06:12:37');

-- --------------------------------------------------------

--
-- Table structure for table `reservations_birth_day_infos`
--

CREATE TABLE `reservations_birth_day_infos` (
  `id` bigint(20) UNSIGNED NOT NULL,
  `rev_id` bigint(20) UNSIGNED DEFAULT NULL,
  `name` varchar(500) COLLATE utf8mb4_unicode_ci DEFAULT NULL,
  `email` varchar(500) COLLATE utf8mb4_unicode_ci DEFAULT NULL,
  `phone` varchar(50) COLLATE utf8mb4_unicode_ci DEFAULT NULL,
  `gender` enum('male','female') COLLATE utf8mb4_unicode_ci DEFAULT NULL,
  `birthday` date DEFAULT NULL,
  `created_at` timestamp NULL DEFAULT NULL,
  `updated_at` timestamp NULL DEFAULT NULL
) ENGINE=InnoDB DEFAULT CHARSET=utf8mb4 COLLATE=utf8mb4_unicode_ci;

--
-- Dumping data for table `reservations_birth_day_infos`
--

INSERT INTO `reservations_birth_day_infos` (`id`, `rev_id`, `name`, `email`, `phone`, `gender`, `birthday`, `created_at`, `updated_at`) VALUES
(3, NULL, NULL, NULL, NULL, NULL, NULL, '2022-03-19 10:30:04', '2022-03-19 10:30:04');

-- --------------------------------------------------------

--
-- Table structure for table `roles`
--

CREATE TABLE `roles` (
  `id` bigint(20) UNSIGNED NOT NULL,
  `name` varchar(255) COLLATE utf8mb4_unicode_ci NOT NULL,
  `guard_name` varchar(255) COLLATE utf8mb4_unicode_ci NOT NULL,
  `created_at` timestamp NULL DEFAULT NULL,
  `updated_at` timestamp NULL DEFAULT NULL
) ENGINE=InnoDB DEFAULT CHARSET=utf8mb4 COLLATE=utf8mb4_unicode_ci;

--
-- Dumping data for table `roles`
--

INSERT INTO `roles` (`id`, `name`, `guard_name`, `created_at`, `updated_at`) VALUES
(1, 'Master', 'web', '2022-04-02 12:36:31', '2022-04-02 12:36:31'),
(7, 'Family Administrator', 'web', '2022-04-02 18:11:34', '2022-04-03 05:16:30'),
(8, 'Group Administrator', 'web', '2022-04-02 18:12:23', '2022-04-03 05:20:11'),
(11, 'Exit Administrator', 'web', '2022-04-03 05:20:47', '2022-04-03 05:20:47'),
(12, 'Corporations Administrator', 'web', '2022-04-03 06:06:57', '2022-04-03 06:06:57');

-- --------------------------------------------------------

--
-- Table structure for table `role_has_permissions`
--

CREATE TABLE `role_has_permissions` (
  `permission_id` bigint(20) UNSIGNED NOT NULL,
  `role_id` bigint(20) UNSIGNED NOT NULL
) ENGINE=InnoDB DEFAULT CHARSET=utf8mb4 COLLATE=utf8mb4_unicode_ci;

--
-- Dumping data for table `role_has_permissions`
--

INSERT INTO `role_has_permissions` (`permission_id`, `role_id`) VALUES
(1, 1),
(1, 7),
(2, 1),
(2, 7),
(3, 1),
(3, 7),
(4, 1),
(4, 8),
(5, 1),
(5, 8),
(6, 1),
(6, 8),
(7, 1),
(7, 12),
(8, 1),
(8, 7),
(8, 8),
(8, 11),
(8, 12),
(9, 1),
(9, 7),
(10, 1),
(10, 8);

-- --------------------------------------------------------

--
-- Table structure for table `shifts`
--

CREATE TABLE `shifts` (
  `id` bigint(20) UNSIGNED NOT NULL,
  `from` time DEFAULT NULL,
  `to` time DEFAULT NULL,
  `status` enum('0','1') COLLATE utf8mb4_unicode_ci NOT NULL DEFAULT '1',
  `created_at` timestamp NULL DEFAULT NULL,
  `updated_at` timestamp NULL DEFAULT NULL
) ENGINE=InnoDB DEFAULT CHARSET=utf8mb4 COLLATE=utf8mb4_unicode_ci;

--
-- Dumping data for table `shifts`
--

INSERT INTO `shifts` (`id`, `from`, `to`, `status`, `created_at`, `updated_at`) VALUES
(1, '08:00:00', '16:00:00', '1', NULL, '2022-03-12 12:30:47'),
(2, '16:00:00', '23:59:59', '1', NULL, NULL);

-- --------------------------------------------------------

--
-- Table structure for table `shift_details`
--

CREATE TABLE `shift_details` (
  `id` bigint(20) UNSIGNED NOT NULL,
  `shift_id` bigint(20) UNSIGNED DEFAULT NULL,
  `visitor_type_id` bigint(20) UNSIGNED DEFAULT NULL,
  `price` double DEFAULT 0,
  `created_at` timestamp NULL DEFAULT NULL,
  `updated_at` timestamp NULL DEFAULT NULL
) ENGINE=InnoDB DEFAULT CHARSET=utf8mb4 COLLATE=utf8mb4_unicode_ci;

--
-- Dumping data for table `shift_details`
--

INSERT INTO `shift_details` (`id`, `shift_id`, `visitor_type_id`, `price`, `created_at`, `updated_at`) VALUES
(2, 1, 3, 50, NULL, '2022-03-12 12:30:20'),
(4, 1, 2, 40, NULL, '2022-03-12 12:30:03'),
(6, 1, 1, 30, NULL, '2022-03-12 12:30:20'),
(7, 2, 1, 40, NULL, NULL),
(8, 2, 2, 50, NULL, NULL),
(9, 2, 3, 60, NULL, NULL),
(43, 1, 4, 35, '2022-03-12 13:22:11', '2022-03-13 06:29:02'),
(44, 2, 4, 70, '2022-03-12 13:22:11', '2022-03-13 06:29:02');

-- --------------------------------------------------------

--
-- Table structure for table `sliders`
--

CREATE TABLE `sliders` (
  `id` bigint(20) UNSIGNED NOT NULL,
  `photo` varchar(255) COLLATE utf8mb4_unicode_ci NOT NULL,
  `title` varchar(255) COLLATE utf8mb4_unicode_ci DEFAULT NULL,
  `sub_title` varchar(255) COLLATE utf8mb4_unicode_ci DEFAULT NULL,
  `button_text` varchar(255) COLLATE utf8mb4_unicode_ci DEFAULT NULL,
  `button_link` text COLLATE utf8mb4_unicode_ci DEFAULT NULL,
  `add_by` varchar(255) COLLATE utf8mb4_unicode_ci NOT NULL,
  `created_at` timestamp NULL DEFAULT NULL,
  `updated_at` timestamp NULL DEFAULT NULL
) ENGINE=InnoDB DEFAULT CHARSET=utf8mb4 COLLATE=utf8mb4_unicode_ci;

--
-- Dumping data for table `sliders`
--

INSERT INTO `sliders` (`id`, `photo`, `title`, `sub_title`, `button_text`, `button_link`, `add_by`, `created_at`, `updated_at`) VALUES
(1, 'assets/uploads/sliders/31961646486068.jpg', 'The sky has No limit', 'Just Like Yous', 'contact us', NULL, 'admin', '2022-02-26 06:56:02', '2022-03-06 07:35:20'),
(2, 'assets/uploads/sliders/22881646486054.jpg', 'Book now', 'And get huge discount', 'Book Your Stay', NULL, 'admin', '2022-02-26 07:12:07', '2022-03-05 11:14:14');

-- --------------------------------------------------------

--
-- Table structure for table `tickets`
--

CREATE TABLE `tickets` (
  `id` bigint(20) UNSIGNED NOT NULL,
  `add_by` int(11) DEFAULT NULL,
  `ticket_num` varchar(255) COLLATE utf8mb4_unicode_ci DEFAULT NULL,
  `visit_date` date DEFAULT NULL,
  `shift_id` bigint(20) UNSIGNED DEFAULT NULL,
  `client_id` bigint(20) UNSIGNED DEFAULT NULL,
  `hours_count` double DEFAULT 0,
  `total_price` double DEFAULT 0,
  `total_top_up_hours` double DEFAULT 0,
  `total_top_up_price` double DEFAULT 0,
  `payment_method` enum('cash','visa','mastercard','Meeza') COLLATE utf8mb4_unicode_ci NOT NULL DEFAULT 'cash',
  `payment_status` enum('0','1') COLLATE utf8mb4_unicode_ci DEFAULT '0',
  `note` text COLLATE utf8mb4_unicode_ci DEFAULT NULL,
  `discount_type` enum('per','val') COLLATE utf8mb4_unicode_ci DEFAULT 'val',
  `discount_value` double DEFAULT 0,
  `discount_id` bigint(20) DEFAULT NULL,
  `grand_total` double DEFAULT 0,
  `paid_amount` double DEFAULT 0 COMMENT 'المدفوع',
  `rem_amount` double DEFAULT 0 COMMENT 'المتبقى',
  `status` enum('append','in','out') COLLATE utf8mb4_unicode_ci DEFAULT 'append',
  `created_at` timestamp NULL DEFAULT NULL,
  `updated_at` timestamp NULL DEFAULT NULL
) ENGINE=InnoDB DEFAULT CHARSET=utf8mb4 COLLATE=utf8mb4_unicode_ci;

--
-- Dumping data for table `tickets`
--

INSERT INTO `tickets` (`id`, `add_by`, `ticket_num`, `visit_date`, `shift_id`, `client_id`, `hours_count`, `total_price`, `total_top_up_hours`, `total_top_up_price`, `payment_method`, `payment_status`, `note`, `discount_type`, `discount_value`, `discount_id`, `grand_total`, `paid_amount`, `rem_amount`, `status`, `created_at`, `updated_at`) VALUES
(68, 4, 'THU51194736', '2022-04-07', 1, 51, 2, 477.66, 0, 0, 'cash', '0', NULL, 'per', 5, 0, 453.78, 453.78, 0, 'append', '2022-04-07 20:49:17', '2022-04-07 21:32:45'),
(69, 4, 'THU26223256', '2022-04-07', 1, 26, 5, 768.36, 0, 0, 'cash', '0', NULL, 'per', 5, 0, 729.94, 729.94, 0, 'append', '2022-04-07 21:33:45', '2022-04-07 21:45:48'),
(70, 4, 'FRI53770027', '2022-04-08', 1, 53, 2, 238.26, 0, 0, 'cash', '0', NULL, 'per', 4, 0, 228.73, 228.73, 0, 'append', '2022-04-07 23:00:52', '2022-04-07 23:02:21'),
(71, 4, 'SUN26721236', '2022-04-10', 2, 26, 1, 295.26, 0, 0, 'cash', '0', NULL, 'per', 4, 0, 283.45, 283.45, 0, 'append', '2022-04-10 12:13:09', '2022-04-10 12:13:09'),
(72, 4, 'WED2684251', '2022-04-13', 1, 26, 5, 621.3, 0, 0, 'cash', '0', NULL, 'per', 0, 0, 621.3, 0, 621.3, 'append', '2022-04-13 04:43:15', '2022-04-13 04:43:15'),
(75, 4, 'THU26675713', '2022-04-21', 1, 26, 2, 306.66, 0, 0, 'Meeza', '0', NULL, 'per', 6, 0, 288.26, 288.26, 0, 'in', '2022-04-21 08:01:24', '2022-04-21 09:16:55'),
(76, 4, 'THU26652621', '2022-04-21', 1, 26, 1, 336.3, 0, 0, 'cash', '0', NULL, 'per', 0, 0, 336.3, 0, 336.3, 'append', '2022-04-21 08:27:19', '2022-04-21 08:52:21'),
(77, 4, 'THU55814254', '2022-04-21', 1, 55, 3, 530.1, 0, 0, 'cash', '0', NULL, 'per', 5, 0, 503.6, 503.6, 0, 'append', '2022-04-21 09:43:53', '2022-04-21 09:43:53'),
(78, 4, 'THU55824533', '2022-04-21', 1, 55, 2, 397.86, 0, 0, 'cash', '0', NULL, 'per', 0, 0, 397.86, 0, 397.86, 'append', '2022-04-21 09:46:02', '2022-04-21 09:46:02'),
(79, 4, 'THU55975132', '2022-04-21', 1, 55, 5, 1098.96, 0, 0, 'cash', '0', NULL, 'per', 5, 0, 1044.01, 1044.01, 0, 'append', '2022-04-21 09:51:59', '2022-04-21 09:51:59'),
(80, 4, 'THU55515607', '2022-04-21', 1, 55, 2, 580.26, 0, 0, 'cash', '0', NULL, 'per', 50, 0, 290.13, 290.13, 0, 'append', '2022-04-21 09:56:34', '2022-04-21 09:56:34'),
(81, 4, 'THU55515755', '2022-04-21', 2, 55, 1, 249.66, 0, 0, 'cash', '0', NULL, 'per', 0, 0, 249.66, 0, 249.66, 'append', '2022-04-21 09:58:16', '2022-04-21 09:58:16'),
(82, 4, 'THU5545857', '2022-04-21', 1, 55, 1, 243.96, 0, 0, 'cash', '0', NULL, 'per', 5, 0, 231.76, 100, 131.76, 'append', '2022-04-21 09:59:26', '2022-04-21 09:59:26'),
(83, 4, 'THU55510031', '2022-04-21', 1, 55, 2, 296.4, 0, 0, 'cash', '0', NULL, 'per', 1, 0, 293.44, 293.44, 0, 'append', '2022-04-21 10:00:55', '2022-04-21 10:00:55'),
(84, 4, 'SUN26202845', '2022-04-24', 2, 26, 2, 336.3, 0, 0, 'cash', '0', NULL, 'val', 41.5, 0, 294.8, 294.8, 0, 'append', '2022-04-24 04:29:26', '2022-04-24 04:32:44'),
(85, 4, 'SUN56390813', '2022-04-24', 1, 56, 2, 328.32, 0, 0, 'cash', '0', NULL, 'per', 0, 0, 328.32, 0, 328.32, 'append', '2022-04-24 08:09:45', '2022-04-24 08:09:45'),
(86, 4, 'SUN57912942', '2022-04-24', 1, 57, 2, 713.64, 0, 0, 'cash', '0', NULL, 'per', 5, 0, 677.96, 677.96, 0, 'append', '2022-04-24 09:31:06', '2022-04-24 09:31:06'),
(87, 4, 'SUN58414908', '2022-04-24', 1, 58, 2, 421.8, 0, 0, 'cash', '0', NULL, 'per', 2, 3, 413.36, 413.36, 0, 'append', '2022-04-24 09:49:55', '2022-04-24 09:49:55'),
(88, 4, 'SUN58425210', '2022-04-24', 1, 58, 2, 397.86, 0, 0, 'cash', '0', NULL, 'per', 0, NULL, 397.86, 0, 397.86, 'append', '2022-04-24 09:52:30', '2022-04-24 09:52:30'),
(89, 4, 'TUE26704427', '2022-04-26', 1, 26, 2, 433.2, 0, 0, 'cash', '0', NULL, 'per', 5, NULL, 411.54, 0, 411.54, 'append', '2022-04-26 04:45:21', '2022-04-26 04:45:21'),
(90, 4, 'TUE26884858', '2022-04-26', 1, 26, 2, 238.26, 0, 0, 'cash', '0', NULL, 'per', 2, NULL, 233.49, 0, 233.49, 'append', '2022-04-26 04:49:39', '2022-04-26 04:49:39'),
(91, 4, 'TUE26485609', '2022-04-26', 1, 26, 2, 430.92, 0, 0, 'cash', '0', NULL, 'per', 0, NULL, 430.92, 0, 430.92, 'append', '2022-04-26 04:56:44', '2022-04-26 04:56:44'),
(92, 4, 'TUE26305829', '2022-04-26', 1, 26, 2, 306.66, 0, 0, 'cash', '0', NULL, 'per', 6, 2, 288.26, 0, 288.26, 'append', '2022-04-26 04:59:12', '2022-04-26 04:59:12'),
(93, 4, 'TUE26340439', '2022-04-26', 1, 26, 2, 282.72, 0, 0, 'cash', '0', NULL, 'per', 0, NULL, 282.72, 0, 282.72, 'append', '2022-04-26 05:05:00', '2022-04-26 05:05:00'),
(94, 4, 'TUE26880506', '2022-04-26', 1, 26, 3, 335.16, 0, 0, 'cash', '0', NULL, 'per', 0, 3, 335.16, 0, 335.16, 'append', '2022-04-26 05:05:33', '2022-04-26 05:05:33'),
(95, 4, 'TUE26433413', '2022-04-26', 1, 26, 2, 233.7, 0, 0, 'cash', '0', NULL, 'per', 20, 3, 186.96, 186.96, 0, 'append', '2022-04-26 06:00:03', '2022-04-26 06:00:03');

-- --------------------------------------------------------

--
-- Table structure for table `ticket_rev_models`
--

CREATE TABLE `ticket_rev_models` (
  `id` bigint(20) UNSIGNED NOT NULL,
  `rev_id` bigint(20) UNSIGNED DEFAULT NULL,
  `ticket_id` bigint(20) UNSIGNED DEFAULT NULL,
  `visitor_type_id` bigint(20) UNSIGNED DEFAULT NULL,
  `coupon_num` varchar(255) COLLATE utf8mb4_unicode_ci DEFAULT NULL COMMENT 'will be null if there is no coupon of this model ',
  `day` date DEFAULT NULL,
  `price` double DEFAULT 0,
  `bracelet_id` bigint(20) UNSIGNED DEFAULT NULL,
  `bracelet_number` varchar(10) COLLATE utf8mb4_unicode_ci DEFAULT NULL,
  `name` varchar(500) COLLATE utf8mb4_unicode_ci DEFAULT NULL,
  `birthday` date DEFAULT NULL,
  `gender` enum('male','female') COLLATE utf8mb4_unicode_ci DEFAULT NULL,
  `status` enum('append','in','out') COLLATE utf8mb4_unicode_ci DEFAULT 'append',
  `top_up_hours` double DEFAULT 0,
  `top_up_price` double DEFAULT 0,
  `start_at` time DEFAULT NULL,
  `end_at` time DEFAULT NULL,
  `shift_start` time DEFAULT NULL,
  `shift_end` time DEFAULT NULL,
  `temp_status` enum('in','out') COLLATE utf8mb4_unicode_ci DEFAULT 'in',
  `created_at` timestamp NULL DEFAULT NULL,
  `updated_at` timestamp NULL DEFAULT NULL
) ENGINE=InnoDB DEFAULT CHARSET=utf8mb4 COLLATE=utf8mb4_unicode_ci;

--
-- Dumping data for table `ticket_rev_models`
--

INSERT INTO `ticket_rev_models` (`id`, `rev_id`, `ticket_id`, `visitor_type_id`, `coupon_num`, `day`, `price`, `bracelet_id`, `bracelet_number`, `name`, `birthday`, `gender`, `status`, `top_up_hours`, `top_up_price`, `start_at`, `end_at`, `shift_start`, `shift_end`, `temp_status`, `created_at`, `updated_at`) VALUES
(782, 120, NULL, 3, NULL, '2022-04-03', 200, NULL, NULL, 'سارة', '1991-03-03', 'female', 'append', 0, 0, NULL, NULL, '10:00:00', '14:00:00', 'in', '2022-04-03 06:45:19', '2022-04-03 06:45:19'),
(783, 120, NULL, 4, NULL, '2022-04-03', 140, NULL, NULL, 'محمد', '1990-02-14', 'male', 'append', 0, 0, NULL, NULL, '10:00:00', '14:00:00', 'in', '2022-04-03 06:45:19', '2022-04-03 06:45:19'),
(784, 120, NULL, 2, NULL, '2022-04-03', 160, NULL, NULL, 'احمد', '2009-08-18', 'male', 'append', 0, 0, NULL, NULL, '10:00:00', '14:00:00', 'in', '2022-04-03 06:45:19', '2022-04-03 06:45:19'),
(785, 120, NULL, 2, NULL, '2022-04-03', 160, NULL, NULL, 'خالد', '2013-07-20', 'male', 'append', 0, 0, NULL, NULL, '10:00:00', '14:00:00', 'in', '2022-04-03 06:45:19', '2022-04-03 06:45:19'),
(786, 120, NULL, 1, NULL, '2022-04-03', 120, NULL, NULL, 'محمود', '2019-10-25', 'male', 'append', 0, 0, NULL, NULL, '10:00:00', '14:00:00', 'in', '2022-04-03 06:45:19', '2022-04-03 06:45:19'),
(790, 121, NULL, NULL, 'SUN3569CO33', NULL, 0, NULL, 'W001', NULL, NULL, NULL, 'in', 0, 0, NULL, NULL, NULL, NULL, 'in', '2022-04-03 07:10:33', '2022-04-07 08:27:27'),
(791, 121, NULL, NULL, 'SUN4136CO33', NULL, 0, NULL, 'W002', NULL, NULL, NULL, 'in', 0, 0, NULL, NULL, NULL, NULL, 'in', '2022-04-03 07:10:33', '2022-04-07 08:27:40'),
(792, 121, NULL, NULL, 'SUN2647CO33', NULL, 0, NULL, 'W003', NULL, NULL, NULL, 'in', 0, 0, NULL, NULL, NULL, NULL, 'in', '2022-04-03 07:10:33', '2022-04-07 08:27:45'),
(793, 121, NULL, NULL, 'SUN5161CO33', NULL, 0, NULL, 'W004', NULL, NULL, NULL, 'in', 0, 0, NULL, NULL, NULL, NULL, 'in', '2022-04-03 07:10:33', '2022-04-07 08:27:56'),
(794, 122, NULL, NULL, 'SUN296CO49', NULL, 0, NULL, NULL, NULL, NULL, NULL, 'append', 0, 0, NULL, NULL, NULL, NULL, 'in', '2022-04-03 07:14:09', '2022-04-03 07:14:09'),
(795, 122, NULL, NULL, 'SUN5998CO49', NULL, 0, NULL, NULL, NULL, NULL, NULL, 'append', 0, 0, NULL, NULL, NULL, NULL, 'in', '2022-04-03 07:14:09', '2022-04-03 07:14:09'),
(806, 123, NULL, 3, NULL, '2022-04-08', 150, NULL, NULL, NULL, NULL, NULL, 'append', 0, 0, NULL, NULL, '10:00:00', '13:00:00', 'in', '2022-04-06 09:10:11', '2022-04-06 09:10:11'),
(807, 123, NULL, 3, NULL, '2022-04-08', 150, NULL, NULL, NULL, NULL, NULL, 'append', 0, 0, NULL, NULL, '10:00:00', '13:00:00', 'in', '2022-04-06 09:10:12', '2022-04-06 09:10:12'),
(808, 123, NULL, 3, NULL, '2022-04-08', 150, NULL, NULL, NULL, NULL, NULL, 'append', 0, 0, NULL, NULL, '10:00:00', '13:00:00', 'in', '2022-04-06 09:10:12', '2022-04-06 09:10:12'),
(809, 123, NULL, 3, NULL, '2022-04-08', 150, NULL, NULL, NULL, NULL, NULL, 'append', 0, 0, NULL, NULL, '10:00:00', '13:00:00', 'in', '2022-04-06 09:10:12', '2022-04-06 09:10:12'),
(810, 124, NULL, 3, NULL, '2022-04-06', 150, NULL, NULL, NULL, NULL, NULL, 'append', 0, 0, NULL, NULL, '13:00:00', '16:00:00', 'in', '2022-04-06 09:31:57', '2022-04-06 09:31:57'),
(811, 124, NULL, 4, NULL, '2022-04-06', 105, NULL, NULL, NULL, NULL, NULL, 'append', 0, 0, NULL, NULL, '13:00:00', '16:00:00', 'in', '2022-04-06 09:31:57', '2022-04-06 09:31:57'),
(812, 124, NULL, 4, NULL, '2022-04-06', 105, NULL, NULL, NULL, NULL, NULL, 'append', 0, 0, NULL, NULL, '13:00:00', '16:00:00', 'in', '2022-04-06 09:31:57', '2022-04-06 09:31:57'),
(813, 124, NULL, 4, NULL, '2022-04-06', 105, NULL, NULL, NULL, NULL, NULL, 'append', 0, 0, NULL, NULL, '13:00:00', '16:00:00', 'in', '2022-04-06 09:31:57', '2022-04-06 09:31:57'),
(814, 125, NULL, 3, NULL, '2022-04-06', 100, NULL, NULL, NULL, NULL, NULL, 'append', 0, 0, NULL, NULL, '13:00:00', '15:00:00', 'in', '2022-04-06 09:34:14', '2022-04-06 09:34:14'),
(815, 125, NULL, 4, NULL, '2022-04-06', 70, NULL, NULL, NULL, NULL, NULL, 'append', 0, 0, NULL, NULL, '13:00:00', '15:00:00', 'in', '2022-04-06 09:34:14', '2022-04-06 09:34:14'),
(820, 127, NULL, 3, NULL, '2022-04-07', 100, NULL, NULL, NULL, NULL, NULL, 'append', 0, 0, NULL, NULL, '11:00:00', '13:00:00', 'in', '2022-04-07 07:48:38', '2022-04-07 07:48:38'),
(821, 127, NULL, 3, NULL, '2022-04-07', 100, NULL, NULL, NULL, NULL, NULL, 'append', 0, 0, NULL, NULL, '11:00:00', '13:00:00', 'in', '2022-04-07 07:48:38', '2022-04-07 07:48:38'),
(822, 127, NULL, 3, NULL, '2022-04-07', 100, NULL, NULL, NULL, NULL, NULL, 'append', 0, 0, NULL, NULL, '11:00:00', '13:00:00', 'in', '2022-04-07 07:48:38', '2022-04-07 07:48:38'),
(823, 127, NULL, 3, NULL, '2022-04-07', 100, NULL, NULL, NULL, NULL, NULL, 'append', 0, 0, NULL, NULL, '11:00:00', '13:00:00', 'in', '2022-04-07 07:48:38', '2022-04-07 07:48:38'),
(824, 127, NULL, 3, NULL, '2022-04-07', 100, NULL, NULL, NULL, NULL, NULL, 'append', 0, 0, NULL, NULL, '11:00:00', '13:00:00', 'in', '2022-04-07 07:48:38', '2022-04-07 07:48:38'),
(825, 127, NULL, 3, NULL, '2022-04-07', 100, NULL, NULL, NULL, NULL, NULL, 'append', 0, 0, NULL, NULL, '11:00:00', '13:00:00', 'in', '2022-04-07 07:48:38', '2022-04-07 07:48:38'),
(826, 127, NULL, 3, NULL, '2022-04-07', 100, NULL, NULL, NULL, NULL, NULL, 'append', 0, 0, NULL, NULL, '11:00:00', '13:00:00', 'in', '2022-04-07 07:48:38', '2022-04-07 07:48:38'),
(827, 127, NULL, 3, NULL, '2022-04-07', 100, NULL, NULL, NULL, NULL, NULL, 'append', 0, 0, NULL, NULL, '11:00:00', '13:00:00', 'in', '2022-04-07 07:48:38', '2022-04-07 07:48:38'),
(828, 127, NULL, 3, NULL, '2022-04-07', 100, NULL, NULL, NULL, NULL, NULL, 'append', 0, 0, NULL, NULL, '11:00:00', '13:00:00', 'in', '2022-04-07 07:48:38', '2022-04-07 07:48:38'),
(829, 127, NULL, 3, NULL, '2022-04-07', 100, NULL, NULL, NULL, NULL, NULL, 'append', 0, 0, NULL, NULL, '11:00:00', '13:00:00', 'in', '2022-04-07 07:48:38', '2022-04-07 07:48:38'),
(830, 127, NULL, 3, NULL, '2022-04-07', 100, NULL, NULL, NULL, NULL, NULL, 'append', 0, 0, NULL, NULL, '11:00:00', '13:00:00', 'in', '2022-04-07 07:48:39', '2022-04-07 07:48:39'),
(831, 127, NULL, 3, NULL, '2022-04-07', 100, NULL, NULL, NULL, NULL, NULL, 'append', 0, 0, NULL, NULL, '11:00:00', '13:00:00', 'in', '2022-04-07 07:48:39', '2022-04-07 07:48:39'),
(832, 127, NULL, 3, NULL, '2022-04-07', 100, NULL, NULL, NULL, NULL, NULL, 'append', 0, 0, NULL, NULL, '11:00:00', '13:00:00', 'in', '2022-04-07 07:48:39', '2022-04-07 07:48:39'),
(833, 127, NULL, 3, NULL, '2022-04-07', 100, NULL, NULL, NULL, NULL, NULL, 'append', 0, 0, NULL, NULL, '11:00:00', '13:00:00', 'in', '2022-04-07 07:48:39', '2022-04-07 07:48:39'),
(834, 127, NULL, 3, NULL, '2022-04-07', 100, NULL, NULL, NULL, NULL, NULL, 'append', 0, 0, NULL, NULL, '11:00:00', '13:00:00', 'in', '2022-04-07 07:48:39', '2022-04-07 07:48:39'),
(835, 127, NULL, 3, NULL, '2022-04-07', 100, NULL, NULL, NULL, NULL, NULL, 'append', 0, 0, NULL, NULL, '11:00:00', '13:00:00', 'in', '2022-04-07 07:48:39', '2022-04-07 07:48:39'),
(836, 127, NULL, 3, NULL, '2022-04-07', 100, NULL, NULL, NULL, NULL, NULL, 'append', 0, 0, NULL, NULL, '11:00:00', '13:00:00', 'in', '2022-04-07 07:48:39', '2022-04-07 07:48:39'),
(837, 127, NULL, 3, NULL, '2022-04-07', 100, NULL, NULL, NULL, NULL, NULL, 'append', 0, 0, NULL, NULL, '11:00:00', '13:00:00', 'in', '2022-04-07 07:48:39', '2022-04-07 07:48:39'),
(838, 127, NULL, 3, NULL, '2022-04-07', 100, NULL, NULL, NULL, NULL, NULL, 'append', 0, 0, NULL, NULL, '11:00:00', '13:00:00', 'in', '2022-04-07 07:48:39', '2022-04-07 07:48:39'),
(839, 127, NULL, 3, NULL, '2022-04-07', 100, NULL, NULL, NULL, NULL, NULL, 'append', 0, 0, NULL, NULL, '11:00:00', '13:00:00', 'in', '2022-04-07 07:48:39', '2022-04-07 07:48:39'),
(840, 127, NULL, 3, NULL, '2022-04-07', 100, NULL, NULL, NULL, NULL, NULL, 'append', 0, 0, NULL, NULL, '11:00:00', '13:00:00', 'in', '2022-04-07 07:48:39', '2022-04-07 07:48:39'),
(841, 127, NULL, 3, NULL, '2022-04-07', 100, NULL, NULL, NULL, NULL, NULL, 'append', 0, 0, NULL, NULL, '11:00:00', '13:00:00', 'in', '2022-04-07 07:48:39', '2022-04-07 07:48:39'),
(842, 127, NULL, 3, NULL, '2022-04-07', 100, NULL, NULL, NULL, NULL, NULL, 'append', 0, 0, NULL, NULL, '11:00:00', '13:00:00', 'in', '2022-04-07 07:48:39', '2022-04-07 07:48:39'),
(843, 127, NULL, 3, NULL, '2022-04-07', 100, NULL, NULL, NULL, NULL, NULL, 'append', 0, 0, NULL, NULL, '11:00:00', '13:00:00', 'in', '2022-04-07 07:48:39', '2022-04-07 07:48:39'),
(844, 127, NULL, 3, NULL, '2022-04-07', 100, NULL, NULL, NULL, NULL, NULL, 'append', 0, 0, NULL, NULL, '11:00:00', '13:00:00', 'in', '2022-04-07 07:48:39', '2022-04-07 07:48:39'),
(845, 127, NULL, 3, NULL, '2022-04-07', 100, NULL, NULL, NULL, NULL, NULL, 'append', 0, 0, NULL, NULL, '11:00:00', '13:00:00', 'in', '2022-04-07 07:48:39', '2022-04-07 07:48:39'),
(846, 127, NULL, 3, NULL, '2022-04-07', 100, NULL, NULL, NULL, NULL, NULL, 'append', 0, 0, NULL, NULL, '11:00:00', '13:00:00', 'in', '2022-04-07 07:48:39', '2022-04-07 07:48:39'),
(847, 127, NULL, 3, NULL, '2022-04-07', 100, NULL, NULL, NULL, NULL, NULL, 'append', 0, 0, NULL, NULL, '11:00:00', '13:00:00', 'in', '2022-04-07 07:48:39', '2022-04-07 07:48:39'),
(848, 127, NULL, 3, NULL, '2022-04-07', 100, NULL, NULL, NULL, NULL, NULL, 'append', 0, 0, NULL, NULL, '11:00:00', '13:00:00', 'in', '2022-04-07 07:48:39', '2022-04-07 07:48:39'),
(849, 127, NULL, 3, NULL, '2022-04-07', 100, NULL, NULL, NULL, NULL, NULL, 'append', 0, 0, NULL, NULL, '11:00:00', '13:00:00', 'in', '2022-04-07 07:48:39', '2022-04-07 07:48:39'),
(850, 127, NULL, 4, NULL, '2022-04-07', 70, NULL, NULL, NULL, NULL, NULL, 'append', 0, 0, NULL, NULL, '11:00:00', '13:00:00', 'in', '2022-04-07 07:48:40', '2022-04-07 07:48:40'),
(851, 127, NULL, 4, NULL, '2022-04-07', 70, NULL, NULL, NULL, NULL, NULL, 'append', 0, 0, NULL, NULL, '11:00:00', '13:00:00', 'in', '2022-04-07 07:48:40', '2022-04-07 07:48:40'),
(852, 127, NULL, 4, NULL, '2022-04-07', 70, NULL, NULL, NULL, NULL, NULL, 'append', 0, 0, NULL, NULL, '11:00:00', '13:00:00', 'in', '2022-04-07 07:48:40', '2022-04-07 07:48:40'),
(853, 127, NULL, 4, NULL, '2022-04-07', 70, NULL, NULL, NULL, NULL, NULL, 'append', 0, 0, NULL, NULL, '11:00:00', '13:00:00', 'in', '2022-04-07 07:48:40', '2022-04-07 07:48:40'),
(854, 127, NULL, 4, NULL, '2022-04-07', 70, NULL, NULL, NULL, NULL, NULL, 'append', 0, 0, NULL, NULL, '11:00:00', '13:00:00', 'in', '2022-04-07 07:48:40', '2022-04-07 07:48:40'),
(855, 127, NULL, 4, NULL, '2022-04-07', 70, NULL, NULL, NULL, NULL, NULL, 'append', 0, 0, NULL, NULL, '11:00:00', '13:00:00', 'in', '2022-04-07 07:48:40', '2022-04-07 07:48:40'),
(856, 127, NULL, 4, NULL, '2022-04-07', 70, NULL, NULL, NULL, NULL, NULL, 'append', 0, 0, NULL, NULL, '11:00:00', '13:00:00', 'in', '2022-04-07 07:48:40', '2022-04-07 07:48:40'),
(857, 127, NULL, 4, NULL, '2022-04-07', 70, NULL, NULL, NULL, NULL, NULL, 'append', 0, 0, NULL, NULL, '11:00:00', '13:00:00', 'in', '2022-04-07 07:48:40', '2022-04-07 07:48:40'),
(858, 127, NULL, 4, NULL, '2022-04-07', 70, NULL, NULL, NULL, NULL, NULL, 'append', 0, 0, NULL, NULL, '11:00:00', '13:00:00', 'in', '2022-04-07 07:48:40', '2022-04-07 07:48:40'),
(859, 127, NULL, 4, NULL, '2022-04-07', 70, NULL, NULL, NULL, NULL, NULL, 'append', 0, 0, NULL, NULL, '11:00:00', '13:00:00', 'in', '2022-04-07 07:48:40', '2022-04-07 07:48:40'),
(860, 127, NULL, 4, NULL, '2022-04-07', 70, NULL, NULL, NULL, NULL, NULL, 'append', 0, 0, NULL, NULL, '11:00:00', '13:00:00', 'in', '2022-04-07 07:48:40', '2022-04-07 07:48:40'),
(861, 127, NULL, 4, NULL, '2022-04-07', 70, NULL, NULL, NULL, NULL, NULL, 'append', 0, 0, NULL, NULL, '11:00:00', '13:00:00', 'in', '2022-04-07 07:48:40', '2022-04-07 07:48:40'),
(862, 127, NULL, 4, NULL, '2022-04-07', 70, NULL, NULL, NULL, NULL, NULL, 'append', 0, 0, NULL, NULL, '11:00:00', '13:00:00', 'in', '2022-04-07 07:48:40', '2022-04-07 07:48:40'),
(863, 127, NULL, 4, NULL, '2022-04-07', 70, NULL, NULL, NULL, NULL, NULL, 'append', 0, 0, NULL, NULL, '11:00:00', '13:00:00', 'in', '2022-04-07 07:48:40', '2022-04-07 07:48:40'),
(864, 127, NULL, 4, NULL, '2022-04-07', 70, NULL, NULL, NULL, NULL, NULL, 'append', 0, 0, NULL, NULL, '11:00:00', '13:00:00', 'in', '2022-04-07 07:48:40', '2022-04-07 07:48:40'),
(865, 127, NULL, 4, NULL, '2022-04-07', 70, NULL, NULL, NULL, NULL, NULL, 'append', 0, 0, NULL, NULL, '11:00:00', '13:00:00', 'in', '2022-04-07 07:48:40', '2022-04-07 07:48:40'),
(866, 127, NULL, 4, NULL, '2022-04-07', 70, NULL, NULL, NULL, NULL, NULL, 'append', 0, 0, NULL, NULL, '11:00:00', '13:00:00', 'in', '2022-04-07 07:48:40', '2022-04-07 07:48:40'),
(867, 127, NULL, 4, NULL, '2022-04-07', 70, NULL, NULL, NULL, NULL, NULL, 'append', 0, 0, NULL, NULL, '11:00:00', '13:00:00', 'in', '2022-04-07 07:48:40', '2022-04-07 07:48:40'),
(868, 127, NULL, 4, NULL, '2022-04-07', 70, NULL, NULL, NULL, NULL, NULL, 'append', 0, 0, NULL, NULL, '11:00:00', '13:00:00', 'in', '2022-04-07 07:48:40', '2022-04-07 07:48:40'),
(869, 127, NULL, 4, NULL, '2022-04-07', 70, NULL, NULL, NULL, NULL, NULL, 'append', 0, 0, NULL, NULL, '11:00:00', '13:00:00', 'in', '2022-04-07 07:48:40', '2022-04-07 07:48:40'),
(870, 127, NULL, 2, NULL, '2022-04-07', 80, NULL, NULL, NULL, NULL, NULL, 'append', 0, 0, NULL, NULL, '11:00:00', '13:00:00', 'in', '2022-04-07 07:48:40', '2022-04-07 07:48:40'),
(871, 127, NULL, 2, NULL, '2022-04-07', 80, NULL, NULL, NULL, NULL, NULL, 'append', 0, 0, NULL, NULL, '11:00:00', '13:00:00', 'in', '2022-04-07 07:48:40', '2022-04-07 07:48:40'),
(872, 127, NULL, 2, NULL, '2022-04-07', 80, NULL, NULL, NULL, NULL, NULL, 'append', 0, 0, NULL, NULL, '11:00:00', '13:00:00', 'in', '2022-04-07 07:48:40', '2022-04-07 07:48:40'),
(873, 127, NULL, 2, NULL, '2022-04-07', 80, NULL, NULL, NULL, NULL, NULL, 'append', 0, 0, NULL, NULL, '11:00:00', '13:00:00', 'in', '2022-04-07 07:48:40', '2022-04-07 07:48:40'),
(874, 127, NULL, 2, NULL, '2022-04-07', 80, NULL, NULL, NULL, NULL, NULL, 'append', 0, 0, NULL, NULL, '11:00:00', '13:00:00', 'in', '2022-04-07 07:48:41', '2022-04-07 07:48:41'),
(875, 127, NULL, 1, NULL, '2022-04-07', 60, NULL, NULL, NULL, NULL, NULL, 'append', 0, 0, NULL, NULL, '11:00:00', '13:00:00', 'in', '2022-04-07 07:48:41', '2022-04-07 07:48:41'),
(876, 127, NULL, 1, NULL, '2022-04-07', 60, NULL, NULL, NULL, NULL, NULL, 'append', 0, 0, NULL, NULL, '11:00:00', '13:00:00', 'in', '2022-04-07 07:48:41', '2022-04-07 07:48:41'),
(877, 127, NULL, 1, NULL, '2022-04-07', 60, NULL, NULL, NULL, NULL, NULL, 'append', 0, 0, NULL, NULL, '11:00:00', '13:00:00', 'in', '2022-04-07 07:48:41', '2022-04-07 07:48:41'),
(878, 127, NULL, 1, NULL, '2022-04-07', 60, NULL, NULL, NULL, NULL, NULL, 'append', 0, 0, NULL, NULL, '11:00:00', '13:00:00', 'in', '2022-04-07 07:48:41', '2022-04-07 07:48:41'),
(879, 127, NULL, 1, NULL, '2022-04-07', 60, NULL, NULL, NULL, NULL, NULL, 'append', 0, 0, NULL, NULL, '11:00:00', '13:00:00', 'in', '2022-04-07 07:48:41', '2022-04-07 07:48:41'),
(880, 127, NULL, 1, NULL, '2022-04-07', 60, NULL, NULL, NULL, NULL, NULL, 'append', 0, 0, NULL, NULL, '11:00:00', '13:00:00', 'in', '2022-04-07 07:48:41', '2022-04-07 07:48:41'),
(881, 127, NULL, 1, NULL, '2022-04-07', 60, NULL, NULL, NULL, NULL, NULL, 'append', 0, 0, NULL, NULL, '11:00:00', '13:00:00', 'in', '2022-04-07 07:48:41', '2022-04-07 07:48:41'),
(882, 127, NULL, 1, NULL, '2022-04-07', 60, NULL, NULL, NULL, NULL, NULL, 'append', 0, 0, NULL, NULL, '11:00:00', '13:00:00', 'in', '2022-04-07 07:48:41', '2022-04-07 07:48:41'),
(883, 127, NULL, 1, NULL, '2022-04-07', 60, NULL, NULL, NULL, NULL, NULL, 'append', 0, 0, NULL, NULL, '11:00:00', '13:00:00', 'in', '2022-04-07 07:48:41', '2022-04-07 07:48:41'),
(884, 127, NULL, 1, NULL, '2022-04-07', 60, NULL, NULL, NULL, NULL, NULL, 'append', 0, 0, NULL, NULL, '11:00:00', '13:00:00', 'in', '2022-04-07 07:48:41', '2022-04-07 07:48:41'),
(885, 127, NULL, 1, NULL, '2022-04-07', 60, NULL, NULL, NULL, NULL, NULL, 'append', 0, 0, NULL, NULL, '11:00:00', '13:00:00', 'in', '2022-04-07 07:48:41', '2022-04-07 07:48:41'),
(886, 127, NULL, 1, NULL, '2022-04-07', 60, NULL, NULL, NULL, NULL, NULL, 'append', 0, 0, NULL, NULL, '11:00:00', '13:00:00', 'in', '2022-04-07 07:48:41', '2022-04-07 07:48:41'),
(887, 127, NULL, 1, NULL, '2022-04-07', 60, NULL, NULL, NULL, NULL, NULL, 'append', 0, 0, NULL, NULL, '11:00:00', '13:00:00', 'in', '2022-04-07 07:48:41', '2022-04-07 07:48:41'),
(888, 127, NULL, 1, NULL, '2022-04-07', 60, NULL, NULL, NULL, NULL, NULL, 'append', 0, 0, NULL, NULL, '11:00:00', '13:00:00', 'in', '2022-04-07 07:48:41', '2022-04-07 07:48:41'),
(889, 127, NULL, 1, NULL, '2022-04-07', 60, NULL, NULL, NULL, NULL, NULL, 'append', 0, 0, NULL, NULL, '11:00:00', '13:00:00', 'in', '2022-04-07 07:48:41', '2022-04-07 07:48:41'),
(890, 127, NULL, 1, NULL, '2022-04-07', 60, NULL, NULL, NULL, NULL, NULL, 'append', 0, 0, NULL, NULL, '11:00:00', '13:00:00', 'in', '2022-04-07 07:48:41', '2022-04-07 07:48:41'),
(891, 127, NULL, 1, NULL, '2022-04-07', 60, NULL, NULL, NULL, NULL, NULL, 'append', 0, 0, NULL, NULL, '11:00:00', '13:00:00', 'in', '2022-04-07 07:48:41', '2022-04-07 07:48:41'),
(892, 127, NULL, 1, NULL, '2022-04-07', 60, NULL, NULL, NULL, NULL, NULL, 'append', 0, 0, NULL, NULL, '11:00:00', '13:00:00', 'in', '2022-04-07 07:48:41', '2022-04-07 07:48:41'),
(893, 127, NULL, 1, NULL, '2022-04-07', 60, NULL, NULL, NULL, NULL, NULL, 'append', 0, 0, NULL, NULL, '11:00:00', '13:00:00', 'in', '2022-04-07 07:48:41', '2022-04-07 07:48:41'),
(894, 127, NULL, 1, NULL, '2022-04-07', 60, NULL, NULL, NULL, NULL, NULL, 'append', 0, 0, NULL, NULL, '11:00:00', '13:00:00', 'in', '2022-04-07 07:48:41', '2022-04-07 07:48:41'),
(895, 127, NULL, 1, NULL, '2022-04-07', 60, NULL, NULL, NULL, NULL, NULL, 'append', 0, 0, NULL, NULL, '11:00:00', '13:00:00', 'in', '2022-04-07 07:48:42', '2022-04-07 07:48:42'),
(896, 127, NULL, 1, NULL, '2022-04-07', 60, NULL, NULL, NULL, NULL, NULL, 'append', 0, 0, NULL, NULL, '11:00:00', '13:00:00', 'in', '2022-04-07 07:48:42', '2022-04-07 07:48:42'),
(897, 127, NULL, 1, NULL, '2022-04-07', 60, NULL, NULL, NULL, NULL, NULL, 'append', 0, 0, NULL, NULL, '11:00:00', '13:00:00', 'in', '2022-04-07 07:48:42', '2022-04-07 07:48:42'),
(898, 127, NULL, 1, NULL, '2022-04-07', 60, NULL, NULL, NULL, NULL, NULL, 'append', 0, 0, NULL, NULL, '11:00:00', '13:00:00', 'in', '2022-04-07 07:48:42', '2022-04-07 07:48:42'),
(899, 127, NULL, 1, NULL, '2022-04-07', 60, NULL, NULL, NULL, NULL, NULL, 'append', 0, 0, NULL, NULL, '11:00:00', '13:00:00', 'in', '2022-04-07 07:48:42', '2022-04-07 07:48:42'),
(900, 127, NULL, 1, NULL, '2022-04-07', 60, NULL, NULL, NULL, NULL, NULL, 'append', 0, 0, NULL, NULL, '11:00:00', '13:00:00', 'in', '2022-04-07 07:48:42', '2022-04-07 07:48:42'),
(901, 127, NULL, 1, NULL, '2022-04-07', 60, NULL, NULL, NULL, NULL, NULL, 'append', 0, 0, NULL, NULL, '11:00:00', '13:00:00', 'in', '2022-04-07 07:48:42', '2022-04-07 07:48:42'),
(902, 127, NULL, 1, NULL, '2022-04-07', 60, NULL, NULL, NULL, NULL, NULL, 'append', 0, 0, NULL, NULL, '11:00:00', '13:00:00', 'in', '2022-04-07 07:48:42', '2022-04-07 07:48:42'),
(903, 127, NULL, 1, NULL, '2022-04-07', 60, NULL, NULL, NULL, NULL, NULL, 'append', 0, 0, NULL, NULL, '11:00:00', '13:00:00', 'in', '2022-04-07 07:48:42', '2022-04-07 07:48:42'),
(904, 127, NULL, 1, NULL, '2022-04-07', 60, NULL, NULL, NULL, NULL, NULL, 'append', 0, 0, NULL, NULL, '11:00:00', '13:00:00', 'in', '2022-04-07 07:48:42', '2022-04-07 07:48:42'),
(905, 128, NULL, 3, NULL, '2022-04-10', 100, NULL, 'A01', '', '0000-00-00', 'male', 'in', 0, 0, NULL, NULL, '13:00:00', '15:00:00', 'in', '2022-04-07 09:55:24', '2022-04-10 12:37:46'),
(906, 128, NULL, 4, NULL, '2022-04-10', 70, NULL, 'A02', '', '0000-00-00', 'female', 'in', 0, 0, NULL, NULL, '13:00:00', '15:00:00', 'in', '2022-04-07 09:55:25', '2022-04-10 12:37:46'),
(907, 128, NULL, 2, NULL, '2022-04-10', 80, NULL, 'A03', '', '0000-00-00', '', 'in', 0, 0, NULL, NULL, '13:00:00', '15:00:00', 'in', '2022-04-07 09:55:25', '2022-04-10 12:37:46'),
(908, 128, NULL, 1, NULL, '2022-04-10', 60, NULL, 'A04', '', '0000-00-00', '', 'in', 0, 0, NULL, NULL, '13:00:00', '15:00:00', 'in', '2022-04-07 09:55:25', '2022-04-10 12:37:46'),
(911, NULL, 68, 3, NULL, NULL, 100, NULL, NULL, NULL, NULL, NULL, 'append', 0, 0, NULL, NULL, '08:00:00', '10:00:00', 'in', '2022-04-07 21:32:45', '2022-04-07 21:32:45'),
(912, NULL, 68, 4, NULL, NULL, 70, NULL, NULL, NULL, NULL, NULL, 'append', 0, 0, NULL, NULL, '08:00:00', '10:00:00', 'in', '2022-04-07 21:32:45', '2022-04-07 21:32:45'),
(913, NULL, 68, 2, NULL, NULL, 80, NULL, NULL, NULL, NULL, NULL, 'append', 0, 0, NULL, NULL, '08:00:00', '10:00:00', 'in', '2022-04-07 21:32:45', '2022-04-07 21:32:45'),
(914, NULL, 68, 1, NULL, NULL, 60, NULL, NULL, NULL, NULL, NULL, 'append', 0, 0, NULL, NULL, '08:00:00', '10:00:00', 'in', '2022-04-07 21:32:45', '2022-04-07 21:32:45'),
(921, NULL, 69, 3, NULL, NULL, 250, NULL, NULL, NULL, NULL, NULL, 'append', 0, 0, NULL, NULL, '04:00:00', '09:00:00', 'in', '2022-04-07 21:45:48', '2022-04-07 21:45:48'),
(922, NULL, 69, 2, NULL, NULL, 200, NULL, NULL, NULL, NULL, NULL, 'append', 0, 0, NULL, NULL, '04:00:00', '09:00:00', 'in', '2022-04-07 21:45:48', '2022-04-07 21:45:48'),
(923, NULL, 69, 1, NULL, NULL, 150, NULL, NULL, NULL, NULL, NULL, 'append', 0, 0, NULL, NULL, '04:00:00', '09:00:00', 'in', '2022-04-07 21:45:48', '2022-04-07 21:45:48'),
(926, NULL, 70, 3, NULL, NULL, 100, NULL, NULL, NULL, NULL, NULL, 'append', 0, 0, NULL, NULL, '07:00:00', '09:00:00', 'in', '2022-04-07 23:02:21', '2022-04-07 23:02:21'),
(927, NULL, 70, 4, NULL, NULL, 70, NULL, NULL, NULL, NULL, NULL, 'append', 0, 0, NULL, NULL, '07:00:00', '09:00:00', 'in', '2022-04-07 23:02:21', '2022-04-07 23:02:21'),
(928, NULL, 71, 3, NULL, '2022-04-10', 60, NULL, NULL, NULL, NULL, 'male', 'append', 0, 0, NULL, NULL, '17:00:00', '18:00:00', 'in', '2022-04-10 12:13:10', '2022-04-10 12:13:10'),
(929, NULL, 71, 4, NULL, '2022-04-10', 70, NULL, NULL, NULL, NULL, 'male', 'append', 0, 0, NULL, NULL, '17:00:00', '18:00:00', 'in', '2022-04-10 12:13:10', '2022-04-10 12:13:10'),
(930, NULL, 71, 2, NULL, '2022-04-10', 50, NULL, NULL, NULL, NULL, 'female', 'append', 0, 0, NULL, NULL, '17:00:00', '18:00:00', 'in', '2022-04-10 12:13:10', '2022-04-10 12:13:10'),
(931, NULL, 71, 1, NULL, '2022-04-10', 40, NULL, NULL, NULL, NULL, 'female', 'append', 0, 0, NULL, NULL, '17:00:00', '18:00:00', 'in', '2022-04-10 12:13:10', '2022-04-10 12:13:10'),
(932, 129, NULL, 4, NULL, '2022-04-13', 175, NULL, NULL, 'محمود الكومي', NULL, 'male', 'append', 0, 0, NULL, NULL, '08:00:00', '13:00:00', 'in', '2022-04-13 04:32:28', '2022-04-13 04:32:28'),
(933, 129, NULL, 4, NULL, '2022-04-13', 175, NULL, NULL, 'محمد جمال', NULL, 'male', 'append', 0, 0, NULL, NULL, '08:00:00', '13:00:00', 'in', '2022-04-13 04:32:28', '2022-04-13 04:32:28'),
(934, 129, NULL, 4, NULL, '2022-04-13', 175, NULL, NULL, 'احمد يحيي', NULL, 'male', 'append', 0, 0, NULL, NULL, '08:00:00', '13:00:00', 'in', '2022-04-13 04:32:28', '2022-04-13 04:32:28'),
(935, NULL, 72, 4, NULL, '2022-04-13', 175, NULL, NULL, NULL, NULL, NULL, 'append', 0, 0, NULL, NULL, '08:00:00', '13:00:00', 'in', '2022-04-13 04:43:15', '2022-04-13 04:43:15'),
(936, NULL, 72, 4, NULL, '2022-04-13', 175, NULL, NULL, NULL, NULL, NULL, 'append', 0, 0, NULL, NULL, '08:00:00', '13:00:00', 'in', '2022-04-13 04:43:15', '2022-04-13 04:43:15'),
(937, NULL, 72, 4, NULL, '2022-04-13', 175, NULL, NULL, NULL, NULL, NULL, 'append', 0, 0, NULL, NULL, '08:00:00', '13:00:00', 'in', '2022-04-13 04:43:15', '2022-04-13 04:43:15'),
(944, NULL, 75, 3, NULL, '2022-04-21', 100, NULL, 'P4', NULL, NULL, NULL, 'in', 0, 0, '11:16:55', NULL, '12:00:00', '14:00:00', 'in', '2022-04-21 08:01:25', '2022-04-21 09:16:55'),
(945, NULL, 75, 4, NULL, '2022-04-21', 70, NULL, 'P5', NULL, NULL, NULL, 'in', 0, 0, '11:17:05', NULL, '12:00:00', '14:00:00', 'in', '2022-04-21 08:01:25', '2022-04-21 09:17:05'),
(946, NULL, 75, 1, NULL, '2022-04-21', 60, NULL, 'P6', NULL, NULL, NULL, 'in', 0, 0, '11:17:06', NULL, '12:00:00', '14:00:00', 'in', '2022-04-21 08:01:25', '2022-04-21 09:17:06'),
(950, NULL, 76, 3, NULL, '2022-04-21', 50, NULL, NULL, NULL, NULL, NULL, 'append', 0, 0, NULL, NULL, '12:00:00', '13:00:00', 'in', '2022-04-21 08:52:21', '2022-04-21 08:52:21'),
(951, NULL, 76, 3, NULL, '2022-04-21', 50, NULL, NULL, NULL, NULL, NULL, 'append', 0, 0, NULL, NULL, '12:00:00', '13:00:00', 'in', '2022-04-21 08:52:21', '2022-04-21 08:52:21'),
(952, NULL, 76, 3, NULL, '2022-04-21', 50, NULL, NULL, NULL, NULL, NULL, 'append', 0, 0, NULL, NULL, '12:00:00', '13:00:00', 'in', '2022-04-21 08:52:21', '2022-04-21 08:52:21'),
(953, NULL, 76, 4, NULL, '2022-04-21', 35, NULL, NULL, NULL, NULL, '', 'append', 0, 0, NULL, NULL, '12:00:00', '13:00:00', 'in', '2022-04-21 08:52:21', '2022-04-21 08:52:21'),
(954, NULL, 76, 4, NULL, '2022-04-21', 35, NULL, NULL, NULL, NULL, NULL, 'append', 0, 0, NULL, NULL, '12:00:00', '13:00:00', 'in', '2022-04-21 08:52:21', '2022-04-21 08:52:21'),
(955, NULL, 76, 2, NULL, '2022-04-21', 40, NULL, NULL, NULL, NULL, NULL, 'append', 0, 0, NULL, NULL, '12:00:00', '13:00:00', 'in', '2022-04-21 08:52:22', '2022-04-21 08:52:22'),
(956, NULL, 77, 3, NULL, '2022-04-21', 150, NULL, NULL, NULL, NULL, NULL, 'append', 0, 0, NULL, NULL, '13:00:00', '16:00:00', 'in', '2022-04-21 09:43:53', '2022-04-21 09:43:53'),
(957, NULL, 77, 4, NULL, '2022-04-21', 105, NULL, NULL, NULL, NULL, NULL, 'append', 0, 0, NULL, NULL, '13:00:00', '16:00:00', 'in', '2022-04-21 09:43:53', '2022-04-21 09:43:53'),
(958, NULL, 77, 2, NULL, '2022-04-21', 120, NULL, NULL, NULL, NULL, NULL, 'append', 0, 0, NULL, NULL, '13:00:00', '16:00:00', 'in', '2022-04-21 09:43:53', '2022-04-21 09:43:53'),
(959, NULL, 77, 1, NULL, '2022-04-21', 90, NULL, NULL, NULL, NULL, NULL, 'append', 0, 0, NULL, NULL, '13:00:00', '16:00:00', 'in', '2022-04-21 09:43:54', '2022-04-21 09:43:54'),
(960, NULL, 78, 3, NULL, '2022-04-21', 100, NULL, NULL, NULL, NULL, NULL, 'append', 0, 0, NULL, NULL, '13:00:00', '15:00:00', 'in', '2022-04-21 09:46:02', '2022-04-21 09:46:02'),
(961, NULL, 78, 4, NULL, '2022-04-21', 70, NULL, NULL, NULL, NULL, NULL, 'append', 0, 0, NULL, NULL, '13:00:00', '15:00:00', 'in', '2022-04-21 09:46:02', '2022-04-21 09:46:02'),
(962, NULL, 78, 2, NULL, '2022-04-21', 80, NULL, NULL, NULL, NULL, NULL, 'append', 0, 0, NULL, NULL, '13:00:00', '15:00:00', 'in', '2022-04-21 09:46:03', '2022-04-21 09:46:03'),
(963, NULL, 78, 1, NULL, '2022-04-21', 60, NULL, NULL, NULL, NULL, NULL, 'append', 0, 0, NULL, NULL, '13:00:00', '15:00:00', 'in', '2022-04-21 09:46:03', '2022-04-21 09:46:03'),
(964, NULL, 79, 3, NULL, '2022-04-21', 250, NULL, NULL, NULL, NULL, NULL, 'append', 0, 0, NULL, NULL, '13:00:00', '18:00:00', 'in', '2022-04-21 09:51:59', '2022-04-21 09:51:59'),
(965, NULL, 79, 4, NULL, '2022-04-21', 175, NULL, NULL, NULL, NULL, NULL, 'append', 0, 0, NULL, NULL, '13:00:00', '18:00:00', 'in', '2022-04-21 09:51:59', '2022-04-21 09:51:59'),
(966, NULL, 79, 2, NULL, '2022-04-21', 200, NULL, NULL, NULL, NULL, NULL, 'append', 0, 0, NULL, NULL, '13:00:00', '18:00:00', 'in', '2022-04-21 09:51:59', '2022-04-21 09:51:59'),
(967, NULL, 79, 1, NULL, '2022-04-21', 150, NULL, NULL, NULL, NULL, NULL, 'append', 0, 0, NULL, NULL, '13:00:00', '18:00:00', 'in', '2022-04-21 09:52:00', '2022-04-21 09:52:00'),
(968, NULL, 79, 1, NULL, '2022-04-21', 150, NULL, NULL, NULL, NULL, NULL, 'append', 0, 0, NULL, NULL, '13:00:00', '18:00:00', 'in', '2022-04-21 09:52:00', '2022-04-21 09:52:00'),
(969, NULL, 80, 3, NULL, '2022-04-21', 100, NULL, NULL, NULL, NULL, NULL, 'append', 0, 0, NULL, NULL, '13:00:00', '15:00:00', 'in', '2022-04-21 09:56:35', '2022-04-21 09:56:35'),
(970, NULL, 80, 4, NULL, '2022-04-21', 70, NULL, NULL, NULL, NULL, NULL, 'append', 0, 0, NULL, NULL, '13:00:00', '15:00:00', 'in', '2022-04-21 09:56:35', '2022-04-21 09:56:35'),
(971, NULL, 80, 4, NULL, '2022-04-21', 70, NULL, NULL, NULL, NULL, NULL, 'append', 0, 0, NULL, NULL, '13:00:00', '15:00:00', 'in', '2022-04-21 09:56:35', '2022-04-21 09:56:35'),
(972, NULL, 80, 4, NULL, '2022-04-21', 70, NULL, NULL, NULL, NULL, NULL, 'append', 0, 0, NULL, NULL, '13:00:00', '15:00:00', 'in', '2022-04-21 09:56:35', '2022-04-21 09:56:35'),
(973, NULL, 80, 2, NULL, '2022-04-21', 80, NULL, NULL, NULL, NULL, NULL, 'append', 0, 0, NULL, NULL, '13:00:00', '15:00:00', 'in', '2022-04-21 09:56:36', '2022-04-21 09:56:36'),
(974, NULL, 80, 2, NULL, '2022-04-21', 80, NULL, NULL, NULL, NULL, NULL, 'append', 0, 0, NULL, NULL, '13:00:00', '15:00:00', 'in', '2022-04-21 09:56:36', '2022-04-21 09:56:36'),
(975, NULL, 81, 3, NULL, '2022-04-21', 60, NULL, NULL, NULL, NULL, NULL, 'append', 0, 0, NULL, NULL, '18:00:00', '19:00:00', 'in', '2022-04-21 09:58:16', '2022-04-21 09:58:16'),
(976, NULL, 81, 4, NULL, '2022-04-21', 70, NULL, NULL, NULL, NULL, NULL, 'append', 0, 0, NULL, NULL, '18:00:00', '19:00:00', 'in', '2022-04-21 09:58:17', '2022-04-21 09:58:17'),
(977, NULL, 81, 2, NULL, '2022-04-21', 50, NULL, NULL, NULL, NULL, NULL, 'append', 0, 0, NULL, NULL, '18:00:00', '19:00:00', 'in', '2022-04-21 09:58:17', '2022-04-21 09:58:17'),
(978, NULL, 82, 3, NULL, '2022-04-21', 50, NULL, NULL, NULL, NULL, NULL, 'append', 0, 0, NULL, NULL, '13:00:00', '14:00:00', 'in', '2022-04-21 09:59:27', '2022-04-21 09:59:27'),
(979, NULL, 82, 3, NULL, '2022-04-21', 50, NULL, NULL, NULL, NULL, NULL, 'append', 0, 0, NULL, NULL, '13:00:00', '14:00:00', 'in', '2022-04-21 09:59:27', '2022-04-21 09:59:27'),
(980, NULL, 82, 4, NULL, '2022-04-21', 35, NULL, NULL, NULL, NULL, NULL, 'append', 0, 0, NULL, NULL, '13:00:00', '14:00:00', 'in', '2022-04-21 09:59:27', '2022-04-21 09:59:27'),
(981, NULL, 82, 2, NULL, '2022-04-21', 40, NULL, NULL, NULL, NULL, NULL, 'append', 0, 0, NULL, NULL, '13:00:00', '14:00:00', 'in', '2022-04-21 09:59:27', '2022-04-21 09:59:27'),
(982, NULL, 83, 3, NULL, '2022-04-21', 100, NULL, NULL, NULL, NULL, NULL, 'append', 0, 0, NULL, NULL, '14:00:00', '16:00:00', 'in', '2022-04-21 10:00:55', '2022-04-21 10:00:55'),
(983, NULL, 83, 2, NULL, '2022-04-21', 80, NULL, NULL, NULL, NULL, NULL, 'append', 0, 0, NULL, NULL, '14:00:00', '16:00:00', 'in', '2022-04-21 10:00:55', '2022-04-21 10:00:55'),
(984, NULL, 83, 1, NULL, '2022-04-21', 60, NULL, NULL, NULL, NULL, NULL, 'append', 0, 0, NULL, NULL, '14:00:00', '16:00:00', 'in', '2022-04-21 10:00:55', '2022-04-21 10:00:55'),
(985, 130, NULL, 3, NULL, '2022-04-21', 100, NULL, NULL, NULL, NULL, NULL, 'append', 0, 0, NULL, NULL, '14:00:00', '16:00:00', 'in', '2022-04-21 10:09:56', '2022-04-21 10:09:56'),
(986, 130, NULL, 4, NULL, '2022-04-21', 70, NULL, NULL, NULL, NULL, NULL, 'append', 0, 0, NULL, NULL, '14:00:00', '16:00:00', 'in', '2022-04-21 10:09:56', '2022-04-21 10:09:56'),
(987, 130, NULL, 2, NULL, '2022-04-21', 80, NULL, NULL, NULL, NULL, NULL, 'append', 0, 0, NULL, NULL, '14:00:00', '16:00:00', 'in', '2022-04-21 10:09:56', '2022-04-21 10:09:56'),
(988, 130, NULL, 1, NULL, '2022-04-21', 60, NULL, NULL, NULL, NULL, NULL, 'append', 0, 0, NULL, NULL, '14:00:00', '16:00:00', 'in', '2022-04-21 10:09:56', '2022-04-21 10:09:56'),
(993, NULL, 84, 3, NULL, '2022-04-24', 120, NULL, NULL, NULL, NULL, '', 'append', 0, 0, NULL, NULL, '17:00:00', '19:00:00', 'in', '2022-04-24 04:32:44', '2022-04-24 04:32:44'),
(994, NULL, 84, 4, NULL, '2022-04-24', 140, NULL, NULL, NULL, NULL, NULL, 'append', 0, 0, NULL, NULL, '17:00:00', '19:00:00', 'in', '2022-04-24 04:32:44', '2022-04-24 04:32:44'),
(1000, 132, NULL, 3, NULL, '2022-04-24', 100, NULL, 'E08', '', '0000-00-00', '', 'in', 0, 0, NULL, NULL, '08:00:00', '10:00:00', 'in', '2022-04-24 04:43:12', '2022-04-24 05:10:13'),
(1001, 132, NULL, 4, NULL, '2022-04-24', 70, NULL, 'E09', '', '0000-00-00', '', 'in', 0, 0, NULL, NULL, '08:00:00', '10:00:00', 'in', '2022-04-24 04:43:12', '2022-04-24 05:10:14'),
(1002, 132, NULL, 1, NULL, '2022-04-24', 60, NULL, 'E10', '', '0000-00-00', '', 'in', 0, 0, NULL, NULL, '08:00:00', '10:00:00', 'in', '2022-04-24 04:43:12', '2022-04-24 05:10:14'),
(1003, 133, NULL, 3, NULL, '2022-04-24', 100, NULL, 'E22', '', NULL, '', 'in', 0, 0, '03:25:46', NULL, '07:00:00', '09:00:00', 'in', '2022-04-24 05:18:53', '2022-04-24 05:25:46'),
(1004, 133, NULL, 4, NULL, '2022-04-24', 70, NULL, 'E23', '', NULL, '', 'in', 0, 0, '03:25:46', NULL, '07:00:00', '09:00:00', 'in', '2022-04-24 05:18:53', '2022-04-24 05:25:46'),
(1005, 133, NULL, 2, NULL, '2022-04-24', 80, NULL, 'E24', '', NULL, '', 'in', 0, 0, '03:25:46', NULL, '07:00:00', '09:00:00', 'in', '2022-04-24 05:18:53', '2022-04-24 05:25:46'),
(1006, 133, NULL, 1, NULL, '2022-04-24', 60, NULL, 'E25', '', NULL, '', 'in', 0, 0, '03:25:46', NULL, '07:00:00', '09:00:00', 'in', '2022-04-24 05:18:53', '2022-04-24 05:25:46'),
(1007, 135, NULL, 3, NULL, '2022-04-24', 150, NULL, 'P05', '', NULL, '', 'in', 0, 0, '08:52:28', NULL, '10:00:00', '13:00:00', 'in', '2022-04-24 06:21:23', '2022-04-24 06:52:28'),
(1008, 135, NULL, 3, NULL, '2022-04-24', 150, NULL, 'P06', '', NULL, '', 'in', 0, 0, '08:52:28', NULL, '10:00:00', '13:00:00', 'in', '2022-04-24 06:21:24', '2022-04-24 06:52:28'),
(1009, 135, NULL, 3, NULL, '2022-04-24', 150, NULL, 'P07', '', NULL, '', 'in', 0, 0, '08:52:28', NULL, '10:00:00', '13:00:00', 'in', '2022-04-24 06:21:24', '2022-04-24 06:52:28'),
(1010, 135, NULL, 3, NULL, '2022-04-24', 150, NULL, 'P08', '', NULL, '', 'in', 0, 0, '08:52:28', NULL, '10:00:00', '13:00:00', 'in', '2022-04-24 06:21:24', '2022-04-24 06:52:28'),
(1011, 135, NULL, 4, NULL, '2022-04-24', 105, NULL, 'P09', '', NULL, '', 'in', 0, 0, '08:52:28', NULL, '10:00:00', '13:00:00', 'in', '2022-04-24 06:21:24', '2022-04-24 06:52:28'),
(1012, 135, NULL, 4, NULL, '2022-04-24', 105, NULL, 'P10', '', NULL, '', 'in', 0, 0, '08:52:28', NULL, '10:00:00', '13:00:00', 'in', '2022-04-24 06:21:24', '2022-04-24 06:52:28'),
(1013, 135, NULL, 2, NULL, '2022-04-24', 120, NULL, 'P11', '', NULL, '', 'in', 0, 0, '08:52:28', NULL, '10:00:00', '13:00:00', 'in', '2022-04-24 06:21:24', '2022-04-24 06:52:28'),
(1014, 135, NULL, 2, NULL, '2022-04-24', 120, NULL, 'P12', '', NULL, '', 'in', 0, 0, '08:52:28', NULL, '10:00:00', '13:00:00', 'in', '2022-04-24 06:21:24', '2022-04-24 06:52:28'),
(1015, 135, NULL, 2, NULL, '2022-04-24', 120, NULL, 'P13', '', NULL, '', 'in', 0, 0, '08:52:28', NULL, '10:00:00', '13:00:00', 'in', '2022-04-24 06:21:24', '2022-04-24 06:52:28'),
(1016, 136, NULL, 3, NULL, '2022-04-24', 150, NULL, 'P14', '', NULL, '', 'in', 0, 0, '09:18:47', NULL, '13:00:00', '16:00:00', 'in', '2022-04-24 07:18:12', '2022-04-24 07:18:47'),
(1017, 136, NULL, 3, NULL, '2022-04-24', 150, NULL, 'P15', '', NULL, '', 'in', 0, 0, '09:18:47', NULL, '13:00:00', '16:00:00', 'in', '2022-04-24 07:18:12', '2022-04-24 07:18:47'),
(1018, 136, NULL, 3, NULL, '2022-04-24', 150, NULL, 'P16', '', NULL, '', 'in', 0, 0, '09:18:47', NULL, '13:00:00', '16:00:00', 'in', '2022-04-24 07:18:12', '2022-04-24 07:18:47'),
(1019, 136, NULL, 3, NULL, '2022-04-24', 150, NULL, 'P17', '', NULL, '', 'in', 0, 0, '09:18:47', NULL, '13:00:00', '16:00:00', 'in', '2022-04-24 07:18:12', '2022-04-24 07:18:47'),
(1020, 136, NULL, 4, NULL, '2022-04-24', 105, NULL, 'P18', '', NULL, '', 'in', 0, 0, '09:18:47', NULL, '13:00:00', '16:00:00', 'in', '2022-04-24 07:18:12', '2022-04-24 07:18:47'),
(1021, 136, NULL, 4, NULL, '2022-04-24', 105, NULL, 'P19', '', NULL, '', 'in', 0, 0, '09:18:48', NULL, '13:00:00', '16:00:00', 'in', '2022-04-24 07:18:12', '2022-04-24 07:18:48'),
(1022, 136, NULL, 4, NULL, '2022-04-24', 105, NULL, 'P20', '', NULL, '', 'in', 0, 0, '09:18:48', NULL, '13:00:00', '16:00:00', 'in', '2022-04-24 07:18:12', '2022-04-24 07:18:48'),
(1023, 136, NULL, 2, NULL, '2022-04-24', 120, NULL, 'P21', '', NULL, '', 'in', 0, 0, '09:18:48', NULL, '13:00:00', '16:00:00', 'in', '2022-04-24 07:18:12', '2022-04-24 07:18:48'),
(1024, 136, NULL, 2, NULL, '2022-04-24', 120, NULL, 'P22', '', NULL, '', 'in', 0, 0, '09:18:48', NULL, '13:00:00', '16:00:00', 'in', '2022-04-24 07:18:12', '2022-04-24 07:18:48'),
(1025, 137, NULL, 3, NULL, '2022-04-24', 100, NULL, 'R0', '', NULL, '', 'in', 0, 0, '09:20:46', NULL, '13:00:00', '15:00:00', 'in', '2022-04-24 07:20:17', '2022-04-24 07:20:46'),
(1026, 137, NULL, 3, NULL, '2022-04-24', 100, NULL, 'T0', '', NULL, '', 'in', 0, 0, '09:21:20', NULL, '13:00:00', '15:00:00', 'in', '2022-04-24 07:20:17', '2022-04-24 07:21:20'),
(1027, 137, NULL, 3, NULL, '2022-04-24', 100, NULL, 'M05', '', NULL, '', 'in', 0, 0, '09:21:50', NULL, '13:00:00', '15:00:00', 'in', '2022-04-24 07:20:17', '2022-04-24 07:21:50'),
(1028, 137, NULL, 4, NULL, '2022-04-24', 70, NULL, 'M06', '', NULL, '', 'in', 0, 0, '09:21:50', NULL, '13:00:00', '15:00:00', 'in', '2022-04-24 07:20:18', '2022-04-24 07:21:50'),
(1029, 137, NULL, 4, NULL, '2022-04-24', 70, NULL, 'M07', '', NULL, '', 'in', 0, 0, '09:21:50', NULL, '13:00:00', '15:00:00', 'in', '2022-04-24 07:20:18', '2022-04-24 07:21:50'),
(1030, 137, NULL, 4, NULL, '2022-04-24', 70, NULL, 'M08', '', NULL, '', 'in', 0, 0, '09:21:50', NULL, '13:00:00', '15:00:00', 'in', '2022-04-24 07:20:18', '2022-04-24 07:21:50'),
(1031, 137, NULL, 4, NULL, '2022-04-24', 70, NULL, 'M09', '', NULL, '', 'in', 0, 0, '09:21:50', NULL, '13:00:00', '15:00:00', 'in', '2022-04-24 07:20:18', '2022-04-24 07:21:50'),
(1032, 137, NULL, 2, NULL, '2022-04-24', 80, NULL, 'M10', '', NULL, '', 'in', 0, 0, '09:21:50', NULL, '13:00:00', '15:00:00', 'in', '2022-04-24 07:20:18', '2022-04-24 07:21:50'),
(1033, 137, NULL, 2, NULL, '2022-04-24', 80, NULL, 'M11', '', NULL, '', 'in', 0, 0, '09:21:50', NULL, '13:00:00', '15:00:00', 'in', '2022-04-24 07:20:18', '2022-04-24 07:21:50'),
(1034, 137, NULL, 2, NULL, '2022-04-24', 80, NULL, 'M12', '', NULL, '', 'in', 0, 0, '09:21:51', NULL, '13:00:00', '15:00:00', 'in', '2022-04-24 07:20:18', '2022-04-24 07:21:51'),
(1035, 137, NULL, 2, NULL, '2022-04-24', 80, NULL, 'M13', '', NULL, '', 'in', 0, 0, '09:21:51', NULL, '13:00:00', '15:00:00', 'in', '2022-04-24 07:20:18', '2022-04-24 07:21:51'),
(1036, 138, NULL, 3, NULL, '2022-04-24', 100, NULL, 'N57', '', NULL, '', 'in', 0, 0, '09:24:38', NULL, '11:00:00', '13:00:00', 'in', '2022-04-24 07:24:14', '2022-04-24 07:24:38'),
(1037, 138, NULL, 3, NULL, '2022-04-24', 100, NULL, 'N59', '', NULL, '', 'in', 0, 0, '09:24:44', NULL, '11:00:00', '13:00:00', 'in', '2022-04-24 07:24:14', '2022-04-24 07:24:44'),
(1038, 138, NULL, 3, NULL, '2022-04-24', 100, NULL, 'N60', '', NULL, '', 'in', 0, 0, '09:24:44', NULL, '11:00:00', '13:00:00', 'in', '2022-04-24 07:24:14', '2022-04-24 07:24:44'),
(1039, 138, NULL, 4, NULL, '2022-04-24', 70, NULL, 'N61', '', NULL, '', 'in', 0, 0, '09:24:44', NULL, '11:00:00', '13:00:00', 'in', '2022-04-24 07:24:14', '2022-04-24 07:24:44'),
(1040, 138, NULL, 4, NULL, '2022-04-24', 70, NULL, 'N62', '', NULL, '', 'in', 0, 0, '09:24:44', NULL, '11:00:00', '13:00:00', 'in', '2022-04-24 07:24:14', '2022-04-24 07:24:44'),
(1041, 138, NULL, 4, NULL, '2022-04-24', 70, NULL, 'N63', '', NULL, '', 'in', 0, 0, '09:24:44', NULL, '11:00:00', '13:00:00', 'in', '2022-04-24 07:24:15', '2022-04-24 07:24:44'),
(1042, 138, NULL, 4, NULL, '2022-04-24', 70, NULL, 'N64', '', NULL, '', 'in', 0, 0, '09:24:44', NULL, '11:00:00', '13:00:00', 'in', '2022-04-24 07:24:15', '2022-04-24 07:24:44'),
(1043, NULL, 85, 4, NULL, '2022-04-24', NULL, NULL, NULL, NULL, NULL, NULL, 'append', 0, 0, NULL, NULL, '14:00:00', '16:00:00', 'in', '2022-04-24 08:09:45', '2022-04-24 08:09:45'),
(1044, NULL, 85, 4, NULL, '2022-04-24', 70, NULL, NULL, NULL, NULL, NULL, 'append', 0, 0, NULL, NULL, '14:00:00', '16:00:00', 'in', '2022-04-24 08:09:46', '2022-04-24 08:09:46'),
(1045, NULL, 85, 4, NULL, '2022-04-24', 70, NULL, NULL, NULL, NULL, NULL, 'append', 0, 0, NULL, NULL, '14:00:00', '16:00:00', 'in', '2022-04-24 08:09:46', '2022-04-24 08:09:46'),
(1046, NULL, 86, 3, NULL, '2022-04-24', 100, NULL, NULL, NULL, NULL, NULL, 'append', 0, 0, NULL, NULL, '13:00:00', '15:00:00', 'in', '2022-04-24 09:31:06', '2022-04-24 09:31:06'),
(1047, NULL, 86, 4, NULL, '2022-04-24', 70, NULL, NULL, NULL, NULL, NULL, 'append', 0, 0, NULL, NULL, '13:00:00', '15:00:00', 'in', '2022-04-24 09:31:06', '2022-04-24 09:31:06'),
(1048, NULL, 86, 2, NULL, '2022-04-24', 80, NULL, NULL, NULL, NULL, NULL, 'append', 0, 0, NULL, NULL, '13:00:00', '15:00:00', 'in', '2022-04-24 09:31:06', '2022-04-24 09:31:06'),
(1049, NULL, 86, 2, NULL, '2022-04-24', 80, NULL, NULL, NULL, NULL, NULL, 'append', 0, 0, NULL, NULL, '13:00:00', '15:00:00', 'in', '2022-04-24 09:31:06', '2022-04-24 09:31:06'),
(1050, NULL, 86, 1, NULL, '2022-04-24', 60, NULL, NULL, NULL, NULL, NULL, 'append', 0, 0, NULL, NULL, '13:00:00', '15:00:00', 'in', '2022-04-24 09:31:07', '2022-04-24 09:31:07'),
(1051, NULL, 86, 1, NULL, '2022-04-24', 60, NULL, NULL, NULL, NULL, NULL, 'append', 0, 0, NULL, NULL, '13:00:00', '15:00:00', 'in', '2022-04-24 09:31:07', '2022-04-24 09:31:07'),
(1052, NULL, 87, 3, NULL, '2022-04-24', 100, NULL, NULL, NULL, NULL, NULL, 'append', 0, 0, NULL, NULL, '13:00:00', '15:00:00', 'in', '2022-04-24 09:49:56', '2022-04-24 09:49:56'),
(1053, NULL, 87, 3, NULL, '2022-04-24', 100, NULL, NULL, NULL, NULL, NULL, 'append', 0, 0, NULL, NULL, '13:00:00', '15:00:00', 'in', '2022-04-24 09:49:56', '2022-04-24 09:49:56'),
(1054, NULL, 87, 3, NULL, '2022-04-24', 100, NULL, NULL, NULL, NULL, NULL, 'append', 0, 0, NULL, NULL, '13:00:00', '15:00:00', 'in', '2022-04-24 09:49:56', '2022-04-24 09:49:56'),
(1055, NULL, 88, 3, NULL, '2022-04-24', 100, NULL, NULL, NULL, NULL, NULL, 'append', 0, 0, NULL, NULL, '13:00:00', '15:00:00', 'in', '2022-04-24 09:52:31', '2022-04-24 09:52:31'),
(1056, NULL, 88, 4, NULL, '2022-04-24', 70, NULL, NULL, NULL, NULL, NULL, 'append', 0, 0, NULL, NULL, '13:00:00', '15:00:00', 'in', '2022-04-24 09:52:31', '2022-04-24 09:52:31'),
(1057, NULL, 88, 2, NULL, '2022-04-24', 80, NULL, NULL, NULL, NULL, NULL, 'append', 0, 0, NULL, NULL, '13:00:00', '15:00:00', 'in', '2022-04-24 09:52:31', '2022-04-24 09:52:31'),
(1058, NULL, 88, 1, NULL, '2022-04-24', 60, NULL, NULL, NULL, NULL, NULL, 'append', 0, 0, NULL, NULL, '13:00:00', '15:00:00', 'in', '2022-04-24 09:52:31', '2022-04-24 09:52:31'),
(1059, NULL, 89, 3, NULL, '2022-04-26', 100, NULL, NULL, NULL, NULL, NULL, 'append', 0, 0, NULL, NULL, '08:00:00', '10:00:00', 'in', '2022-04-26 04:45:22', '2022-04-26 04:45:22'),
(1060, NULL, 89, 4, NULL, '2022-04-26', 70, NULL, NULL, NULL, NULL, NULL, 'append', 0, 0, NULL, NULL, '08:00:00', '10:00:00', 'in', '2022-04-26 04:45:22', '2022-04-26 04:45:22'),
(1061, NULL, 89, 2, NULL, '2022-04-26', 80, NULL, NULL, NULL, NULL, NULL, 'append', 0, 0, NULL, NULL, '08:00:00', '10:00:00', 'in', '2022-04-26 04:45:22', '2022-04-26 04:45:22'),
(1062, NULL, 89, 1, NULL, '2022-04-26', 60, NULL, NULL, NULL, NULL, NULL, 'append', 0, 0, NULL, NULL, '08:00:00', '10:00:00', 'in', '2022-04-26 04:45:22', '2022-04-26 04:45:22'),
(1063, NULL, 90, 3, NULL, '2022-04-26', NULL, NULL, NULL, NULL, NULL, NULL, 'append', 0, 0, NULL, NULL, '08:00:00', '10:00:00', 'in', '2022-04-26 04:49:39', '2022-04-26 04:49:39'),
(1064, NULL, 90, 4, NULL, '2022-04-26', NULL, NULL, NULL, NULL, NULL, NULL, 'append', 0, 0, NULL, NULL, '08:00:00', '10:00:00', 'in', '2022-04-26 04:49:39', '2022-04-26 04:49:39'),
(1065, NULL, 91, 4, NULL, '2022-04-26', 70, NULL, NULL, NULL, NULL, NULL, 'append', 0, 0, NULL, NULL, '08:00:00', '10:00:00', 'in', '2022-04-26 04:56:44', '2022-04-26 04:56:44'),
(1066, NULL, 91, 4, NULL, '2022-04-26', 70, NULL, NULL, NULL, NULL, NULL, 'append', 0, 0, NULL, NULL, '08:00:00', '10:00:00', 'in', '2022-04-26 04:56:44', '2022-04-26 04:56:44'),
(1067, NULL, 91, 2, NULL, '2022-04-26', 80, NULL, NULL, NULL, NULL, NULL, 'append', 0, 0, NULL, NULL, '08:00:00', '10:00:00', 'in', '2022-04-26 04:56:44', '2022-04-26 04:56:44'),
(1068, NULL, 91, 2, NULL, '2022-04-26', 80, NULL, NULL, NULL, NULL, NULL, 'append', 0, 0, NULL, NULL, '08:00:00', '10:00:00', 'in', '2022-04-26 04:56:44', '2022-04-26 04:56:44'),
(1069, NULL, 92, 3, NULL, '2022-04-26', 100, NULL, NULL, NULL, NULL, NULL, 'append', 0, 0, NULL, NULL, '08:00:00', '10:00:00', 'in', '2022-04-26 04:59:12', '2022-04-26 04:59:12'),
(1070, NULL, 92, 4, NULL, '2022-04-26', 70, NULL, NULL, NULL, NULL, NULL, 'append', 0, 0, NULL, NULL, '08:00:00', '10:00:00', 'in', '2022-04-26 04:59:13', '2022-04-26 04:59:13'),
(1071, NULL, 92, 1, NULL, '2022-04-26', 60, NULL, NULL, NULL, NULL, NULL, 'append', 0, 0, NULL, NULL, '08:00:00', '10:00:00', 'in', '2022-04-26 04:59:13', '2022-04-26 04:59:13'),
(1072, NULL, 93, 3, NULL, '2022-04-26', 100, NULL, NULL, NULL, NULL, NULL, 'append', 0, 0, NULL, NULL, '09:00:00', '11:00:00', 'in', '2022-04-26 05:05:00', '2022-04-26 05:05:00'),
(1073, NULL, 93, 4, NULL, '2022-04-26', 70, NULL, NULL, NULL, NULL, NULL, 'append', 0, 0, NULL, NULL, '09:00:00', '11:00:00', 'in', '2022-04-26 05:05:00', '2022-04-26 05:05:00'),
(1074, NULL, 94, 3, NULL, '2022-04-26', 150, NULL, NULL, NULL, NULL, NULL, 'append', 0, 0, NULL, NULL, '09:00:00', '12:00:00', 'in', '2022-04-26 05:05:33', '2022-04-26 05:05:33'),
(1075, NULL, 94, 4, NULL, '2022-04-26', 105, NULL, NULL, NULL, NULL, NULL, 'append', 0, 0, NULL, NULL, '09:00:00', '12:00:00', 'in', '2022-04-26 05:05:33', '2022-04-26 05:05:33'),
(1076, NULL, 95, 3, NULL, '2022-04-26', 100, NULL, NULL, NULL, NULL, NULL, 'append', 0, 0, NULL, NULL, '09:00:00', '11:00:00', 'in', '2022-04-26 06:00:04', '2022-04-26 06:00:04'),
(1077, NULL, 95, 4, NULL, '2022-04-26', 70, NULL, NULL, NULL, NULL, NULL, 'append', 0, 0, NULL, NULL, '09:00:00', '11:00:00', 'in', '2022-04-26 06:00:04', '2022-04-26 06:00:04'),
(1078, 139, NULL, 3, NULL, '2022-04-26', 100, NULL, NULL, NULL, NULL, NULL, 'append', 0, 0, NULL, NULL, '10:00:00', '12:00:00', 'in', '2022-04-26 06:09:50', '2022-04-26 06:09:50'),
(1079, 139, NULL, 4, NULL, '2022-04-26', 70, NULL, NULL, NULL, NULL, NULL, 'append', 0, 0, NULL, NULL, '10:00:00', '12:00:00', 'in', '2022-04-26 06:09:50', '2022-04-26 06:09:50'),
(1080, 139, NULL, 2, NULL, '2022-04-26', 80, NULL, NULL, NULL, NULL, NULL, 'append', 0, 0, NULL, NULL, '10:00:00', '12:00:00', 'in', '2022-04-26 06:09:50', '2022-04-26 06:09:50'),
(1081, 139, NULL, 3, NULL, '2022-04-26', 150, NULL, NULL, NULL, NULL, NULL, 'append', 0, 0, NULL, NULL, '12:00:00', '15:00:00', 'in', '2022-04-26 06:12:38', '2022-04-26 06:12:38'),
(1082, 139, NULL, 4, NULL, '2022-04-26', 105, NULL, NULL, NULL, NULL, NULL, 'append', 0, 0, NULL, NULL, '12:00:00', '15:00:00', 'in', '2022-04-26 06:12:38', '2022-04-26 06:12:38'),
(1083, 139, NULL, 2, NULL, '2022-04-26', 120, NULL, NULL, NULL, NULL, NULL, 'append', 0, 0, NULL, NULL, '12:00:00', '15:00:00', 'in', '2022-04-26 06:12:38', '2022-04-26 06:12:38'),
(1084, 139, NULL, 1, NULL, '2022-04-26', 90, NULL, NULL, NULL, NULL, NULL, 'append', 0, 0, NULL, NULL, '12:00:00', '15:00:00', 'in', '2022-04-26 06:12:39', '2022-04-26 06:12:39');

-- --------------------------------------------------------

--
-- Table structure for table `ticket_rev_products`
--

CREATE TABLE `ticket_rev_products` (
  `id` bigint(20) UNSIGNED NOT NULL,
  `rev_id` bigint(20) UNSIGNED DEFAULT NULL,
  `ticket_id` bigint(20) UNSIGNED DEFAULT NULL,
  `category_id` bigint(20) UNSIGNED DEFAULT NULL,
  `product_id` bigint(20) UNSIGNED DEFAULT NULL,
  `qty` double DEFAULT 0,
  `price` double DEFAULT 0,
  `total_price` double DEFAULT 0,
  `created_at` timestamp NULL DEFAULT NULL,
  `updated_at` timestamp NULL DEFAULT NULL
) ENGINE=InnoDB DEFAULT CHARSET=utf8mb4 COLLATE=utf8mb4_unicode_ci;

--
-- Dumping data for table `ticket_rev_products`
--

INSERT INTO `ticket_rev_products` (`id`, `rev_id`, `ticket_id`, `category_id`, `product_id`, `qty`, `price`, `total_price`, `created_at`, `updated_at`) VALUES
(102, 120, NULL, 1, 4, 5, 39, 195, '2022-04-03 06:45:19', '2022-04-03 06:45:19'),
(103, 120, NULL, 3, 1, 3, 20, 60, '2022-04-03 06:45:19', '2022-04-03 06:45:19'),
(108, 123, NULL, 1, 4, 1, 39, 39, '2022-04-06 09:10:12', '2022-04-06 09:10:12'),
(109, 124, NULL, 3, 1, 1, 20, 20, '2022-04-06 09:31:57', '2022-04-06 09:31:57'),
(111, 127, NULL, 1, 4, 1, 39, 39, '2022-04-07 07:48:42', '2022-04-07 07:48:42'),
(112, 128, NULL, 1, 4, 1, 39, 39, '2022-04-07 09:55:25', '2022-04-07 09:55:25'),
(114, NULL, 68, 2, 2, 2, 35, 70, '2022-04-07 21:32:45', '2022-04-07 21:32:45'),
(115, NULL, 68, 1, 4, 1, 39, 39, '2022-04-07 21:32:45', '2022-04-07 21:32:45'),
(119, NULL, 69, 1, 4, 1, 39, 39, '2022-04-07 21:45:48', '2022-04-07 21:45:48'),
(120, NULL, 69, 2, 2, 1, 35, 35, '2022-04-07 21:45:48', '2022-04-07 21:45:48'),
(122, NULL, 70, 1, 4, 1, 39, 39, '2022-04-07 23:02:21', '2022-04-07 23:02:21'),
(123, NULL, 71, 1, 4, 1, 39, 39, '2022-04-10 12:13:10', '2022-04-10 12:13:10'),
(124, 129, NULL, 3, 1, 1, 20, 20, '2022-04-13 04:32:28', '2022-04-13 04:32:28'),
(125, NULL, 72, 3, 1, 1, 20, 20, '2022-04-13 04:43:15', '2022-04-13 04:43:15'),
(128, NULL, 75, 1, 4, 1, 39, 39, '2022-04-21 08:01:25', '2022-04-21 08:01:25'),
(130, NULL, 76, 2, 2, 1, 35, 35, '2022-04-21 08:52:22', '2022-04-21 08:52:22'),
(131, NULL, 78, 1, 4, 1, 39, 39, '2022-04-21 09:46:03', '2022-04-21 09:46:03'),
(132, NULL, 79, 1, 4, 1, 39, 39, '2022-04-21 09:52:00', '2022-04-21 09:52:00'),
(133, NULL, 80, 1, 4, 1, 39, 39, '2022-04-21 09:56:36', '2022-04-21 09:56:36'),
(134, NULL, 81, 1, 4, 1, 39, 39, '2022-04-21 09:58:17', '2022-04-21 09:58:17'),
(135, NULL, 82, 1, 4, 1, 39, 39, '2022-04-21 09:59:27', '2022-04-21 09:59:27'),
(136, NULL, 83, 3, 1, 1, 20, 20, '2022-04-21 10:00:55', '2022-04-21 10:00:55'),
(137, 130, NULL, 1, 4, 1, 39, 39, '2022-04-21 10:09:56', '2022-04-21 10:09:56'),
(139, NULL, 84, 2, 2, 1, 35, 35, '2022-04-24 04:32:45', '2022-04-24 04:32:45'),
(141, 132, NULL, 1, 4, 2, 39, 78, '2022-04-24 04:43:12', '2022-04-24 04:43:12'),
(142, 133, NULL, 1, 4, 1, 39, 39, '2022-04-24 05:18:54', '2022-04-24 05:18:54'),
(143, 135, NULL, 1, 4, 2, 39, 78, '2022-04-24 06:21:24', '2022-04-24 06:21:24'),
(144, 136, NULL, 1, 4, 2, 39, 78, '2022-04-24 07:18:12', '2022-04-24 07:18:12'),
(145, 137, NULL, 1, 4, 1, 39, 39, '2022-04-24 07:20:18', '2022-04-24 07:20:18'),
(146, 138, NULL, 1, 4, 3, 39, 117, '2022-04-24 07:24:15', '2022-04-24 07:24:15'),
(147, NULL, 85, 1, 4, 2, 39, 78, '2022-04-24 08:09:46', '2022-04-24 08:09:46'),
(148, NULL, 86, 1, 4, 4, 39, 156, '2022-04-24 09:31:07', '2022-04-24 09:31:07'),
(149, NULL, 86, 3, 1, 1, 20, 20, '2022-04-24 09:31:07', '2022-04-24 09:31:07'),
(150, NULL, 87, 2, 2, 2, 35, 70, '2022-04-24 09:49:56', '2022-04-24 09:49:56'),
(151, NULL, 88, 1, 4, 1, 39, 39, '2022-04-24 09:52:31', '2022-04-24 09:52:31'),
(152, NULL, 89, 2, 2, 2, 35, 70, '2022-04-26 04:45:23', '2022-04-26 04:45:23'),
(153, NULL, 90, 1, 4, 1, 39, 39, '2022-04-26 04:49:39', '2022-04-26 04:49:39'),
(154, NULL, 91, 1, 4, 2, 39, 78, '2022-04-26 04:56:44', '2022-04-26 04:56:44'),
(155, NULL, 92, 1, 4, 1, 39, 39, '2022-04-26 04:59:13', '2022-04-26 04:59:13'),
(156, NULL, 93, 1, 4, 2, 39, 78, '2022-04-26 05:05:01', '2022-04-26 05:05:01'),
(157, NULL, 94, 1, 4, 1, 39, 39, '2022-04-26 05:05:33', '2022-04-26 05:05:33'),
(158, NULL, 95, 2, 2, 1, 35, 35, '2022-04-26 06:00:04', '2022-04-26 06:00:04'),
(159, 139, NULL, 1, 4, 1, 39, 39, '2022-04-26 06:09:50', '2022-04-26 06:09:50'),
(160, 139, NULL, 1, 4, 2, 39, 78, '2022-04-26 06:12:39', '2022-04-26 06:12:39');

-- --------------------------------------------------------

--
-- Table structure for table `users`
--

CREATE TABLE `users` (
  `id` bigint(20) UNSIGNED NOT NULL,
  `name` varchar(255) COLLATE utf8mb4_unicode_ci DEFAULT NULL,
  `user_name` varchar(255) COLLATE utf8mb4_unicode_ci DEFAULT NULL,
  `password` varchar(255) COLLATE utf8mb4_unicode_ci DEFAULT NULL,
  `photo` varchar(255) COLLATE utf8mb4_unicode_ci DEFAULT NULL,
  `remember_token` varchar(100) COLLATE utf8mb4_unicode_ci DEFAULT NULL,
  `created_at` timestamp NULL DEFAULT NULL,
  `updated_at` timestamp NULL DEFAULT NULL
) ENGINE=InnoDB DEFAULT CHARSET=utf8mb4 COLLATE=utf8mb4_unicode_ci;

--
-- Dumping data for table `users`
--

INSERT INTO `users` (`id`, `name`, `user_name`, `password`, `photo`, `remember_token`, `created_at`, `updated_at`) VALUES
(4, 'admin', 'admin', '$2y$10$m9kgVvt1naigDuk4TnUeUO46cW1nlMaXJnDMjTpCL5cGtz16tXbx6', NULL, NULL, '2022-02-23 11:19:50', '2022-02-23 11:19:50'),
(7, 'test', 'test', '$2y$10$IMe/xqCA26biPXY3bv5lSuY1kHeHUZyhTA.LCQddQWA4E8GRrkrJe', NULL, NULL, '2022-04-03 05:27:04', '2022-04-03 05:35:51'),
(8, 'ahmed', 'ahmed', '$2y$10$m9kgVvt1naigDuk4TnUeUO46cW1nlMaXJnDMjTpCL5cGtz16tXbx6', NULL, NULL, '2022-04-03 06:09:16', '2022-04-03 06:09:16');

-- --------------------------------------------------------

--
-- Table structure for table `visitor_types`
--

CREATE TABLE `visitor_types` (
  `id` bigint(20) UNSIGNED NOT NULL,
  `title` varchar(500) COLLATE utf8mb4_unicode_ci DEFAULT NULL,
  `photo` varchar(500) COLLATE utf8mb4_unicode_ci DEFAULT NULL,
  `created_at` timestamp NULL DEFAULT NULL,
  `updated_at` timestamp NULL DEFAULT NULL
) ENGINE=InnoDB DEFAULT CHARSET=utf8mb4 COLLATE=utf8mb4_unicode_ci;

--
-- Dumping data for table `visitor_types`
--

INSERT INTO `visitor_types` (`id`, `title`, `photo`, `created_at`, `updated_at`) VALUES
(1, 'toddler', 'assets/uploads/types/toddler.jpg', NULL, NULL),
(2, 'kid', 'assets/uploads/types/kid.jpg', NULL, NULL),
(3, 'adult', 'assets/uploads/types/adult.jpg', NULL, NULL),
(4, 'Extra_Adult', 'assets/uploads/visitors/23711647098531.png', '2022-03-12 13:22:11', '2022-03-13 06:29:01');

--
-- Indexes for dumped tables
--

--
-- Indexes for table `about_us`
--
ALTER TABLE `about_us`
  ADD PRIMARY KEY (`id`);

--
-- Indexes for table `activities`
--
ALTER TABLE `activities`
  ADD PRIMARY KEY (`id`);

--
-- Indexes for table `admins`
--
ALTER TABLE `admins`
  ADD PRIMARY KEY (`id`),
  ADD UNIQUE KEY `admins_email_unique` (`email`);

--
-- Indexes for table `bracelets`
--
ALTER TABLE `bracelets`
  ADD PRIMARY KEY (`id`);

--
-- Indexes for table `capacity_days`
--
ALTER TABLE `capacity_days`
  ADD PRIMARY KEY (`id`);

--
-- Indexes for table `categories`
--
ALTER TABLE `categories`
  ADD PRIMARY KEY (`id`);

--
-- Indexes for table `cities`
--
ALTER TABLE `cities`
  ADD PRIMARY KEY (`id`),
  ADD KEY `cities_gov_id_foreign` (`gov_id`);

--
-- Indexes for table `clients`
--
ALTER TABLE `clients`
  ADD PRIMARY KEY (`id`),
  ADD KEY `clients_giv_id_foreign` (`gov_id`),
  ADD KEY `clients_city_id_foreign` (`city_id`),
  ADD KEY `clients_ref_id_foreign` (`ref_id`);

--
-- Indexes for table `contact_us`
--
ALTER TABLE `contact_us`
  ADD PRIMARY KEY (`id`);

--
-- Indexes for table `discount_reasons`
--
ALTER TABLE `discount_reasons`
  ADD PRIMARY KEY (`id`);

--
-- Indexes for table `events`
--
ALTER TABLE `events`
  ADD PRIMARY KEY (`id`);

--
-- Indexes for table `failed_jobs`
--
ALTER TABLE `failed_jobs`
  ADD PRIMARY KEY (`id`);

--
-- Indexes for table `general_settings`
--
ALTER TABLE `general_settings`
  ADD PRIMARY KEY (`id`);

--
-- Indexes for table `governorates`
--
ALTER TABLE `governorates`
  ADD PRIMARY KEY (`id`);

--
-- Indexes for table `migrations`
--
ALTER TABLE `migrations`
  ADD PRIMARY KEY (`id`);

--
-- Indexes for table `model_has_permissions`
--
ALTER TABLE `model_has_permissions`
  ADD PRIMARY KEY (`permission_id`,`model_id`,`model_type`),
  ADD KEY `model_has_permissions_model_id_model_type_index` (`model_id`,`model_type`);

--
-- Indexes for table `model_has_roles`
--
ALTER TABLE `model_has_roles`
  ADD PRIMARY KEY (`role_id`,`model_id`,`model_type`),
  ADD KEY `model_has_roles_model_id_model_type_index` (`model_id`,`model_type`);

--
-- Indexes for table `offers`
--
ALTER TABLE `offers`
  ADD PRIMARY KEY (`id`);

--
-- Indexes for table `offer_items`
--
ALTER TABLE `offer_items`
  ADD PRIMARY KEY (`id`),
  ADD KEY `offer_items_offer_id_foreign` (`offer_id`);

--
-- Indexes for table `password_resets`
--
ALTER TABLE `password_resets`
  ADD KEY `password_resets_email_index` (`email`);

--
-- Indexes for table `payments`
--
ALTER TABLE `payments`
  ADD PRIMARY KEY (`id`),
  ADD KEY `payments_rev_id_foreign` (`rev_id`),
  ADD KEY `payments_ticket_id_foreign` (`ticket_id`);

--
-- Indexes for table `permissions`
--
ALTER TABLE `permissions`
  ADD PRIMARY KEY (`id`),
  ADD UNIQUE KEY `permissions_name_guard_name_unique` (`name`,`guard_name`);

--
-- Indexes for table `products`
--
ALTER TABLE `products`
  ADD PRIMARY KEY (`id`),
  ADD KEY `products_category_id_foreign` (`category_id`);

--
-- Indexes for table `references`
--
ALTER TABLE `references`
  ADD PRIMARY KEY (`id`);

--
-- Indexes for table `reservations`
--
ALTER TABLE `reservations`
  ADD PRIMARY KEY (`id`),
  ADD KEY `reservations_giv_id_foreign` (`gov_id`),
  ADD KEY `reservations_city_id_foreign` (`city_id`),
  ADD KEY `reservations_event_id_foreign` (`event_id`),
  ADD KEY `reservations_shift_id_foreign` (`shift_id`);

--
-- Indexes for table `reservations_birth_day_infos`
--
ALTER TABLE `reservations_birth_day_infos`
  ADD PRIMARY KEY (`id`),
  ADD KEY `reservations_birth_day_infos_rev_id_foreign` (`rev_id`);

--
-- Indexes for table `roles`
--
ALTER TABLE `roles`
  ADD PRIMARY KEY (`id`),
  ADD UNIQUE KEY `roles_name_guard_name_unique` (`name`,`guard_name`);

--
-- Indexes for table `role_has_permissions`
--
ALTER TABLE `role_has_permissions`
  ADD PRIMARY KEY (`permission_id`,`role_id`),
  ADD KEY `role_has_permissions_role_id_foreign` (`role_id`);

--
-- Indexes for table `shifts`
--
ALTER TABLE `shifts`
  ADD PRIMARY KEY (`id`);

--
-- Indexes for table `shift_details`
--
ALTER TABLE `shift_details`
  ADD PRIMARY KEY (`id`),
  ADD KEY `shift_details_shift_id_foreign` (`shift_id`),
  ADD KEY `shift_details_visitor_type_id_foreign` (`visitor_type_id`);

--
-- Indexes for table `sliders`
--
ALTER TABLE `sliders`
  ADD PRIMARY KEY (`id`);

--
-- Indexes for table `tickets`
--
ALTER TABLE `tickets`
  ADD PRIMARY KEY (`id`),
  ADD KEY `tickets_shift_id_foreign` (`shift_id`),
  ADD KEY `tickets_client_id_foreign` (`client_id`);

--
-- Indexes for table `ticket_rev_models`
--
ALTER TABLE `ticket_rev_models`
  ADD PRIMARY KEY (`id`),
  ADD KEY `ticket_rev_models_rev_id_foreign` (`rev_id`),
  ADD KEY `ticket_rev_models_ticket_id_foreign` (`ticket_id`),
  ADD KEY `ticket_rev_models_visitor_type_id_foreign` (`visitor_type_id`),
  ADD KEY `ticket_rev_models_bracelet_id_foreign` (`bracelet_id`);

--
-- Indexes for table `ticket_rev_products`
--
ALTER TABLE `ticket_rev_products`
  ADD PRIMARY KEY (`id`),
  ADD KEY `ticket_rev_products_rev_id_foreign` (`rev_id`),
  ADD KEY `ticket_rev_products_ticket_id_foreign` (`ticket_id`),
  ADD KEY `ticket_rev_products_category_id_foreign` (`category_id`),
  ADD KEY `ticket_rev_products_product_id_foreign` (`product_id`);

--
-- Indexes for table `users`
--
ALTER TABLE `users`
  ADD PRIMARY KEY (`id`),
  ADD UNIQUE KEY `users_user_name_unique` (`user_name`);

--
-- Indexes for table `visitor_types`
--
ALTER TABLE `visitor_types`
  ADD PRIMARY KEY (`id`);

--
-- AUTO_INCREMENT for dumped tables
--

--
-- AUTO_INCREMENT for table `about_us`
--
ALTER TABLE `about_us`
  MODIFY `id` bigint(20) UNSIGNED NOT NULL AUTO_INCREMENT, AUTO_INCREMENT=12;

--
-- AUTO_INCREMENT for table `activities`
--
ALTER TABLE `activities`
  MODIFY `id` bigint(20) UNSIGNED NOT NULL AUTO_INCREMENT, AUTO_INCREMENT=6;

--
-- AUTO_INCREMENT for table `admins`
--
ALTER TABLE `admins`
  MODIFY `id` bigint(20) UNSIGNED NOT NULL AUTO_INCREMENT, AUTO_INCREMENT=16;

--
-- AUTO_INCREMENT for table `bracelets`
--
ALTER TABLE `bracelets`
  MODIFY `id` bigint(20) UNSIGNED NOT NULL AUTO_INCREMENT, AUTO_INCREMENT=12;

--
-- AUTO_INCREMENT for table `capacity_days`
--
ALTER TABLE `capacity_days`
  MODIFY `id` bigint(20) UNSIGNED NOT NULL AUTO_INCREMENT, AUTO_INCREMENT=1768;

--
-- AUTO_INCREMENT for table `categories`
--
ALTER TABLE `categories`
  MODIFY `id` bigint(20) UNSIGNED NOT NULL AUTO_INCREMENT, AUTO_INCREMENT=7;

--
-- AUTO_INCREMENT for table `cities`
--
ALTER TABLE `cities`
  MODIFY `id` bigint(20) UNSIGNED NOT NULL AUTO_INCREMENT, AUTO_INCREMENT=397;

--
-- AUTO_INCREMENT for table `clients`
--
ALTER TABLE `clients`
  MODIFY `id` bigint(20) UNSIGNED NOT NULL AUTO_INCREMENT, AUTO_INCREMENT=59;

--
-- AUTO_INCREMENT for table `contact_us`
--
ALTER TABLE `contact_us`
  MODIFY `id` bigint(20) UNSIGNED NOT NULL AUTO_INCREMENT, AUTO_INCREMENT=20;

--
-- AUTO_INCREMENT for table `discount_reasons`
--
ALTER TABLE `discount_reasons`
  MODIFY `id` bigint(20) UNSIGNED NOT NULL AUTO_INCREMENT, AUTO_INCREMENT=5;

--
-- AUTO_INCREMENT for table `events`
--
ALTER TABLE `events`
  MODIFY `id` bigint(20) UNSIGNED NOT NULL AUTO_INCREMENT, AUTO_INCREMENT=5;

--
-- AUTO_INCREMENT for table `failed_jobs`
--
ALTER TABLE `failed_jobs`
  MODIFY `id` bigint(20) UNSIGNED NOT NULL AUTO_INCREMENT;

--
-- AUTO_INCREMENT for table `general_settings`
--
ALTER TABLE `general_settings`
  MODIFY `id` bigint(20) UNSIGNED NOT NULL AUTO_INCREMENT, AUTO_INCREMENT=2;

--
-- AUTO_INCREMENT for table `governorates`
--
ALTER TABLE `governorates`
  MODIFY `id` bigint(20) UNSIGNED NOT NULL AUTO_INCREMENT, AUTO_INCREMENT=28;

--
-- AUTO_INCREMENT for table `migrations`
--
ALTER TABLE `migrations`
  MODIFY `id` int(10) UNSIGNED NOT NULL AUTO_INCREMENT, AUTO_INCREMENT=36;

--
-- AUTO_INCREMENT for table `offers`
--
ALTER TABLE `offers`
  MODIFY `id` bigint(20) UNSIGNED NOT NULL AUTO_INCREMENT, AUTO_INCREMENT=5;

--
-- AUTO_INCREMENT for table `offer_items`
--
ALTER TABLE `offer_items`
  MODIFY `id` bigint(20) UNSIGNED NOT NULL AUTO_INCREMENT, AUTO_INCREMENT=11;

--
-- AUTO_INCREMENT for table `payments`
--
ALTER TABLE `payments`
  MODIFY `id` bigint(20) UNSIGNED NOT NULL AUTO_INCREMENT;

--
-- AUTO_INCREMENT for table `permissions`
--
ALTER TABLE `permissions`
  MODIFY `id` bigint(20) UNSIGNED NOT NULL AUTO_INCREMENT, AUTO_INCREMENT=11;

--
-- AUTO_INCREMENT for table `products`
--
ALTER TABLE `products`
  MODIFY `id` bigint(20) UNSIGNED NOT NULL AUTO_INCREMENT, AUTO_INCREMENT=10;

--
-- AUTO_INCREMENT for table `references`
--
ALTER TABLE `references`
  MODIFY `id` bigint(20) UNSIGNED NOT NULL AUTO_INCREMENT, AUTO_INCREMENT=7;

--
-- AUTO_INCREMENT for table `reservations`
--
ALTER TABLE `reservations`
  MODIFY `id` bigint(20) UNSIGNED NOT NULL AUTO_INCREMENT, AUTO_INCREMENT=140;

--
-- AUTO_INCREMENT for table `reservations_birth_day_infos`
--
ALTER TABLE `reservations_birth_day_infos`
  MODIFY `id` bigint(20) UNSIGNED NOT NULL AUTO_INCREMENT, AUTO_INCREMENT=4;

--
-- AUTO_INCREMENT for table `roles`
--
ALTER TABLE `roles`
  MODIFY `id` bigint(20) UNSIGNED NOT NULL AUTO_INCREMENT, AUTO_INCREMENT=13;

--
-- AUTO_INCREMENT for table `shifts`
--
ALTER TABLE `shifts`
  MODIFY `id` bigint(20) UNSIGNED NOT NULL AUTO_INCREMENT, AUTO_INCREMENT=41;

--
-- AUTO_INCREMENT for table `shift_details`
--
ALTER TABLE `shift_details`
  MODIFY `id` bigint(20) UNSIGNED NOT NULL AUTO_INCREMENT, AUTO_INCREMENT=47;

--
-- AUTO_INCREMENT for table `sliders`
--
ALTER TABLE `sliders`
  MODIFY `id` bigint(20) UNSIGNED NOT NULL AUTO_INCREMENT, AUTO_INCREMENT=4;

--
-- AUTO_INCREMENT for table `tickets`
--
ALTER TABLE `tickets`
  MODIFY `id` bigint(20) UNSIGNED NOT NULL AUTO_INCREMENT, AUTO_INCREMENT=96;

--
-- AUTO_INCREMENT for table `ticket_rev_models`
--
ALTER TABLE `ticket_rev_models`
  MODIFY `id` bigint(20) UNSIGNED NOT NULL AUTO_INCREMENT, AUTO_INCREMENT=1085;

--
-- AUTO_INCREMENT for table `ticket_rev_products`
--
ALTER TABLE `ticket_rev_products`
  MODIFY `id` bigint(20) UNSIGNED NOT NULL AUTO_INCREMENT, AUTO_INCREMENT=161;

--
-- AUTO_INCREMENT for table `users`
--
ALTER TABLE `users`
  MODIFY `id` bigint(20) UNSIGNED NOT NULL AUTO_INCREMENT, AUTO_INCREMENT=9;

--
-- AUTO_INCREMENT for table `visitor_types`
--
ALTER TABLE `visitor_types`
  MODIFY `id` bigint(20) UNSIGNED NOT NULL AUTO_INCREMENT, AUTO_INCREMENT=6;

--
-- Constraints for dumped tables
--

--
-- Constraints for table `cities`
--
ALTER TABLE `cities`
  ADD CONSTRAINT `cities_gov_id_foreign` FOREIGN KEY (`gov_id`) REFERENCES `governorates` (`id`) ON DELETE CASCADE;

--
-- Constraints for table `clients`
--
ALTER TABLE `clients`
  ADD CONSTRAINT `clients_city_id_foreign` FOREIGN KEY (`city_id`) REFERENCES `cities` (`id`) ON DELETE CASCADE,
  ADD CONSTRAINT `clients_giv_id_foreign` FOREIGN KEY (`gov_id`) REFERENCES `governorates` (`id`) ON DELETE CASCADE,
  ADD CONSTRAINT `clients_ref_id_foreign` FOREIGN KEY (`ref_id`) REFERENCES `references` (`id`) ON DELETE SET NULL;

--
-- Constraints for table `model_has_permissions`
--
ALTER TABLE `model_has_permissions`
  ADD CONSTRAINT `model_has_permissions_permission_id_foreign` FOREIGN KEY (`permission_id`) REFERENCES `permissions` (`id`) ON DELETE CASCADE;

--
-- Constraints for table `model_has_roles`
--
ALTER TABLE `model_has_roles`
  ADD CONSTRAINT `model_has_roles_role_id_foreign` FOREIGN KEY (`role_id`) REFERENCES `roles` (`id`) ON DELETE CASCADE;

--
-- Constraints for table `offer_items`
--
ALTER TABLE `offer_items`
  ADD CONSTRAINT `offer_items_offer_id_foreign` FOREIGN KEY (`offer_id`) REFERENCES `offers` (`id`) ON DELETE CASCADE;

--
-- Constraints for table `payments`
--
ALTER TABLE `payments`
  ADD CONSTRAINT `payments_rev_id_foreign` FOREIGN KEY (`rev_id`) REFERENCES `reservations` (`id`) ON DELETE CASCADE,
  ADD CONSTRAINT `payments_ticket_id_foreign` FOREIGN KEY (`ticket_id`) REFERENCES `tickets` (`id`) ON DELETE CASCADE;

--
-- Constraints for table `products`
--
ALTER TABLE `products`
  ADD CONSTRAINT `products_category_id_foreign` FOREIGN KEY (`category_id`) REFERENCES `categories` (`id`) ON DELETE CASCADE;

--
-- Constraints for table `reservations`
--
ALTER TABLE `reservations`
  ADD CONSTRAINT `reservations_city_id_foreign` FOREIGN KEY (`city_id`) REFERENCES `cities` (`id`) ON DELETE CASCADE,
  ADD CONSTRAINT `reservations_event_id_foreign` FOREIGN KEY (`event_id`) REFERENCES `events` (`id`) ON DELETE CASCADE,
  ADD CONSTRAINT `reservations_giv_id_foreign` FOREIGN KEY (`gov_id`) REFERENCES `governorates` (`id`) ON DELETE CASCADE,
  ADD CONSTRAINT `reservations_shift_id_foreign` FOREIGN KEY (`shift_id`) REFERENCES `shifts` (`id`) ON DELETE CASCADE;

--
-- Constraints for table `reservations_birth_day_infos`
--
ALTER TABLE `reservations_birth_day_infos`
  ADD CONSTRAINT `reservations_birth_day_infos_rev_id_foreign` FOREIGN KEY (`rev_id`) REFERENCES `reservations` (`id`) ON DELETE CASCADE;

--
-- Constraints for table `role_has_permissions`
--
ALTER TABLE `role_has_permissions`
  ADD CONSTRAINT `role_has_permissions_permission_id_foreign` FOREIGN KEY (`permission_id`) REFERENCES `permissions` (`id`) ON DELETE CASCADE,
  ADD CONSTRAINT `role_has_permissions_role_id_foreign` FOREIGN KEY (`role_id`) REFERENCES `roles` (`id`) ON DELETE CASCADE;

--
-- Constraints for table `shift_details`
--
ALTER TABLE `shift_details`
  ADD CONSTRAINT `shift_details_shift_id_foreign` FOREIGN KEY (`shift_id`) REFERENCES `shifts` (`id`) ON DELETE CASCADE,
  ADD CONSTRAINT `shift_details_visitor_type_id_foreign` FOREIGN KEY (`visitor_type_id`) REFERENCES `visitor_types` (`id`) ON DELETE CASCADE;

--
-- Constraints for table `tickets`
--
ALTER TABLE `tickets`
  ADD CONSTRAINT `tickets_client_id_foreign` FOREIGN KEY (`client_id`) REFERENCES `clients` (`id`) ON DELETE CASCADE,
  ADD CONSTRAINT `tickets_shift_id_foreign` FOREIGN KEY (`shift_id`) REFERENCES `shifts` (`id`) ON DELETE CASCADE;

--
-- Constraints for table `ticket_rev_models`
--
ALTER TABLE `ticket_rev_models`
  ADD CONSTRAINT `ticket_rev_models_bracelet_id_foreign` FOREIGN KEY (`bracelet_id`) REFERENCES `bracelets` (`id`) ON DELETE CASCADE,
  ADD CONSTRAINT `ticket_rev_models_rev_id_foreign` FOREIGN KEY (`rev_id`) REFERENCES `reservations` (`id`) ON DELETE CASCADE,
  ADD CONSTRAINT `ticket_rev_models_ticket_id_foreign` FOREIGN KEY (`ticket_id`) REFERENCES `tickets` (`id`) ON DELETE CASCADE,
  ADD CONSTRAINT `ticket_rev_models_visitor_type_id_foreign` FOREIGN KEY (`visitor_type_id`) REFERENCES `visitor_types` (`id`) ON DELETE CASCADE;

--
-- Constraints for table `ticket_rev_products`
--
ALTER TABLE `ticket_rev_products`
  ADD CONSTRAINT `ticket_rev_products_category_id_foreign` FOREIGN KEY (`category_id`) REFERENCES `categories` (`id`) ON DELETE CASCADE,
  ADD CONSTRAINT `ticket_rev_products_product_id_foreign` FOREIGN KEY (`product_id`) REFERENCES `products` (`id`) ON DELETE CASCADE,
  ADD CONSTRAINT `ticket_rev_products_rev_id_foreign` FOREIGN KEY (`rev_id`) REFERENCES `reservations` (`id`) ON DELETE CASCADE,
  ADD CONSTRAINT `ticket_rev_products_ticket_id_foreign` FOREIGN KEY (`ticket_id`) REFERENCES `tickets` (`id`) ON DELETE CASCADE;
COMMIT;

/*!40101 SET CHARACTER_SET_CLIENT=@OLD_CHARACTER_SET_CLIENT */;
/*!40101 SET CHARACTER_SET_RESULTS=@OLD_CHARACTER_SET_RESULTS */;
/*!40101 SET COLLATION_CONNECTION=@OLD_COLLATION_CONNECTION */;
